"PROFILE_ID","COMPANY_ID","COUNTRY_RISK_SCORE","INDUSTRY_RISK_SCORE","OWNERSHIP_RISK_SCORE","TRANSACTION_RISK_SCORE","BEHAVIORAL_RISK_SCORE","COMPOSITE_RISK_SCORE","RISK_TIER","ML_RISK_SCORE","ML_CONFIDENCE","ML_MODEL_VERSION","ML_SCORED_AT","LAST_REVIEW_DATE","NEXT_REVIEW_DATE","REVIEW_FREQUENCY_DAYS","REQUIRES_EDD","CREATED_AT","UPDATED_AT"
15009,9,89.00,64.00,4.00,89.00,64.00,74.00,HIGH,,,,,2026-06-24,2026-12-24,365,false,2025-04-07 12:44:08.000,2026-06-24 16:17:32.000
15018,18,63.00,73.00,4.00,63.00,73.00,83.00,HIGH,,,,,2026-01-24,2026-12-24,365,false,2009-11-08 16:06:01.000,2026-06-24 16:17:32.000
15069,69,79.00,84.00,4.00,79.00,84.00,74.00,HIGH,,,,,2026-05-24,2027-05-24,365,false,2020-02-09 22:46:06.000,2026-06-24 16:17:32.000
15188,188,93.00,83.00,5.00,93.00,83.00,73.00,HIGH,,,,,2026-01-24,2027-04-24,365,false,2024-04-21 13:06:15.000,2026-06-24 16:17:32.000
15268,268,68.00,83.00,2.00,68.00,83.00,93.00,HIGH,,,,,2026-02-24,2027-01-24,365,false,2014-01-26 15:12:15.000,2026-06-24 16:17:32.000
15329,329,94.00,64.00,3.00,94.00,64.00,94.00,HIGH,,,,,2026-05-24,2026-12-24,365,false,2019-12-06 16:10:05.000,2026-06-24 16:17:32.000
15458,458,83.00,73.00,5.00,83.00,73.00,73.00,HIGH,,,,,2026-02-24,2026-12-24,365,false,1997-06-20 02:10:05.000,2026-06-24 16:17:32.000
15469,469,94.00,84.00,4.00,94.00,84.00,84.00,HIGH,,,,,2026-05-24,2026-12-24,365,false,2025-01-09 08:55:49.000,2026-06-24 16:17:32.000
15619,619,69.00,74.00,4.00,69.00,74.00,84.00,HIGH,,,,,2026-06-24,2027-03-24,365,false,2020-08-06 16:32:14.000,2026-06-24 16:17:32.000
15649,649,64.00,64.00,3.00,64.00,64.00,84.00,HIGH,,,,,2026-02-24,2026-12-24,365,false,2022-06-04 08:42:07.000,2026-06-24 16:17:32.000
15698,698,78.00,73.00,5.00,78.00,73.00,73.00,HIGH,,,,,2026-05-24,2027-02-24,365,false,2004-12-23 16:31:26.000,2026-06-24 16:17:32.000
15758,758,68.00,93.00,5.00,68.00,93.00,73.00,HIGH,,,,,2026-02-24,2027-03-24,365,false,2021-03-13 00:39:52.000,2026-06-24 16:17:32.000
15768,768,78.00,63.00,5.00,78.00,63.00,83.00,HIGH,,,,,2026-02-24,2026-12-24,365,false,2019-05-28 13:16:45.000,2026-06-24 16:17:32.000
15769,769,79.00,64.00,3.00,79.00,64.00,84.00,HIGH,,,,,2026-06-24,2027-03-24,365,false,2012-05-16 21:58:03.000,2026-06-24 16:17:32.000
15798,798,73.00,93.00,2.00,73.00,93.00,83.00,HIGH,,,,,2026-01-24,2027-04-24,365,false,2022-10-17 03:33:52.000,2026-06-24 16:17:32.000
15808,808,83.00,63.00,5.00,83.00,63.00,93.00,HIGH,,,,,2026-06-24,2027-04-24,365,false,2021-04-23 13:09:18.000,2026-06-24 16:17:32.000
15819,819,94.00,74.00,2.00,94.00,74.00,74.00,HIGH,,,,,2026-04-24,2026-12-24,365,false,2020-09-06 01:01:18.000,2026-06-24 16:17:32.000
15838,838,78.00,93.00,2.00,78.00,93.00,93.00,HIGH,,,,,2026-03-24,2027-01-24,365,false,2022-07-31 05:07:34.000,2026-06-24 16:17:32.000
15868,868,73.00,83.00,2.00,73.00,83.00,93.00,HIGH,,,,,2026-06-24,2027-03-24,365,false,2017-06-05 12:01:35.000,2026-06-24 16:17:32.000
16068,1068,63.00,83.00,4.00,63.00,83.00,83.00,HIGH,,,,,2026-03-24,2027-01-24,365,false,2012-06-29 14:46:46.000,2026-06-24 16:17:32.000
16078,1078,73.00,93.00,3.00,73.00,93.00,93.00,HIGH,,,,,2026-02-24,2026-12-24,365,false,2012-11-23 23:29:40.000,2026-06-24 16:17:32.000
16139,1139,64.00,74.00,5.00,64.00,74.00,94.00,HIGH,,,,,2026-06-24,2026-12-24,365,false,2006-09-28 04:03:29.000,2026-06-24 16:17:32.000
16178,1178,68.00,73.00,5.00,68.00,73.00,73.00,HIGH,,,,,2026-05-24,2026-12-24,365,false,2022-05-01 14:26:14.000,2026-06-24 16:17:32.000
16298,1298,83.00,73.00,2.00,83.00,73.00,73.00,HIGH,,,,,2026-04-24,2027-04-24,365,false,2017-04-23 07:32:30.000,2026-06-24 16:17:32.000
16369,1369,84.00,64.00,5.00,84.00,64.00,84.00,HIGH,,,,,2026-03-24,2026-12-24,365,false,2017-03-14 07:32:06.000,2026-06-24 16:17:32.000
16428,1428,73.00,83.00,4.00,73.00,83.00,83.00,HIGH,,,,,2026-05-24,2027-02-24,365,false,2024-06-17 06:14:18.000,2026-06-24 16:17:32.000
16469,1469,79.00,84.00,2.00,79.00,84.00,94.00,HIGH,,,,,2026-06-24,2027-05-24,365,false,2012-03-07 07:08:33.000,2026-06-24 16:17:32.000
16478,1478,88.00,93.00,5.00,88.00,93.00,73.00,HIGH,,,,,2026-06-24,2027-05-24,365,false,2024-01-20 08:41:32.000,2026-06-24 16:17:32.000
16519,1519,94.00,94.00,3.00,94.00,94.00,84.00,HIGH,,,,,2026-06-24,2027-01-24,365,false,2019-08-17 05:22:39.000,2026-06-24 16:17:32.000
16569,1569,74.00,64.00,2.00,74.00,64.00,74.00,HIGH,,,,,2026-02-24,2027-01-24,365,false,2024-05-20 12:30:41.000,2026-06-24 16:17:32.000
16678,1678,78.00,93.00,5.00,78.00,93.00,93.00,HIGH,,,,,2026-01-24,2027-02-24,365,false,2025-10-19 15:51:27.000,2026-06-24 16:17:32.000
16709,1709,74.00,84.00,5.00,74.00,84.00,94.00,HIGH,,,,,2026-05-24,2026-12-24,365,false,2023-07-28 00:48:02.000,2026-06-24 16:17:32.000
16759,1759,89.00,94.00,5.00,89.00,94.00,84.00,HIGH,,,,,2026-02-24,2027-04-24,365,false,2012-09-03 04:29:36.000,2026-06-24 16:17:32.000
16769,1769,64.00,64.00,3.00,64.00,64.00,94.00,HIGH,,,,,2026-06-24,2027-01-24,365,false,2021-08-24 12:18:14.000,2026-06-24 16:17:32.000
16799,1799,94.00,94.00,3.00,94.00,94.00,94.00,HIGH,,,,,2026-05-24,2026-12-24,365,false,2025-01-17 22:53:32.000,2026-06-24 16:17:32.000
16848,1848,73.00,63.00,4.00,73.00,63.00,83.00,HIGH,,,,,2026-04-24,2026-12-24,365,false,2007-11-01 15:55:08.000,2026-06-24 16:17:32.000
16909,1909,64.00,84.00,2.00,64.00,84.00,84.00,HIGH,,,,,2026-04-24,2027-03-24,365,false,2014-01-11 16:17:46.000,2026-06-24 16:17:32.000
16938,1938,93.00,73.00,5.00,93.00,73.00,83.00,HIGH,,,,,2026-04-24,2027-02-24,365,false,2014-04-23 08:27:55.000,2026-06-24 16:17:32.000
17049,2049,64.00,64.00,5.00,64.00,64.00,74.00,HIGH,,,,,2026-01-24,2027-03-24,365,false,2026-04-02 15:14:52.000,2026-06-24 16:17:32.000
17099,2099,79.00,74.00,3.00,79.00,74.00,94.00,HIGH,,,,,2026-02-24,2027-04-24,365,false,2009-02-08 09:22:43.000,2026-06-24 16:17:32.000
17109,2109,89.00,84.00,5.00,89.00,84.00,74.00,HIGH,,,,,2026-02-24,2027-03-24,365,false,2026-01-23 16:17:29.000,2026-06-24 16:17:32.000
17169,2169,79.00,64.00,5.00,79.00,64.00,74.00,HIGH,,,,,2026-06-24,2027-05-24,365,false,2012-02-27 18:30:13.000,2026-06-24 16:17:32.000
17209,2209,84.00,64.00,2.00,84.00,64.00,84.00,HIGH,,,,,2026-06-24,2027-04-24,365,false,2026-05-01 22:36:02.000,2026-06-24 16:17:32.000
17219,2219,94.00,74.00,2.00,94.00,74.00,94.00,HIGH,,,,,2026-03-24,2026-12-24,365,false,2019-12-11 01:04:23.000,2026-06-24 16:17:32.000
17269,2269,74.00,84.00,5.00,74.00,84.00,84.00,HIGH,,,,,2026-03-24,2027-04-24,365,false,2002-09-30 16:29:17.000,2026-06-24 16:17:32.000
17288,2288,93.00,63.00,5.00,93.00,63.00,73.00,HIGH,,,,,2026-02-24,2026-12-24,365,false,2020-04-17 23:07:43.000,2026-06-24 16:17:32.000
17298,2298,68.00,73.00,4.00,68.00,73.00,83.00,HIGH,,,,,2026-05-24,2026-12-24,365,false,2003-04-16 10:05:50.000,2026-06-24 16:17:32.000
17308,2308,78.00,83.00,4.00,78.00,83.00,93.00,HIGH,,,,,2026-05-24,2027-01-24,365,false,2025-03-03 19:07:02.000,2026-06-24 16:17:32.000
17309,2309,79.00,84.00,3.00,79.00,84.00,94.00,HIGH,,,,,2026-03-24,2027-05-24,365,false,2011-04-11 17:19:27.000,2026-06-24 16:17:32.000
17558,2558,83.00,93.00,4.00,83.00,93.00,73.00,HIGH,,,,,2026-06-24,2026-12-24,365,false,2022-08-11 08:06:30.000,2026-06-24 16:17:32.000
17559,2559,84.00,94.00,4.00,84.00,94.00,74.00,HIGH,,,,,2026-04-24,2027-05-24,365,false,2009-02-13 16:28:35.000,2026-06-24 16:17:32.000
17758,2758,73.00,93.00,3.00,73.00,93.00,93.00,HIGH,,,,,2026-05-24,2026-12-24,365,false,2024-09-21 21:39:59.000,2026-06-24 16:17:32.000
17778,2778,93.00,73.00,2.00,93.00,73.00,83.00,HIGH,,,,,2026-04-24,2027-02-24,365,false,2022-06-24 22:46:19.000,2026-06-24 16:17:32.000
17779,2779,94.00,74.00,4.00,94.00,74.00,84.00,HIGH,,,,,2026-06-24,2027-02-24,365,false,2016-11-01 20:13:05.000,2026-06-24 16:17:32.000
17908,2908,83.00,83.00,5.00,83.00,83.00,93.00,HIGH,,,,,2026-01-24,2027-01-24,365,false,2013-05-07 07:21:09.000,2026-06-24 16:17:32.000
17909,2909,84.00,84.00,5.00,84.00,84.00,94.00,HIGH,,,,,2026-01-24,2027-05-24,365,false,2015-03-21 04:57:28.000,2026-06-24 16:17:32.000
17919,2919,94.00,94.00,5.00,94.00,94.00,74.00,HIGH,,,,,2026-02-24,2027-04-24,365,false,2010-06-06 17:45:58.000,2026-06-24 16:17:32.000
17998,2998,68.00,93.00,5.00,68.00,93.00,93.00,HIGH,,,,,2026-01-24,2026-12-24,365,false,2021-06-26 20:49:58.000,2026-06-24 16:17:32.000
18078,3078,78.00,93.00,4.00,78.00,93.00,83.00,HIGH,,,,,2026-06-24,2027-05-24,365,false,2011-02-16 00:52:43.000,2026-06-24 16:17:32.000
18139,3139,69.00,74.00,2.00,69.00,74.00,84.00,HIGH,,,,,2026-03-24,2027-05-24,365,false,2009-02-26 03:14:02.000,2026-06-24 16:17:32.000
18188,3188,83.00,83.00,4.00,83.00,83.00,73.00,HIGH,,,,,2026-05-24,2026-12-24,365,false,2018-04-15 14:37:05.000,2026-06-24 16:17:32.000
18198,3198,93.00,93.00,4.00,93.00,93.00,83.00,HIGH,,,,,2026-04-24,2027-02-24,365,false,2025-05-27 18:38:42.000,2026-06-24 16:17:32.000
18228,3228,88.00,83.00,5.00,88.00,83.00,83.00,HIGH,,,,,2026-04-24,2027-05-24,365,false,2001-08-14 22:46:33.000,2026-06-24 16:17:32.000
18288,3288,78.00,63.00,4.00,78.00,63.00,83.00,HIGH,,,,,2026-03-24,2027-05-24,365,false,2022-11-06 06:28:30.000,2026-06-24 16:17:32.000
18328,3328,83.00,63.00,3.00,83.00,63.00,93.00,HIGH,,,,,2026-06-24,2026-12-24,365,false,2012-01-25 16:45:19.000,2026-06-24 16:17:32.000
18378,3378,63.00,73.00,4.00,63.00,73.00,83.00,HIGH,,,,,2026-02-24,2027-01-24,365,false,2020-04-24 12:32:19.000,2026-06-24 16:17:32.000
18488,3488,68.00,63.00,5.00,68.00,63.00,73.00,HIGH,,,,,2026-02-24,2027-05-24,365,false,1997-06-06 00:46:55.000,2026-06-24 16:17:32.000
18489,3489,69.00,64.00,3.00,69.00,64.00,74.00,HIGH,,,,,2026-03-24,2027-02-24,365,false,2025-08-23 23:44:34.000,2026-06-24 16:17:32.000
18509,3509,89.00,84.00,5.00,89.00,84.00,94.00,HIGH,,,,,2026-02-24,2027-01-24,365,false,2025-12-26 22:35:03.000,2026-06-24 16:17:32.000
18559,3559,69.00,94.00,4.00,69.00,94.00,84.00,HIGH,,,,,2026-01-24,2026-12-24,365,false,2017-07-21 08:07:37.000,2026-06-24 16:17:32.000
18569,3569,79.00,64.00,5.00,79.00,64.00,94.00,HIGH,,,,,2026-03-24,2027-02-24,365,false,2022-08-10 02:00:19.000,2026-06-24 16:17:32.000
18588,3588,63.00,83.00,2.00,63.00,83.00,83.00,HIGH,,,,,2026-01-24,2027-01-24,365,false,2022-03-29 19:47:21.000,2026-06-24 16:17:32.000
18609,3609,84.00,64.00,2.00,84.00,64.00,74.00,HIGH,,,,,2026-01-24,2027-04-24,365,false,2006-08-22 20:44:24.000,2026-06-24 16:17:32.000
18689,3689,94.00,64.00,2.00,94.00,64.00,94.00,HIGH,,,,,2026-04-24,2027-04-24,365,false,2014-04-17 16:14:58.000,2026-06-24 16:17:32.000
18898,3898,93.00,73.00,3.00,93.00,73.00,93.00,HIGH,,,,,2026-02-24,2027-01-24,365,false,2011-04-19 02:03:54.000,2026-06-24 16:17:32.000
18919,3919,79.00,94.00,2.00,79.00,94.00,84.00,HIGH,,,,,2026-02-24,2027-03-24,365,false,2011-02-04 23:10:33.000,2026-06-24 16:17:32.000
18938,3938,63.00,73.00,5.00,63.00,73.00,73.00,HIGH,,,,,2026-01-24,2027-04-24,365,false,1999-06-19 08:17:12.000,2026-06-24 16:17:32.000
19008,4008,63.00,63.00,3.00,63.00,63.00,83.00,HIGH,,,,,2026-04-24,2027-03-24,365,false,2025-02-21 22:31:31.000,2026-06-24 16:17:32.000
19009,4009,64.00,64.00,5.00,64.00,64.00,84.00,HIGH,,,,,2026-05-24,2027-02-24,365,false,2012-03-28 10:33:06.000,2026-06-24 16:17:32.000
19069,4069,89.00,84.00,4.00,89.00,84.00,84.00,HIGH,,,,,2026-03-24,2026-12-24,365,false,2010-12-18 01:28:43.000,2026-06-24 16:17:32.000
19099,4099,84.00,74.00,5.00,84.00,74.00,84.00,HIGH,,,,,2026-01-24,2026-12-24,365,false,2023-11-04 06:53:54.000,2026-06-24 16:17:32.000
19158,4158,73.00,93.00,2.00,73.00,93.00,83.00,HIGH,,,,,2026-04-24,2027-03-24,365,false,2013-08-26 14:47:55.000,2026-06-24 16:17:32.000
19169,4169,84.00,64.00,4.00,84.00,64.00,94.00,HIGH,,,,,2026-03-24,2027-03-24,365,false,2023-09-19 13:36:56.000,2026-06-24 16:17:32.000
19268,4268,78.00,83.00,3.00,78.00,83.00,73.00,HIGH,,,,,2026-01-24,2027-03-24,365,false,2024-05-18 09:46:59.000,2026-06-24 16:17:32.000
19309,4309,84.00,84.00,4.00,84.00,84.00,84.00,HIGH,,,,,2026-05-24,2027-02-24,365,false,2001-07-22 17:37:52.000,2026-06-24 16:17:32.000
19379,4379,84.00,74.00,4.00,84.00,74.00,94.00,HIGH,,,,,2026-02-24,2027-05-24,365,false,2019-09-21 10:28:09.000,2026-06-24 16:17:32.000
19388,4388,93.00,83.00,3.00,93.00,83.00,73.00,HIGH,,,,,2026-06-24,2027-03-24,365,false,2011-12-09 08:33:11.000,2026-06-24 16:17:32.000
19459,4459,94.00,74.00,3.00,94.00,74.00,84.00,HIGH,,,,,2026-06-24,2026-12-24,365,false,2019-03-20 14:53:15.000,2026-06-24 16:17:32.000
19569,4569,64.00,64.00,5.00,64.00,64.00,74.00,HIGH,,,,,2026-01-24,2026-12-24,365,false,2007-05-12 20:15:46.000,2026-06-24 16:17:32.000
19649,4649,74.00,64.00,3.00,74.00,64.00,94.00,HIGH,,,,,2026-02-24,2027-05-24,365,false,2015-03-08 12:06:49.000,2026-06-24 16:17:32.000
19748,4748,68.00,83.00,3.00,68.00,83.00,73.00,HIGH,,,,,2026-01-24,2027-03-24,365,false,2025-03-12 11:37:01.000,2026-06-24 16:17:32.000
19778,4778,63.00,73.00,4.00,63.00,73.00,73.00,HIGH,,,,,2026-04-24,2027-05-24,365,false,1997-03-04 22:04:54.000,2026-06-24 16:17:32.000
19809,4809,94.00,64.00,5.00,94.00,64.00,74.00,HIGH,,,,,2026-02-24,2027-05-24,365,false,2022-09-19 02:22:21.000,2026-06-24 16:17:32.000
19818,4818,68.00,73.00,2.00,68.00,73.00,83.00,HIGH,,,,,2026-01-24,2027-05-24,365,false,2025-07-07 15:29:19.000,2026-06-24 16:17:32.000
19848,4848,63.00,63.00,2.00,63.00,63.00,83.00,HIGH,,,,,2026-04-24,2027-02-24,365,false,2024-11-21 07:53:59.000,2026-06-24 16:17:32.000
19868,4868,83.00,83.00,5.00,83.00,83.00,73.00,HIGH,,,,,2026-04-24,2027-04-24,365,false,2021-04-10 02:12:04.000,2026-06-24 16:17:32.000
19958,4958,68.00,93.00,2.00,68.00,93.00,73.00,HIGH,,,,,2026-01-24,2027-04-24,365,false,2024-12-05 13:44:56.000,2026-06-24 16:17:32.000
15003,3,53.00,28.00,5.00,53.00,28.00,38.00,MEDIUM,,,,,2026-06-24,2027-01-24,365,false,2018-04-23 04:22:27.000,2026-06-24 16:17:32.000
15006,6,56.00,31.00,2.00,56.00,31.00,41.00,MEDIUM,,,,,2026-04-24,2027-03-24,365,false,2009-02-15 16:23:26.000,2026-06-24 16:17:32.000
15033,33,48.00,58.00,5.00,48.00,58.00,38.00,MEDIUM,,,,,2026-06-24,2027-04-24,365,false,2024-02-14 19:06:15.000,2026-06-24 16:17:32.000
15067,67,47.00,52.00,5.00,47.00,52.00,42.00,MEDIUM,,,,,2026-03-24,2027-04-24,365,false,2019-04-30 02:03:41.000,2026-06-24 16:17:32.000
15087,87,32.00,32.00,2.00,32.00,32.00,62.00,MEDIUM,,,,,2026-02-24,2027-03-24,365,false,2023-12-17 08:54:04.000,2026-06-24 16:17:32.000
15099,99,44.00,44.00,3.00,44.00,44.00,44.00,MEDIUM,,,,,2026-04-24,2027-01-24,365,false,1995-07-04 06:20:38.000,2026-06-24 16:17:32.000
15102,102,47.00,47.00,3.00,47.00,47.00,47.00,MEDIUM,,,,,2026-02-24,2027-05-24,365,false,2022-11-05 22:36:22.000,2026-06-24 16:17:32.000
15110,110,55.00,55.00,3.00,55.00,55.00,55.00,MEDIUM,,,,,2026-02-24,2026-12-24,365,false,2019-06-06 16:25:05.000,2026-06-24 16:17:32.000
15130,130,40.00,35.00,2.00,40.00,35.00,45.00,MEDIUM,,,,,2026-01-24,2027-05-24,365,false,2026-06-01 22:17:58.000,2026-06-24 16:17:32.000
15134,134,44.00,39.00,2.00,44.00,39.00,49.00,MEDIUM,,,,,2026-01-24,2027-01-24,365,false,2008-11-01 10:23:11.000,2026-06-24 16:17:32.000
15153,153,63.00,58.00,4.00,63.00,58.00,38.00,MEDIUM,,,,,2026-01-24,2027-05-24,365,false,2021-07-29 15:04:07.000,2026-06-24 16:17:32.000
15157,157,32.00,62.00,5.00,32.00,62.00,42.00,MEDIUM,,,,,2026-01-24,2027-02-24,365,false,2019-11-29 13:44:59.000,2026-06-24 16:17:32.000
15162,162,37.00,27.00,5.00,37.00,27.00,47.00,MEDIUM,,,,,2026-03-24,2026-12-24,365,false,2010-09-05 18:58:30.000,2026-06-24 16:17:32.000
15175,175,50.00,40.00,3.00,50.00,40.00,60.00,MEDIUM,,,,,2026-01-24,2027-02-24,365,false,2010-07-11 20:56:53.000,2026-06-24 16:17:32.000
15181,181,56.00,46.00,3.00,56.00,46.00,36.00,MEDIUM,,,,,2026-01-24,2027-03-24,365,false,2000-01-23 12:45:46.000,2026-06-24 16:17:32.000
15182,182,57.00,47.00,5.00,57.00,47.00,37.00,MEDIUM,,,,,2026-06-24,2026-12-24,365,false,2018-12-11 22:51:55.000,2026-06-24 16:17:32.000
15187,187,62.00,52.00,4.00,62.00,52.00,42.00,MEDIUM,,,,,2026-03-24,2027-01-24,365,false,2024-10-07 10:10:45.000,2026-06-24 16:17:32.000
15198,198,38.00,63.00,2.00,38.00,63.00,53.00,MEDIUM,,,,,2026-06-24,2027-02-24,365,false,2022-01-19 02:02:44.000,2026-06-24 16:17:32.000
15205,205,45.00,30.00,3.00,45.00,30.00,60.00,MEDIUM,,,,,2026-05-24,2027-04-24,365,false,2022-01-04 02:04:43.000,2026-06-24 16:17:32.000
15213,213,53.00,38.00,5.00,53.00,38.00,38.00,MEDIUM,,,,,2026-06-24,2026-12-24,365,false,2019-01-31 19:32:37.000,2026-06-24 16:17:32.000
15217,217,57.00,42.00,3.00,57.00,42.00,42.00,MEDIUM,,,,,2026-06-24,2027-04-24,365,false,2022-11-23 23:56:51.000,2026-06-24 16:17:32.000
15221,221,61.00,46.00,4.00,61.00,46.00,46.00,MEDIUM,,,,,2026-04-24,2027-03-24,365,false,2024-04-18 09:20:45.000,2026-06-24 16:17:32.000
15223,223,63.00,48.00,3.00,63.00,48.00,48.00,MEDIUM,,,,,2026-06-24,2027-04-24,365,false,2018-01-24 13:51:02.000,2026-06-24 16:17:32.000
15261,261,31.00,46.00,5.00,31.00,46.00,56.00,MEDIUM,,,,,2026-06-24,2027-03-24,365,false,2000-12-19 08:35:09.000,2026-06-24 16:17:32.000
15274,274,44.00,59.00,4.00,44.00,59.00,39.00,MEDIUM,,,,,2026-06-24,2027-04-24,365,false,2008-06-11 07:08:14.000,2026-06-24 16:17:32.000
15277,277,47.00,62.00,3.00,47.00,62.00,42.00,MEDIUM,,,,,2026-01-24,2027-05-24,365,false,2021-01-16 16:44:28.000,2026-06-24 16:17:32.000
15278,278,48.00,63.00,3.00,48.00,63.00,43.00,MEDIUM,,,,,2026-02-24,2026-12-24,365,false,2024-10-15 20:54:45.000,2026-06-24 16:17:32.000
15281,281,51.00,26.00,2.00,51.00,26.00,46.00,MEDIUM,,,,,2026-02-24,2027-03-24,365,false,2008-04-18 22:44:13.000,2026-06-24 16:17:32.000
15293,293,63.00,38.00,5.00,63.00,38.00,58.00,MEDIUM,,,,,2026-03-24,2027-05-24,365,false,2025-06-27 05:55:15.000,2026-06-24 16:17:32.000
15301,301,36.00,46.00,5.00,36.00,46.00,36.00,MEDIUM,,,,,2026-01-24,2027-04-24,365,false,2011-08-13 15:04:12.000,2026-06-24 16:17:32.000
15305,305,40.00,50.00,3.00,40.00,50.00,40.00,MEDIUM,,,,,2026-04-24,2027-02-24,365,false,2008-06-04 08:49:03.000,2026-06-24 16:17:32.000
15309,309,44.00,54.00,5.00,44.00,54.00,44.00,MEDIUM,,,,,2026-01-24,2027-02-24,365,false,2016-01-01 04:55:26.000,2026-06-24 16:17:32.000
15319,319,54.00,64.00,4.00,54.00,64.00,54.00,MEDIUM,,,,,2026-03-24,2026-12-24,365,false,2024-05-27 11:33:20.000,2026-06-24 16:17:32.000
15346,346,46.00,51.00,2.00,46.00,51.00,51.00,MEDIUM,,,,,2026-02-24,2027-01-24,365,false,2017-04-14 17:48:41.000,2026-06-24 16:17:32.000
15349,349,49.00,54.00,3.00,49.00,54.00,54.00,MEDIUM,,,,,2026-05-24,2027-04-24,365,false,2010-07-11 03:15:51.000,2026-06-24 16:17:32.000
15353,353,53.00,58.00,4.00,53.00,58.00,58.00,MEDIUM,,,,,2026-04-24,2027-03-24,365,false,1999-07-01 05:06:10.000,2026-06-24 16:17:32.000
15371,371,36.00,36.00,4.00,36.00,36.00,46.00,MEDIUM,,,,,2026-05-24,2027-04-24,365,false,2014-12-15 09:19:19.000,2026-06-24 16:17:32.000
15375,375,40.00,40.00,3.00,40.00,40.00,50.00,MEDIUM,,,,,2026-04-24,2027-04-24,365,false,2022-09-27 14:06:48.000,2026-06-24 16:17:32.000
15381,381,46.00,46.00,3.00,46.00,46.00,56.00,MEDIUM,,,,,2026-03-24,2027-05-24,365,false,2014-12-26 16:17:44.000,2026-06-24 16:17:32.000
15383,383,48.00,48.00,3.00,48.00,48.00,58.00,MEDIUM,,,,,2026-02-24,2027-04-24,365,false,2024-09-12 10:37:24.000,2026-06-24 16:17:32.000
15389,389,54.00,54.00,2.00,54.00,54.00,64.00,MEDIUM,,,,,2026-02-24,2027-04-24,365,false,2015-02-03 10:13:19.000,2026-06-24 16:17:32.000
15391,391,56.00,56.00,3.00,56.00,56.00,36.00,MEDIUM,,,,,2026-05-24,2027-01-24,365,false,2022-01-14 00:37:15.000,2026-06-24 16:17:32.000
15409,409,39.00,34.00,3.00,39.00,34.00,54.00,MEDIUM,,,,,2026-03-24,2027-04-24,365,false,2025-02-25 11:57:17.000,2026-06-24 16:17:32.000
15414,414,44.00,39.00,5.00,44.00,39.00,59.00,MEDIUM,,,,,2026-02-24,2027-05-24,365,false,2021-05-11 14:01:47.000,2026-06-24 16:17:32.000
15434,434,64.00,59.00,5.00,64.00,59.00,49.00,MEDIUM,,,,,2026-04-24,2027-03-24,365,false,2012-03-26 13:04:37.000,2026-06-24 16:17:32.000
15462,462,57.00,47.00,2.00,57.00,47.00,47.00,MEDIUM,,,,,2026-05-24,2026-12-24,365,false,2015-12-02 01:01:51.000,2026-06-24 16:17:32.000
15466,466,61.00,51.00,5.00,61.00,51.00,51.00,MEDIUM,,,,,2026-01-24,2027-02-24,365,false,2012-05-31 20:34:53.000,2026-06-24 16:17:32.000
15467,467,62.00,52.00,5.00,62.00,52.00,52.00,MEDIUM,,,,,2026-04-24,2027-01-24,365,false,2021-04-21 09:51:38.000,2026-06-24 16:17:32.000
15474,474,34.00,59.00,5.00,34.00,59.00,59.00,MEDIUM,,,,,2026-02-24,2027-03-24,365,false,2024-05-17 14:39:28.000,2026-06-24 16:17:32.000
15475,475,35.00,60.00,4.00,35.00,60.00,60.00,MEDIUM,,,,,2026-04-24,2027-02-24,365,false,2016-12-13 08:37:47.000,2026-06-24 16:17:32.000
15477,477,37.00,62.00,5.00,37.00,62.00,62.00,MEDIUM,,,,,2026-05-24,2027-03-24,365,false,2019-01-19 05:56:31.000,2026-06-24 16:17:32.000
15483,483,43.00,28.00,2.00,43.00,28.00,38.00,MEDIUM,,,,,2026-05-24,2026-12-24,365,false,2012-05-12 03:16:52.000,2026-06-24 16:17:32.000
15485,485,45.00,30.00,3.00,45.00,30.00,40.00,MEDIUM,,,,,2026-05-24,2026-12-24,365,false,2018-01-08 04:16:52.000,2026-06-24 16:17:32.000
15486,486,46.00,31.00,4.00,46.00,31.00,41.00,MEDIUM,,,,,2026-05-24,2027-01-24,365,false,2023-09-09 10:27:41.000,2026-06-24 16:17:32.000
15497,497,57.00,42.00,4.00,57.00,42.00,52.00,MEDIUM,,,,,2026-05-24,2027-04-24,365,false,2010-09-06 18:35:59.000,2026-06-24 16:17:32.000
15501,501,61.00,46.00,3.00,61.00,46.00,56.00,MEDIUM,,,,,2026-05-24,2027-02-24,365,false,2022-05-12 07:18:42.000,2026-06-24 16:17:32.000
15509,509,34.00,54.00,2.00,34.00,54.00,64.00,MEDIUM,,,,,2026-03-24,2026-12-24,365,false,2000-01-13 14:41:37.000,2026-06-24 16:17:32.000
15518,518,43.00,63.00,5.00,43.00,63.00,43.00,MEDIUM,,,,,2026-01-24,2027-02-24,365,false,2021-04-11 06:45:29.000,2026-06-24 16:17:32.000
15522,522,47.00,27.00,3.00,47.00,27.00,47.00,MEDIUM,,,,,2026-04-24,2027-04-24,365,false,2012-11-25 00:27:40.000,2026-06-24 16:17:32.000
15525,525,50.00,30.00,2.00,50.00,30.00,50.00,MEDIUM,,,,,2026-04-24,2027-03-24,365,false,2001-02-19 07:42:28.000,2026-06-24 16:17:32.000
15531,531,56.00,36.00,2.00,56.00,36.00,56.00,MEDIUM,,,,,2026-04-24,2027-03-24,365,false,2023-10-22 02:13:16.000,2026-06-24 16:17:32.000
15533,533,58.00,38.00,5.00,58.00,38.00,58.00,MEDIUM,,,,,2026-01-24,2027-04-24,365,false,2022-08-14 14:57:58.000,2026-06-24 16:17:32.000
15537,537,62.00,42.00,3.00,62.00,42.00,62.00,MEDIUM,,,,,2026-06-24,2027-05-24,365,false,2026-06-05 16:45:43.000,2026-06-24 16:17:32.000
15538,538,63.00,43.00,3.00,63.00,43.00,63.00,MEDIUM,,,,,2026-02-24,2026-12-24,365,false,2021-08-30 22:47:18.000,2026-06-24 16:17:32.000
15551,551,41.00,56.00,4.00,41.00,56.00,46.00,MEDIUM,,,,,2026-03-24,2027-01-24,365,false,2025-01-13 01:16:07.000,2026-06-24 16:17:32.000
15559,559,49.00,64.00,2.00,49.00,64.00,54.00,MEDIUM,,,,,2026-04-24,2027-05-24,365,false,2020-04-12 00:02:02.000,2026-06-24 16:17:32.000
15561,561,51.00,26.00,5.00,51.00,26.00,56.00,MEDIUM,,,,,2026-02-24,2026-12-24,365,false,2019-03-12 16:08:15.000,2026-06-24 16:17:32.000
15570,570,60.00,35.00,2.00,60.00,35.00,35.00,MEDIUM,,,,,2026-02-24,2027-03-24,365,false,2015-11-12 22:59:53.000,2026-06-24 16:17:32.000
15573,573,63.00,38.00,5.00,63.00,38.00,38.00,MEDIUM,,,,,2026-06-24,2026-12-24,365,false,2015-08-11 07:50:51.000,2026-06-24 16:17:32.000
15583,583,38.00,48.00,4.00,38.00,48.00,48.00,MEDIUM,,,,,2026-02-24,2027-01-24,365,false,2025-09-19 12:53:02.000,2026-06-24 16:17:32.000
15590,590,45.00,55.00,4.00,45.00,55.00,55.00,MEDIUM,,,,,2026-05-24,2027-03-24,365,false,2023-11-17 00:21:03.000,2026-06-24 16:17:32.000
15591,591,46.00,56.00,4.00,46.00,56.00,56.00,MEDIUM,,,,,2026-06-24,2027-02-24,365,false,2022-10-02 12:50:38.000,2026-06-24 16:17:32.000
15597,597,52.00,62.00,4.00,52.00,62.00,62.00,MEDIUM,,,,,2026-05-24,2027-04-24,365,false,2016-06-13 19:10:03.000,2026-06-24 16:17:32.000
15599,599,54.00,64.00,3.00,54.00,64.00,64.00,MEDIUM,,,,,2026-01-24,2027-05-24,365,false,2021-07-25 09:26:57.000,2026-06-24 16:17:32.000
15603,603,58.00,28.00,3.00,58.00,28.00,38.00,MEDIUM,,,,,2026-04-24,2027-05-24,365,false,2011-07-23 12:35:25.000,2026-06-24 16:17:32.000
15605,605,60.00,30.00,5.00,60.00,30.00,40.00,MEDIUM,,,,,2026-04-24,2027-03-24,365,false,2014-01-31 20:02:22.000,2026-06-24 16:17:32.000
15646,646,31.00,31.00,5.00,31.00,31.00,51.00,MEDIUM,,,,,2026-06-24,2027-04-24,365,false,1998-08-16 16:41:13.000,2026-06-24 16:17:32.000
15647,647,32.00,32.00,2.00,32.00,32.00,52.00,MEDIUM,,,,,2026-03-24,2027-04-24,365,false,2022-01-08 09:33:26.000,2026-06-24 16:17:32.000
15669,669,54.00,54.00,2.00,54.00,54.00,44.00,MEDIUM,,,,,2026-05-24,2027-04-24,365,false,2001-06-10 00:07:05.000,2026-06-24 16:17:32.000
15673,673,58.00,58.00,3.00,58.00,58.00,48.00,MEDIUM,,,,,2026-02-24,2027-04-24,365,false,2022-11-04 03:12:30.000,2026-06-24 16:17:32.000
15675,675,60.00,60.00,5.00,60.00,60.00,50.00,MEDIUM,,,,,2026-02-24,2027-05-24,365,false,2025-06-28 00:30:35.000,2026-06-24 16:17:32.000
15681,681,31.00,26.00,2.00,31.00,26.00,56.00,MEDIUM,,,,,2026-06-24,2027-03-24,365,false,2018-01-03 05:29:10.000,2026-06-24 16:17:32.000
15685,685,35.00,30.00,4.00,35.00,30.00,60.00,MEDIUM,,,,,2026-04-24,2027-02-24,365,false,2024-08-24 13:12:04.000,2026-06-24 16:17:32.000
15690,690,40.00,35.00,3.00,40.00,35.00,35.00,MEDIUM,,,,,2026-02-24,2027-02-24,365,false,2021-08-23 07:15:44.000,2026-06-24 16:17:32.000
15702,702,52.00,47.00,5.00,52.00,47.00,47.00,MEDIUM,,,,,2026-06-24,2027-05-24,365,false,2008-08-09 16:21:22.000,2026-06-24 16:17:32.000
15705,705,55.00,50.00,4.00,55.00,50.00,50.00,MEDIUM,,,,,2026-05-24,2027-05-24,365,false,2014-07-07 19:45:17.000,2026-06-24 16:17:32.000
15721,721,36.00,26.00,2.00,36.00,26.00,36.00,MEDIUM,,,,,2026-01-24,2027-05-24,365,false,2021-08-23 11:56:01.000,2026-06-24 16:17:32.000
15725,725,40.00,30.00,4.00,40.00,30.00,40.00,MEDIUM,,,,,2026-05-24,2026-12-24,365,false,2024-08-11 07:15:07.000,2026-06-24 16:17:32.000
15726,726,41.00,31.00,2.00,41.00,31.00,41.00,MEDIUM,,,,,2026-05-24,2027-01-24,365,false,2026-02-02 09:02:04.000,2026-06-24 16:17:32.000
15734,734,49.00,39.00,4.00,49.00,39.00,49.00,MEDIUM,,,,,2026-06-24,2027-01-24,365,false,2024-05-16 19:47:18.000,2026-06-24 16:17:32.000
15735,735,50.00,40.00,5.00,50.00,40.00,50.00,MEDIUM,,,,,2026-06-24,2027-01-24,365,false,2024-08-26 14:04:48.000,2026-06-24 16:17:32.000
15737,737,52.00,42.00,3.00,52.00,42.00,52.00,MEDIUM,,,,,2026-03-24,2027-04-24,365,false,2026-04-20 07:18:46.000,2026-06-24 16:17:32.000
15738,738,53.00,43.00,2.00,53.00,43.00,53.00,MEDIUM,,,,,2026-04-24,2027-01-24,365,false,1990-12-20 18:00:14.000,2026-06-24 16:17:32.000
15741,741,56.00,46.00,2.00,56.00,46.00,56.00,MEDIUM,,,,,2026-04-24,2027-05-24,365,false,2020-10-13 04:43:19.000,2026-06-24 16:17:32.000
15742,742,57.00,47.00,5.00,57.00,47.00,57.00,MEDIUM,,,,,2026-06-24,2027-04-24,365,false,2019-08-07 05:43:34.000,2026-06-24 16:17:32.000
15747,747,62.00,52.00,5.00,62.00,52.00,62.00,MEDIUM,,,,,2026-06-24,2026-12-24,365,false,2006-08-12 23:50:44.000,2026-06-24 16:17:32.000
15749,749,64.00,54.00,4.00,64.00,54.00,64.00,MEDIUM,,,,,2026-03-24,2027-01-24,365,false,2015-06-23 23:32:11.000,2026-06-24 16:17:32.000
15751,751,31.00,56.00,4.00,31.00,56.00,36.00,MEDIUM,,,,,2026-01-24,2027-04-24,365,false,2018-04-29 14:54:19.000,2026-06-24 16:17:32.000
15754,754,34.00,59.00,3.00,34.00,59.00,39.00,MEDIUM,,,,,2026-01-24,2027-02-24,365,false,2020-04-16 04:31:48.000,2026-06-24 16:17:32.000
15755,755,35.00,60.00,2.00,35.00,60.00,40.00,MEDIUM,,,,,2026-03-24,2027-01-24,365,false,2015-07-17 00:22:46.000,2026-06-24 16:17:32.000
15762,762,42.00,27.00,4.00,42.00,27.00,47.00,MEDIUM,,,,,2026-05-24,2027-05-24,365,false,2008-11-14 11:59:44.000,2026-06-24 16:17:32.000
15766,766,46.00,31.00,4.00,46.00,31.00,51.00,MEDIUM,,,,,2026-04-24,2027-04-24,365,false,2021-01-07 17:31:52.000,2026-06-24 16:17:32.000
15779,779,59.00,44.00,3.00,59.00,44.00,64.00,MEDIUM,,,,,2026-02-24,2026-12-24,365,false,1999-10-11 00:38:34.000,2026-06-24 16:17:32.000
15791,791,36.00,56.00,5.00,36.00,56.00,46.00,MEDIUM,,,,,2026-05-24,2027-03-24,365,false,2017-07-04 20:59:29.000,2026-06-24 16:17:32.000
15810,810,55.00,35.00,2.00,55.00,35.00,35.00,MEDIUM,,,,,2026-03-24,2027-05-24,365,false,2000-03-10 06:20:51.000,2026-06-24 16:17:32.000
15822,822,32.00,47.00,5.00,32.00,47.00,47.00,MEDIUM,,,,,2026-04-24,2027-04-24,365,false,2025-03-15 09:16:23.000,2026-06-24 16:17:32.000
15827,827,37.00,52.00,5.00,37.00,52.00,52.00,MEDIUM,,,,,2026-01-24,2026-12-24,365,false,2026-06-18 18:08:22.000,2026-06-24 16:17:32.000
15833,833,43.00,58.00,2.00,43.00,58.00,58.00,MEDIUM,,,,,2026-02-24,2027-03-24,365,false,2012-04-26 06:48:21.000,2026-06-24 16:17:32.000
15835,835,45.00,60.00,4.00,45.00,60.00,60.00,MEDIUM,,,,,2026-01-24,2027-01-24,365,false,1997-02-15 14:27:46.000,2026-06-24 16:17:32.000
15843,843,53.00,28.00,4.00,53.00,28.00,38.00,MEDIUM,,,,,2026-05-24,2027-03-24,365,false,2024-06-03 18:01:47.000,2026-06-24 16:17:32.000
15850,850,60.00,35.00,4.00,60.00,35.00,45.00,MEDIUM,,,,,2026-01-24,2027-01-24,365,false,2025-08-11 01:28:39.000,2026-06-24 16:17:32.000
15855,855,30.00,40.00,2.00,30.00,40.00,50.00,MEDIUM,,,,,2026-05-24,2027-03-24,365,false,2018-04-04 21:23:51.000,2026-06-24 16:17:32.000
15858,858,33.00,43.00,4.00,33.00,43.00,53.00,MEDIUM,,,,,2026-03-24,2027-04-24,365,false,2021-02-06 12:34:22.000,2026-06-24 16:17:32.000
15867,867,42.00,52.00,3.00,42.00,52.00,62.00,MEDIUM,,,,,2026-04-24,2027-04-24,365,false,2022-09-11 12:45:46.000,2026-06-24 16:17:32.000
15874,874,49.00,59.00,4.00,49.00,59.00,39.00,MEDIUM,,,,,2026-06-24,2027-03-24,365,false,2024-05-17 12:32:01.000,2026-06-24 16:17:32.000
15875,875,50.00,60.00,4.00,50.00,60.00,40.00,MEDIUM,,,,,2026-05-24,2027-03-24,365,false,2019-04-18 15:55:46.000,2026-06-24 16:17:32.000
15895,895,35.00,40.00,3.00,35.00,40.00,60.00,MEDIUM,,,,,2026-02-24,2027-02-24,365,false,2023-06-07 07:59:07.000,2026-06-24 16:17:32.000
15897,897,37.00,42.00,4.00,37.00,42.00,62.00,MEDIUM,,,,,2026-04-24,2027-05-24,365,false,2009-02-03 16:19:18.000,2026-06-24 16:17:32.000
15898,898,38.00,43.00,2.00,38.00,43.00,63.00,MEDIUM,,,,,2026-06-24,2027-05-24,365,false,2014-03-05 00:48:26.000,2026-06-24 16:17:32.000
15905,905,45.00,50.00,2.00,45.00,50.00,40.00,MEDIUM,,,,,2026-05-24,2027-05-24,365,false,2013-09-23 01:08:23.000,2026-06-24 16:17:32.000
15909,909,49.00,54.00,4.00,49.00,54.00,44.00,MEDIUM,,,,,2026-04-24,2027-05-24,365,false,2016-08-14 04:12:53.000,2026-06-24 16:17:32.000
15911,911,51.00,56.00,4.00,51.00,56.00,46.00,MEDIUM,,,,,2026-03-24,2027-04-24,365,false,2020-10-20 01:16:37.000,2026-06-24 16:17:32.000
15913,913,53.00,58.00,4.00,53.00,58.00,48.00,MEDIUM,,,,,2026-03-24,2027-02-24,365,false,2019-09-04 15:36:41.000,2026-06-24 16:17:32.000
15929,929,34.00,34.00,2.00,34.00,34.00,64.00,MEDIUM,,,,,2026-06-24,2027-03-24,365,false,2018-03-30 18:41:01.000,2026-06-24 16:17:32.000
15930,930,35.00,35.00,3.00,35.00,35.00,35.00,MEDIUM,,,,,2026-02-24,2027-05-24,365,false,2003-10-05 12:12:28.000,2026-06-24 16:17:32.000
15933,933,38.00,38.00,3.00,38.00,38.00,38.00,MEDIUM,,,,,2026-06-24,2027-02-24,365,false,2010-11-21 02:03:31.000,2026-06-24 16:17:32.000
15937,937,42.00,42.00,4.00,42.00,42.00,42.00,MEDIUM,,,,,2026-01-24,2027-05-24,365,false,2023-02-24 12:29:07.000,2026-06-24 16:17:32.000
15939,939,44.00,44.00,3.00,44.00,44.00,44.00,MEDIUM,,,,,2026-03-24,2027-03-24,365,false,2023-03-04 22:49:04.000,2026-06-24 16:17:32.000
15961,961,31.00,26.00,4.00,31.00,26.00,36.00,MEDIUM,,,,,2026-03-24,2026-12-24,365,false,2016-01-27 03:05:59.000,2026-06-24 16:17:32.000
15962,962,32.00,27.00,2.00,32.00,27.00,37.00,MEDIUM,,,,,2026-01-24,2027-04-24,365,false,2024-09-19 06:24:48.000,2026-06-24 16:17:32.000
15963,963,33.00,28.00,4.00,33.00,28.00,38.00,MEDIUM,,,,,2026-05-24,2027-02-24,365,false,2013-10-04 13:11:45.000,2026-06-24 16:17:32.000
15974,974,44.00,39.00,3.00,44.00,39.00,49.00,MEDIUM,,,,,2026-04-24,2026-12-24,365,false,2011-09-02 18:02:57.000,2026-06-24 16:17:32.000
15993,993,63.00,58.00,4.00,63.00,58.00,38.00,MEDIUM,,,,,2026-06-24,2027-03-24,365,false,2017-08-02 09:16:42.000,2026-06-24 16:17:32.000
16006,1006,41.00,31.00,3.00,41.00,31.00,51.00,MEDIUM,,,,,2026-05-24,2026-12-24,365,false,2022-02-06 05:17:55.000,2026-06-24 16:17:32.000
16019,1019,54.00,44.00,4.00,54.00,44.00,64.00,MEDIUM,,,,,2026-01-24,2027-03-24,365,false,2024-06-06 12:58:08.000,2026-06-24 16:17:32.000
16022,1022,57.00,47.00,5.00,57.00,47.00,37.00,MEDIUM,,,,,2026-01-24,2027-03-24,365,false,2022-01-02 07:06:37.000,2026-06-24 16:17:32.000
16023,1023,58.00,48.00,3.00,58.00,48.00,38.00,MEDIUM,,,,,2026-02-24,2027-04-24,365,false,2023-07-12 04:12:15.000,2026-06-24 16:17:32.000
16039,1039,39.00,64.00,2.00,39.00,64.00,54.00,MEDIUM,,,,,2026-06-24,2027-01-24,365,false,2022-08-21 23:19:52.000,2026-06-24 16:17:32.000
16043,1043,43.00,28.00,4.00,43.00,28.00,58.00,MEDIUM,,,,,2026-01-24,2026-12-24,365,false,2005-10-22 23:46:16.000,2026-06-24 16:17:32.000
16045,1045,45.00,30.00,2.00,45.00,30.00,60.00,MEDIUM,,,,,2026-06-24,2026-12-24,365,false,2019-07-22 18:33:18.000,2026-06-24 16:17:32.000
16046,1046,46.00,31.00,5.00,46.00,31.00,61.00,MEDIUM,,,,,2026-05-24,2027-01-24,365,false,2023-03-09 00:21:51.000,2026-06-24 16:17:32.000
16053,1053,53.00,38.00,4.00,53.00,38.00,38.00,MEDIUM,,,,,2026-02-24,2027-02-24,365,false,2019-09-28 12:00:28.000,2026-06-24 16:17:32.000
16054,1054,54.00,39.00,2.00,54.00,39.00,39.00,MEDIUM,,,,,2026-01-24,2026-12-24,365,false,2022-08-26 12:24:56.000,2026-06-24 16:17:32.000
16059,1059,59.00,44.00,3.00,59.00,44.00,44.00,MEDIUM,,,,,2026-01-24,2027-04-24,365,false,1999-10-17 20:28:18.000,2026-06-24 16:17:32.000
16061,1061,61.00,46.00,3.00,61.00,46.00,46.00,MEDIUM,,,,,2026-06-24,2027-02-24,365,false,2020-07-16 17:39:26.000,2026-06-24 16:17:32.000
16065,1065,30.00,50.00,2.00,30.00,50.00,50.00,MEDIUM,,,,,2026-03-24,2027-05-24,365,false,2023-01-22 06:55:13.000,2026-06-24 16:17:32.000
16067,1067,32.00,52.00,4.00,32.00,52.00,52.00,MEDIUM,,,,,2026-05-24,2027-04-24,365,false,2021-04-03 23:36:19.000,2026-06-24 16:17:32.000
16074,1074,39.00,59.00,4.00,39.00,59.00,59.00,MEDIUM,,,,,2026-05-24,2027-01-24,365,false,2023-01-14 13:34:08.000,2026-06-24 16:17:32.000
16075,1075,40.00,60.00,5.00,40.00,60.00,60.00,MEDIUM,,,,,2026-01-24,2026-12-24,365,false,2024-08-16 16:26:10.000,2026-06-24 16:17:32.000
16082,1082,47.00,27.00,3.00,47.00,27.00,37.00,MEDIUM,,,,,2026-05-24,2027-02-24,365,false,2003-03-15 16:16:32.000,2026-06-24 16:17:32.000
16083,1083,48.00,28.00,5.00,48.00,28.00,38.00,MEDIUM,,,,,2026-05-24,2027-03-24,365,false,2014-05-14 15:49:40.000,2026-06-24 16:17:32.000
16098,1098,63.00,43.00,5.00,63.00,43.00,53.00,MEDIUM,,,,,2026-03-24,2027-01-24,365,false,2020-11-17 09:56:10.000,2026-06-24 16:17:32.000
16105,1105,35.00,50.00,4.00,35.00,50.00,60.00,MEDIUM,,,,,2026-06-24,2027-04-24,365,false,2021-07-06 06:17:14.000,2026-06-24 16:17:32.000
16106,1106,36.00,51.00,5.00,36.00,51.00,61.00,MEDIUM,,,,,2026-05-24,2027-02-24,365,false,2024-03-19 06:50:01.000,2026-06-24 16:17:32.000
16107,1107,37.00,52.00,3.00,37.00,52.00,62.00,MEDIUM,,,,,2026-01-24,2027-01-24,365,false,2016-01-24 05:04:44.000,2026-06-24 16:17:32.000
16145,1145,40.00,50.00,2.00,40.00,50.00,40.00,MEDIUM,,,,,2026-03-24,2026-12-24,365,false,2025-12-11 11:38:50.000,2026-06-24 16:17:32.000
16146,1146,41.00,51.00,3.00,41.00,51.00,41.00,MEDIUM,,,,,2026-01-24,2027-01-24,365,false,2016-09-09 03:07:01.000,2026-06-24 16:17:32.000
16157,1157,52.00,62.00,3.00,52.00,62.00,52.00,MEDIUM,,,,,2026-02-24,2027-01-24,365,false,2022-08-08 19:13:35.000,2026-06-24 16:17:32.000
16163,1163,58.00,28.00,4.00,58.00,28.00,58.00,MEDIUM,,,,,2026-05-24,2027-04-24,365,false,2014-07-01 20:35:00.000,2026-06-24 16:17:32.000
16170,1170,30.00,35.00,2.00,30.00,35.00,35.00,MEDIUM,,,,,2026-02-24,2026-12-24,365,false,2021-12-28 02:39:17.000,2026-06-24 16:17:32.000
16171,1171,31.00,36.00,5.00,31.00,36.00,36.00,MEDIUM,,,,,2026-05-24,2027-02-24,365,false,2003-10-21 22:32:22.000,2026-06-24 16:17:32.000
16177,1177,37.00,42.00,2.00,37.00,42.00,42.00,MEDIUM,,,,,2026-03-24,2027-05-24,365,false,1998-04-28 01:14:38.000,2026-06-24 16:17:32.000
16194,1194,54.00,59.00,5.00,54.00,59.00,59.00,MEDIUM,,,,,2026-04-24,2027-04-24,365,false,2014-04-04 07:02:08.000,2026-06-24 16:17:32.000
16203,1203,63.00,28.00,2.00,63.00,28.00,38.00,MEDIUM,,,,,2026-01-24,2027-04-24,365,false,2003-07-15 18:38:02.000,2026-06-24 16:17:32.000
16210,1210,35.00,35.00,3.00,35.00,35.00,45.00,MEDIUM,,,,,2026-02-24,2027-01-24,365,false,2023-03-21 22:36:38.000,2026-06-24 16:17:32.000
16213,1213,38.00,38.00,5.00,38.00,38.00,48.00,MEDIUM,,,,,2026-01-24,2027-05-24,365,false,2024-12-26 16:45:07.000,2026-06-24 16:17:32.000
16221,1221,46.00,46.00,4.00,46.00,46.00,56.00,MEDIUM,,,,,2026-04-24,2027-01-24,365,false,2024-12-19 12:54:44.000,2026-06-24 16:17:32.000
16223,1223,48.00,48.00,5.00,48.00,48.00,58.00,MEDIUM,,,,,2026-06-24,2026-12-24,365,false,2023-07-31 17:55:34.000,2026-06-24 16:17:32.000
16247,1247,37.00,32.00,4.00,37.00,32.00,52.00,MEDIUM,,,,,2026-02-24,2027-02-24,365,false,1995-03-04 21:56:00.000,2026-06-24 16:17:32.000
16249,1249,39.00,34.00,3.00,39.00,34.00,54.00,MEDIUM,,,,,2026-06-24,2027-03-24,365,false,2015-09-18 06:57:51.000,2026-06-24 16:17:32.000
16254,1254,44.00,39.00,3.00,44.00,39.00,59.00,MEDIUM,,,,,2026-04-24,2027-05-24,365,false,2020-10-06 05:39:37.000,2026-06-24 16:17:32.000
16263,1263,53.00,48.00,5.00,53.00,48.00,38.00,MEDIUM,,,,,2026-03-24,2027-04-24,365,false,2013-04-05 22:38:09.000,2026-06-24 16:17:32.000
16267,1267,57.00,52.00,4.00,57.00,52.00,42.00,MEDIUM,,,,,2026-06-24,2027-05-24,365,false,2002-04-18 13:12:18.000,2026-06-24 16:17:32.000
16273,1273,63.00,58.00,3.00,63.00,58.00,48.00,MEDIUM,,,,,2026-02-24,2027-05-24,365,false,2005-11-21 20:02:00.000,2026-06-24 16:17:32.000
16279,1279,34.00,64.00,5.00,34.00,64.00,54.00,MEDIUM,,,,,2026-04-24,2027-02-24,365,false,2021-09-23 09:20:20.000,2026-06-24 16:17:32.000
16283,1283,38.00,28.00,4.00,38.00,28.00,58.00,MEDIUM,,,,,2026-04-24,2027-01-24,365,false,2018-09-09 07:03:54.000,2026-06-24 16:17:32.000
16289,1289,44.00,34.00,5.00,44.00,34.00,64.00,MEDIUM,,,,,2026-02-24,2027-03-24,365,false,2012-01-12 11:26:56.000,2026-06-24 16:17:32.000
16290,1290,45.00,35.00,4.00,45.00,35.00,35.00,MEDIUM,,,,,2026-02-24,2026-12-24,365,false,2026-05-02 09:00:28.000,2026-06-24 16:17:32.000
16291,1291,46.00,36.00,3.00,46.00,36.00,36.00,MEDIUM,,,,,2026-02-24,2027-03-24,365,false,2018-07-29 09:27:18.000,2026-06-24 16:17:32.000
16295,1295,50.00,40.00,2.00,50.00,40.00,40.00,MEDIUM,,,,,2026-04-24,2027-03-24,365,false,2007-12-18 21:34:07.000,2026-06-24 16:17:32.000
16301,1301,56.00,46.00,4.00,56.00,46.00,46.00,MEDIUM,,,,,2026-06-24,2027-02-24,365,false,2010-12-20 21:42:04.000,2026-06-24 16:17:32.000
16321,1321,41.00,26.00,3.00,41.00,26.00,36.00,MEDIUM,,,,,2026-05-24,2027-05-24,365,false,2002-01-10 08:37:06.000,2026-06-24 16:17:32.000
16323,1323,43.00,28.00,3.00,43.00,28.00,38.00,MEDIUM,,,,,2026-01-24,2027-01-24,365,false,2021-01-23 16:48:36.000,2026-06-24 16:17:32.000
16327,1327,47.00,32.00,4.00,47.00,32.00,42.00,MEDIUM,,,,,2026-05-24,2027-04-24,365,false,2009-10-02 00:33:10.000,2026-06-24 16:17:32.000
16329,1329,49.00,34.00,2.00,49.00,34.00,44.00,MEDIUM,,,,,2026-02-24,2027-03-24,365,false,2021-11-05 23:31:47.000,2026-06-24 16:17:32.000
16334,1334,54.00,39.00,3.00,54.00,39.00,49.00,MEDIUM,,,,,2026-04-24,2026-12-24,365,false,2016-03-12 16:57:51.000,2026-06-24 16:17:32.000
16337,1337,57.00,42.00,2.00,57.00,42.00,52.00,MEDIUM,,,,,2026-01-24,2027-04-24,365,false,2025-04-05 22:39:32.000,2026-06-24 16:17:32.000
16354,1354,39.00,59.00,2.00,39.00,59.00,39.00,MEDIUM,,,,,2026-04-24,2027-02-24,365,false,1998-04-01 05:04:53.000,2026-06-24 16:17:32.000
16367,1367,52.00,32.00,4.00,52.00,32.00,52.00,MEDIUM,,,,,2026-04-24,2026-12-24,365,false,1994-03-25 23:35:38.000,2026-06-24 16:17:32.000
16371,1371,56.00,36.00,2.00,56.00,36.00,56.00,MEDIUM,,,,,2026-05-24,2027-04-24,365,false,2021-03-29 21:10:49.000,2026-06-24 16:17:32.000
16375,1375,60.00,40.00,4.00,60.00,40.00,60.00,MEDIUM,,,,,2026-06-24,2027-02-24,365,false,2016-05-07 13:13:50.000,2026-06-24 16:17:32.000
16378,1378,63.00,43.00,2.00,63.00,43.00,63.00,MEDIUM,,,,,2026-06-24,2027-02-24,365,false,2021-12-16 19:35:13.000,2026-06-24 16:17:32.000
16389,1389,39.00,54.00,2.00,39.00,54.00,44.00,MEDIUM,,,,,2026-01-24,2027-03-24,365,false,2007-06-22 00:02:24.000,2026-06-24 16:17:32.000
16390,1390,40.00,55.00,4.00,40.00,55.00,45.00,MEDIUM,,,,,2026-04-24,2027-02-24,365,false,2009-04-23 14:22:24.000,2026-06-24 16:17:32.000
16395,1395,45.00,60.00,4.00,45.00,60.00,50.00,MEDIUM,,,,,2026-04-24,2027-04-24,365,false,2020-03-23 11:13:57.000,2026-06-24 16:17:32.000
16399,1399,49.00,64.00,5.00,49.00,64.00,54.00,MEDIUM,,,,,2026-01-24,2027-05-24,365,false,2000-05-30 05:42:19.000,2026-06-24 16:17:32.000
16406,1406,56.00,31.00,5.00,56.00,31.00,61.00,MEDIUM,,,,,2026-03-24,2027-02-24,365,false,2012-11-01 10:24:45.000,2026-06-24 16:17:32.000
16409,1409,59.00,34.00,3.00,59.00,34.00,64.00,MEDIUM,,,,,2026-01-24,2026-12-24,365,false,2004-06-24 11:06:40.000,2026-06-24 16:17:32.000
16414,1414,64.00,39.00,2.00,64.00,39.00,39.00,MEDIUM,,,,,2026-05-24,2027-05-24,365,false,2026-02-09 22:47:18.000,2026-06-24 16:17:32.000
16417,1417,32.00,42.00,2.00,32.00,42.00,42.00,MEDIUM,,,,,2026-05-24,2027-02-24,365,false,2011-11-10 19:49:57.000,2026-06-24 16:17:32.000
16418,1418,33.00,43.00,4.00,33.00,43.00,43.00,MEDIUM,,,,,2026-02-24,2027-01-24,365,false,2003-09-03 10:04:39.000,2026-06-24 16:17:32.000
16426,1426,41.00,51.00,4.00,41.00,51.00,51.00,MEDIUM,,,,,2026-06-24,2026-12-24,365,false,2026-01-09 21:06:44.000,2026-06-24 16:17:32.000
16434,1434,49.00,59.00,5.00,49.00,59.00,59.00,MEDIUM,,,,,2026-02-24,2027-01-24,365,false,2015-09-07 23:48:18.000,2026-06-24 16:17:32.000
16443,1443,58.00,28.00,3.00,58.00,28.00,38.00,MEDIUM,,,,,2026-01-24,2027-03-24,365,false,2015-07-15 15:32:50.000,2026-06-24 16:17:32.000
16459,1459,39.00,44.00,2.00,39.00,44.00,54.00,MEDIUM,,,,,2026-01-24,2027-01-24,365,false,2011-12-20 15:36:25.000,2026-06-24 16:17:32.000
16465,1465,45.00,50.00,2.00,45.00,50.00,60.00,MEDIUM,,,,,2026-04-24,2027-04-24,365,false,1992-05-12 12:06:25.000,2026-06-24 16:17:32.000
16479,1479,59.00,64.00,4.00,59.00,64.00,44.00,MEDIUM,,,,,2026-06-24,2027-04-24,365,false,2009-12-03 02:01:58.000,2026-06-24 16:17:32.000
16493,1493,38.00,38.00,4.00,38.00,38.00,58.00,MEDIUM,,,,,2026-01-24,2027-03-24,365,false,2020-10-05 21:19:18.000,2026-06-24 16:17:32.000
16502,1502,47.00,47.00,2.00,47.00,47.00,37.00,MEDIUM,,,,,2026-05-24,2027-01-24,365,false,2016-12-16 03:59:57.000,2026-06-24 16:17:32.000
16525,1525,35.00,30.00,2.00,35.00,30.00,60.00,MEDIUM,,,,,2026-04-24,2027-01-24,365,false,2009-01-07 05:16:54.000,2026-06-24 16:17:32.000
16531,1531,41.00,36.00,3.00,41.00,36.00,36.00,MEDIUM,,,,,2026-01-24,2027-03-24,365,false,2020-01-05 19:15:41.000,2026-06-24 16:17:32.000
16535,1535,45.00,40.00,5.00,45.00,40.00,40.00,MEDIUM,,,,,2026-02-24,2027-04-24,365,false,2025-08-08 16:43:38.000,2026-06-24 16:17:32.000
16543,1543,53.00,48.00,2.00,53.00,48.00,48.00,MEDIUM,,,,,2026-03-24,2027-04-24,365,false,2003-08-13 12:02:09.000,2026-06-24 16:17:32.000
16561,1561,36.00,26.00,5.00,36.00,26.00,36.00,MEDIUM,,,,,2026-03-24,2027-05-24,365,false,2005-03-14 07:42:24.000,2026-06-24 16:17:32.000
16562,1562,37.00,27.00,4.00,37.00,27.00,37.00,MEDIUM,,,,,2026-04-24,2027-04-24,365,false,2021-11-23 01:53:50.000,2026-06-24 16:17:32.000
16565,1565,40.00,30.00,4.00,40.00,30.00,40.00,MEDIUM,,,,,2026-01-24,2027-03-24,365,false,2005-12-27 19:19:36.000,2026-06-24 16:17:32.000
16570,1570,45.00,35.00,5.00,45.00,35.00,45.00,MEDIUM,,,,,2026-05-24,2027-05-24,365,false,2011-01-07 04:56:11.000,2026-06-24 16:17:32.000
16573,1573,48.00,38.00,2.00,48.00,38.00,48.00,MEDIUM,,,,,2026-04-24,2027-05-24,365,false,2002-10-06 08:21:12.000,2026-06-24 16:17:32.000
16579,1579,54.00,44.00,2.00,54.00,44.00,54.00,MEDIUM,,,,,2026-01-24,2027-03-24,365,false,2022-12-17 05:55:24.000,2026-06-24 16:17:32.000
16583,1583,58.00,48.00,4.00,58.00,48.00,58.00,MEDIUM,,,,,2026-06-24,2027-03-24,365,false,2004-11-27 16:37:21.000,2026-06-24 16:17:32.000
16591,1591,31.00,56.00,4.00,31.00,56.00,36.00,MEDIUM,,,,,2026-06-24,2027-04-24,365,false,2024-07-12 07:39:26.000,2026-06-24 16:17:32.000
16601,1601,41.00,26.00,5.00,41.00,26.00,46.00,MEDIUM,,,,,2026-01-24,2027-05-24,365,false,2026-01-24 06:51:48.000,2026-06-24 16:17:32.000
16607,1607,47.00,32.00,5.00,47.00,32.00,52.00,MEDIUM,,,,,2026-03-24,2027-03-24,365,false,2012-06-27 08:45:33.000,2026-06-24 16:17:32.000
16610,1610,50.00,35.00,2.00,50.00,35.00,55.00,MEDIUM,,,,,2026-02-24,2026-12-24,365,false,2022-07-30 23:55:43.000,2026-06-24 16:17:32.000
16621,1621,61.00,46.00,4.00,61.00,46.00,36.00,MEDIUM,,,,,2026-01-24,2027-02-24,365,false,2026-03-01 01:23:45.000,2026-06-24 16:17:32.000
16633,1633,38.00,58.00,3.00,38.00,58.00,48.00,MEDIUM,,,,,2026-04-24,2027-04-24,365,false,2009-09-18 01:12:14.000,2026-06-24 16:17:32.000
16635,1635,40.00,60.00,4.00,40.00,60.00,50.00,MEDIUM,,,,,2026-02-24,2027-02-24,365,false,2024-08-12 04:37:12.000,2026-06-24 16:17:32.000
16650,1650,55.00,35.00,2.00,55.00,35.00,35.00,MEDIUM,,,,,2026-05-24,2027-05-24,365,false,2015-02-03 21:28:42.000,2026-06-24 16:17:32.000
16653,1653,58.00,38.00,5.00,58.00,38.00,38.00,MEDIUM,,,,,2026-03-24,2027-02-24,365,false,2023-10-25 11:52:22.000,2026-06-24 16:17:32.000
16657,1657,62.00,42.00,5.00,62.00,42.00,42.00,MEDIUM,,,,,2026-03-24,2027-04-24,365,false,2006-06-14 20:09:30.000,2026-06-24 16:17:32.000
16662,1662,32.00,47.00,2.00,32.00,47.00,47.00,MEDIUM,,,,,2026-03-24,2027-05-24,365,false,2007-07-14 22:42:36.000,2026-06-24 16:17:32.000
16690,1690,60.00,35.00,3.00,60.00,35.00,45.00,MEDIUM,,,,,2026-06-24,2027-04-24,365,false,2020-11-23 03:29:53.000,2026-06-24 16:17:32.000
16691,1691,61.00,36.00,2.00,61.00,36.00,46.00,MEDIUM,,,,,2026-06-24,2027-01-24,365,false,2016-04-01 22:23:56.000,2026-06-24 16:17:32.000
16699,1699,34.00,44.00,5.00,34.00,44.00,54.00,MEDIUM,,,,,2026-06-24,2027-05-24,365,false,2009-01-15 16:40:38.000,2026-06-24 16:17:32.000
16702,1702,37.00,47.00,2.00,37.00,47.00,57.00,MEDIUM,,,,,2026-05-24,2027-04-24,365,false,2004-11-14 04:39:28.000,2026-06-24 16:17:32.000
16707,1707,42.00,52.00,5.00,42.00,52.00,62.00,MEDIUM,,,,,2026-04-24,2027-05-24,365,false,2020-04-17 06:15:34.000,2026-06-24 16:17:32.000
16710,1710,45.00,55.00,5.00,45.00,55.00,35.00,MEDIUM,,,,,2026-05-24,2026-12-24,365,false,1999-05-08 09:03:33.000,2026-06-24 16:17:32.000
16711,1711,46.00,56.00,2.00,46.00,56.00,36.00,MEDIUM,,,,,2026-02-24,2027-05-24,365,false,2017-11-30 11:14:36.000,2026-06-24 16:17:32.000
16714,1714,49.00,59.00,5.00,49.00,59.00,39.00,MEDIUM,,,,,2026-04-24,2027-04-24,365,false,2003-12-27 22:45:18.000,2026-06-24 16:17:32.000
16718,1718,53.00,63.00,3.00,53.00,63.00,43.00,MEDIUM,,,,,2026-06-24,2027-04-24,365,false,2022-01-25 04:44:07.000,2026-06-24 16:17:32.000
16721,1721,56.00,26.00,5.00,56.00,26.00,46.00,MEDIUM,,,,,2026-04-24,2026-12-24,365,false,2022-08-10 10:15:45.000,2026-06-24 16:17:32.000
16726,1726,61.00,31.00,5.00,61.00,31.00,51.00,MEDIUM,,,,,2026-05-24,2026-12-24,365,false,2015-08-06 01:01:59.000,2026-06-24 16:17:32.000
16745,1745,45.00,50.00,5.00,45.00,50.00,40.00,MEDIUM,,,,,2026-05-24,2027-03-24,365,false,2020-04-23 20:47:28.000,2026-06-24 16:17:32.000
16754,1754,54.00,59.00,3.00,54.00,59.00,49.00,MEDIUM,,,,,2026-05-24,2027-03-24,365,false,2025-07-19 20:47:26.000,2026-06-24 16:17:32.000
16758,1758,58.00,63.00,5.00,58.00,63.00,53.00,MEDIUM,,,,,2026-03-24,2027-03-24,365,false,2005-07-07 16:32:42.000,2026-06-24 16:17:32.000
16770,1770,35.00,35.00,3.00,35.00,35.00,35.00,MEDIUM,,,,,2026-02-24,2027-05-24,365,false,2024-07-03 08:51:22.000,2026-06-24 16:17:32.000
16777,1777,42.00,42.00,3.00,42.00,42.00,42.00,MEDIUM,,,,,2026-01-24,2027-04-24,365,false,2026-03-10 02:00:16.000,2026-06-24 16:17:32.000
16781,1781,46.00,46.00,2.00,46.00,46.00,46.00,MEDIUM,,,,,2026-02-24,2027-05-24,365,false,2020-01-07 21:29:30.000,2026-06-24 16:17:32.000
16806,1806,36.00,31.00,5.00,36.00,31.00,41.00,MEDIUM,,,,,2026-03-24,2027-02-24,365,false,2020-02-08 20:46:05.000,2026-06-24 16:17:32.000
16817,1817,47.00,42.00,5.00,47.00,42.00,52.00,MEDIUM,,,,,2026-01-24,2027-04-24,365,false,1998-06-09 14:02:37.000,2026-06-24 16:17:32.000
16818,1818,48.00,43.00,5.00,48.00,43.00,53.00,MEDIUM,,,,,2026-03-24,2027-01-24,365,false,2014-04-30 10:57:23.000,2026-06-24 16:17:32.000
16826,1826,56.00,51.00,4.00,56.00,51.00,61.00,MEDIUM,,,,,2026-01-24,2027-03-24,365,false,2022-02-04 10:44:21.000,2026-06-24 16:17:32.000
16834,1834,64.00,59.00,5.00,64.00,59.00,39.00,MEDIUM,,,,,2026-03-24,2026-12-24,365,false,2024-06-20 14:08:58.000,2026-06-24 16:17:32.000
16837,1837,32.00,62.00,3.00,32.00,62.00,42.00,MEDIUM,,,,,2026-01-24,2026-12-24,365,false,2017-10-22 17:28:59.000,2026-06-24 16:17:32.000
16838,1838,33.00,63.00,4.00,33.00,63.00,43.00,MEDIUM,,,,,2026-03-24,2027-03-24,365,false,2018-01-06 15:20:49.000,2026-06-24 16:17:32.000
16839,1839,34.00,64.00,2.00,34.00,64.00,44.00,MEDIUM,,,,,2026-01-24,2027-01-24,365,false,2015-05-02 16:49:49.000,2026-06-24 16:17:32.000
16841,1841,36.00,26.00,2.00,36.00,26.00,46.00,MEDIUM,,,,,2026-01-24,2027-01-24,365,false,2015-10-08 18:19:20.000,2026-06-24 16:17:32.000
16849,1849,44.00,34.00,2.00,44.00,34.00,54.00,MEDIUM,,,,,2026-06-24,2026-12-24,365,false,2020-08-13 03:45:50.000,2026-06-24 16:17:32.000
16854,1854,49.00,39.00,4.00,49.00,39.00,59.00,MEDIUM,,,,,2026-04-24,2027-05-24,365,false,2026-03-02 09:34:20.000,2026-06-24 16:17:32.000
16859,1859,54.00,44.00,3.00,54.00,44.00,64.00,MEDIUM,,,,,2026-05-24,2027-05-24,365,false,2022-05-14 19:34:27.000,2026-06-24 16:17:32.000
16861,1861,56.00,46.00,4.00,56.00,46.00,36.00,MEDIUM,,,,,2026-06-24,2027-05-24,365,false,2024-06-17 23:57:30.000,2026-06-24 16:17:32.000
16865,1865,60.00,50.00,5.00,60.00,50.00,40.00,MEDIUM,,,,,2026-02-24,2027-04-24,365,false,2014-08-14 07:53:01.000,2026-06-24 16:17:32.000
16877,1877,37.00,62.00,5.00,37.00,62.00,52.00,MEDIUM,,,,,2026-05-24,2027-03-24,365,false,2021-09-12 08:34:38.000,2026-06-24 16:17:32.000
16878,1878,38.00,63.00,4.00,38.00,63.00,53.00,MEDIUM,,,,,2026-03-24,2027-02-24,365,false,2001-01-25 07:10:23.000,2026-06-24 16:17:32.000
16882,1882,42.00,27.00,4.00,42.00,27.00,57.00,MEDIUM,,,,,2026-03-24,2027-05-24,365,false,2024-07-08 01:34:22.000,2026-06-24 16:17:32.000
16885,1885,45.00,30.00,4.00,45.00,30.00,60.00,MEDIUM,,,,,2026-06-24,2027-04-24,365,false,2024-12-31 05:18:50.000,2026-06-24 16:17:32.000
16895,1895,55.00,40.00,3.00,55.00,40.00,40.00,MEDIUM,,,,,2026-04-24,2027-03-24,365,false,2019-09-23 23:14:18.000,2026-06-24 16:17:32.000
16897,1897,57.00,42.00,3.00,57.00,42.00,42.00,MEDIUM,,,,,2026-06-24,2027-03-24,365,false,2025-12-15 07:30:39.000,2026-06-24 16:17:32.000
16901,1901,61.00,46.00,2.00,61.00,46.00,46.00,MEDIUM,,,,,2026-01-24,2027-03-24,365,false,2006-09-29 14:15:43.000,2026-06-24 16:17:32.000
16902,1902,62.00,47.00,5.00,62.00,47.00,47.00,MEDIUM,,,,,2026-03-24,2027-02-24,365,false,2025-06-02 05:55:13.000,2026-06-24 16:17:32.000
16907,1907,32.00,52.00,3.00,32.00,52.00,52.00,MEDIUM,,,,,2026-03-24,2027-04-24,365,false,2019-06-11 18:56:13.000,2026-06-24 16:17:32.000
16941,1941,31.00,46.00,2.00,31.00,46.00,56.00,MEDIUM,,,,,2026-01-24,2027-05-24,365,false,2021-08-09 23:09:01.000,2026-06-24 16:17:32.000
16945,1945,35.00,50.00,5.00,35.00,50.00,60.00,MEDIUM,,,,,2026-04-24,2027-04-24,365,false,2021-10-24 07:07:02.000,2026-06-24 16:17:32.000
16961,1961,51.00,26.00,2.00,51.00,26.00,46.00,MEDIUM,,,,,2026-04-24,2027-04-24,365,false,1993-04-20 03:41:58.000,2026-06-24 16:17:32.000
16963,1963,53.00,28.00,2.00,53.00,28.00,48.00,MEDIUM,,,,,2026-04-24,2027-01-24,365,false,2025-06-27 16:01:23.000,2026-06-24 16:17:32.000
16978,1978,33.00,43.00,4.00,33.00,43.00,63.00,MEDIUM,,,,,2026-03-24,2026-12-24,365,false,2023-11-21 02:47:05.000,2026-06-24 16:17:32.000
16982,1982,37.00,47.00,4.00,37.00,47.00,37.00,MEDIUM,,,,,2026-01-24,2027-02-24,365,false,2025-12-29 01:13:25.000,2026-06-24 16:17:32.000
16983,1983,38.00,48.00,5.00,38.00,48.00,38.00,MEDIUM,,,,,2026-05-24,2027-02-24,365,false,2005-06-07 13:37:05.000,2026-06-24 16:17:32.000
16987,1987,42.00,52.00,5.00,42.00,52.00,42.00,MEDIUM,,,,,2026-06-24,2026-12-24,365,false,2004-09-28 18:42:38.000,2026-06-24 16:17:32.000
16989,1989,44.00,54.00,2.00,44.00,54.00,44.00,MEDIUM,,,,,2026-03-24,2027-04-24,365,false,2022-04-06 20:23:19.000,2026-06-24 16:17:32.000
16993,1993,48.00,58.00,5.00,48.00,58.00,48.00,MEDIUM,,,,,2026-06-24,2027-04-24,365,false,2022-10-03 01:31:42.000,2026-06-24 16:17:32.000
16997,1997,52.00,62.00,2.00,52.00,62.00,52.00,MEDIUM,,,,,2026-04-24,2027-03-24,365,false,2015-10-03 15:55:21.000,2026-06-24 16:17:32.000
17002,2002,57.00,27.00,2.00,57.00,27.00,57.00,MEDIUM,,,,,2026-05-24,2027-03-24,365,false,2009-10-29 17:45:21.000,2026-06-24 16:17:32.000
17017,2017,37.00,42.00,2.00,37.00,42.00,42.00,MEDIUM,,,,,2026-06-24,2027-04-24,365,false,2014-07-04 19:19:10.000,2026-06-24 16:17:32.000
17023,2023,43.00,48.00,2.00,43.00,48.00,48.00,MEDIUM,,,,,2026-01-24,2026-12-24,365,false,2005-01-24 06:58:42.000,2026-06-24 16:17:32.000
17027,2027,47.00,52.00,2.00,47.00,52.00,52.00,MEDIUM,,,,,2026-05-24,2027-01-24,365,false,2020-03-10 18:23:17.000,2026-06-24 16:17:32.000
17037,2037,57.00,62.00,3.00,57.00,62.00,62.00,MEDIUM,,,,,2026-06-24,2026-12-24,365,false,2019-08-05 00:59:25.000,2026-06-24 16:17:32.000
17039,2039,59.00,64.00,2.00,59.00,64.00,64.00,MEDIUM,,,,,2026-01-24,2027-04-24,365,false,2021-10-18 18:36:48.000,2026-06-24 16:17:32.000
17046,2046,31.00,31.00,2.00,31.00,31.00,41.00,MEDIUM,,,,,2026-04-24,2027-02-24,365,false,2018-01-03 00:48:32.000,2026-06-24 16:17:32.000
17054,2054,39.00,39.00,4.00,39.00,39.00,49.00,MEDIUM,,,,,2026-01-24,2026-12-24,365,false,2026-01-07 03:25:06.000,2026-06-24 16:17:32.000
17059,2059,44.00,44.00,4.00,44.00,44.00,54.00,MEDIUM,,,,,2026-05-24,2026-12-24,365,false,2003-01-31 16:58:38.000,2026-06-24 16:17:32.000
17063,2063,48.00,48.00,4.00,48.00,48.00,58.00,MEDIUM,,,,,2026-04-24,2027-03-24,365,false,2023-05-27 05:40:32.000,2026-06-24 16:17:32.000
17067,2067,52.00,52.00,2.00,52.00,52.00,62.00,MEDIUM,,,,,2026-04-24,2026-12-24,365,false,2015-01-05 13:16:02.000,2026-06-24 16:17:32.000
17087,2087,37.00,32.00,4.00,37.00,32.00,52.00,MEDIUM,,,,,2026-06-24,2027-02-24,365,false,2023-05-02 03:00:31.000,2026-06-24 16:17:32.000
17091,2091,41.00,36.00,2.00,41.00,36.00,56.00,MEDIUM,,,,,2026-06-24,2026-12-24,365,false,2012-12-05 00:24:00.000,2026-06-24 16:17:32.000
17093,2093,43.00,38.00,5.00,43.00,38.00,58.00,MEDIUM,,,,,2026-05-24,2027-05-24,365,false,2017-05-26 04:56:11.000,2026-06-24 16:17:32.000
17094,2094,44.00,39.00,2.00,44.00,39.00,59.00,MEDIUM,,,,,2026-06-24,2027-01-24,365,false,1994-01-04 05:02:49.000,2026-06-24 16:17:32.000
17098,2098,48.00,43.00,3.00,48.00,43.00,63.00,MEDIUM,,,,,2026-01-24,2026-12-24,365,false,2010-01-22 03:06:17.000,2026-06-24 16:17:32.000
17101,2101,51.00,46.00,3.00,51.00,46.00,36.00,MEDIUM,,,,,2026-05-24,2026-12-24,365,false,2011-12-09 16:33:23.000,2026-06-24 16:17:32.000
17102,2102,52.00,47.00,2.00,52.00,47.00,37.00,MEDIUM,,,,,2026-05-24,2027-03-24,365,false,2015-08-03 08:23:02.000,2026-06-24 16:17:32.000
17103,2103,53.00,48.00,4.00,53.00,48.00,38.00,MEDIUM,,,,,2026-03-24,2027-05-24,365,false,2022-02-14 23:36:32.000,2026-06-24 16:17:32.000
17110,2110,60.00,55.00,4.00,60.00,55.00,45.00,MEDIUM,,,,,2026-01-24,2027-03-24,365,false,2012-07-23 14:46:33.000,2026-06-24 16:17:32.000
17114,2114,64.00,59.00,5.00,64.00,59.00,49.00,MEDIUM,,,,,2026-01-24,2027-01-24,365,false,2025-06-09 15:15:39.000,2026-06-24 16:17:32.000
17121,2121,36.00,26.00,3.00,36.00,26.00,56.00,MEDIUM,,,,,2026-03-24,2026-12-24,365,false,2024-03-23 18:52:19.000,2026-06-24 16:17:32.000
17127,2127,42.00,32.00,5.00,42.00,32.00,62.00,MEDIUM,,,,,2026-02-24,2027-03-24,365,false,2026-06-28 01:57:54.000,2026-06-24 16:17:32.000
17134,2134,49.00,39.00,2.00,49.00,39.00,39.00,MEDIUM,,,,,2026-04-24,2027-02-24,365,false,2025-07-11 17:27:11.000,2026-06-24 16:17:32.000
17135,2135,50.00,40.00,2.00,50.00,40.00,40.00,MEDIUM,,,,,2026-03-24,2027-02-24,365,false,2014-07-31 07:23:06.000,2026-06-24 16:17:32.000
17139,2139,54.00,44.00,4.00,54.00,44.00,44.00,MEDIUM,,,,,2026-04-24,2027-02-24,365,false,2018-08-09 13:25:32.000,2026-06-24 16:17:32.000
17147,2147,62.00,52.00,5.00,62.00,52.00,52.00,MEDIUM,,,,,2026-01-24,2027-01-24,365,false,2011-05-22 18:55:38.000,2026-06-24 16:17:32.000
17149,2149,64.00,54.00,4.00,64.00,54.00,54.00,MEDIUM,,,,,2026-06-24,2027-05-24,365,false,2018-07-10 00:56:18.000,2026-06-24 16:17:32.000
17167,2167,47.00,32.00,5.00,47.00,32.00,42.00,MEDIUM,,,,,2026-01-24,2027-04-24,365,false,2016-03-19 03:07:07.000,2026-06-24 16:17:32.000
17181,2181,61.00,46.00,3.00,61.00,46.00,56.00,MEDIUM,,,,,2026-03-24,2027-04-24,365,false,1992-01-27 12:44:03.000,2026-06-24 16:17:32.000
17183,2183,63.00,48.00,4.00,63.00,48.00,58.00,MEDIUM,,,,,2026-01-24,2026-12-24,365,false,2012-04-23 09:34:07.000,2026-06-24 16:17:32.000
17191,2191,36.00,56.00,3.00,36.00,56.00,36.00,MEDIUM,,,,,2026-01-24,2027-02-24,365,false,2020-02-16 00:29:45.000,2026-06-24 16:17:32.000
17199,2199,44.00,64.00,4.00,44.00,64.00,44.00,MEDIUM,,,,,2026-03-24,2027-04-24,365,false,2015-08-16 20:58:13.000,2026-06-24 16:17:32.000
17210,2210,55.00,35.00,5.00,55.00,35.00,55.00,MEDIUM,,,,,2026-03-24,2027-05-24,365,false,2005-10-14 10:27:39.000,2026-06-24 16:17:32.000
17222,2222,32.00,47.00,5.00,32.00,47.00,37.00,MEDIUM,,,,,2026-04-24,2027-05-24,365,false,2020-01-22 23:23:08.000,2026-06-24 16:17:32.000
17223,2223,33.00,48.00,5.00,33.00,48.00,38.00,MEDIUM,,,,,2026-04-24,2027-03-24,365,false,2025-07-06 01:38:18.000,2026-06-24 16:17:32.000
17227,2227,37.00,52.00,4.00,37.00,52.00,42.00,MEDIUM,,,,,2026-06-24,2027-04-24,365,false,2026-05-25 09:11:40.000,2026-06-24 16:17:32.000
17229,2229,39.00,54.00,2.00,39.00,54.00,44.00,MEDIUM,,,,,2026-05-24,2027-01-24,365,false,2022-09-30 18:14:08.000,2026-06-24 16:17:32.000
17233,2233,43.00,58.00,5.00,43.00,58.00,48.00,MEDIUM,,,,,2026-01-24,2027-01-24,365,false,2024-02-23 06:06:23.000,2026-06-24 16:17:32.000
17237,2237,47.00,62.00,4.00,47.00,62.00,52.00,MEDIUM,,,,,2026-02-24,2026-12-24,365,false,2023-05-13 14:52:06.000,2026-06-24 16:17:32.000
17239,2239,49.00,64.00,3.00,49.00,64.00,54.00,MEDIUM,,,,,2026-03-24,2027-05-24,365,false,2023-05-24 08:18:26.000,2026-06-24 16:17:32.000
17249,2249,59.00,34.00,3.00,59.00,34.00,64.00,MEDIUM,,,,,2026-04-24,2027-02-24,365,false,2020-05-24 15:37:36.000,2026-06-24 16:17:32.000
17251,2251,61.00,36.00,2.00,61.00,36.00,36.00,MEDIUM,,,,,2026-04-24,2027-04-24,365,false,2008-10-17 04:54:46.000,2026-06-24 16:17:32.000
17253,2253,63.00,38.00,2.00,63.00,38.00,38.00,MEDIUM,,,,,2026-06-24,2027-04-24,365,false,2011-11-28 17:42:56.000,2026-06-24 16:17:32.000
17259,2259,34.00,44.00,4.00,34.00,44.00,44.00,MEDIUM,,,,,2026-02-24,2027-02-24,365,false,2017-03-31 17:45:00.000,2026-06-24 16:17:32.000
17271,2271,46.00,56.00,5.00,46.00,56.00,56.00,MEDIUM,,,,,2026-01-24,2027-05-24,365,false,2024-12-01 20:29:02.000,2026-06-24 16:17:32.000
17274,2274,49.00,59.00,5.00,49.00,59.00,59.00,MEDIUM,,,,,2026-02-24,2027-04-24,365,false,1999-05-17 20:50:45.000,2026-06-24 16:17:32.000
17275,2275,50.00,60.00,5.00,50.00,60.00,60.00,MEDIUM,,,,,2026-04-24,2027-05-24,365,false,2026-06-16 18:32:30.000,2026-06-24 16:17:32.000
17277,2277,52.00,62.00,5.00,52.00,62.00,62.00,MEDIUM,,,,,2026-03-24,2027-01-24,365,false,2019-10-26 19:44:59.000,2026-06-24 16:17:32.000
17299,2299,39.00,44.00,5.00,39.00,44.00,54.00,MEDIUM,,,,,2026-04-24,2027-04-24,365,false,2018-01-26 06:30:14.000,2026-06-24 16:17:32.000
17319,2319,59.00,64.00,2.00,59.00,64.00,44.00,MEDIUM,,,,,2026-04-24,2027-02-24,365,false,2022-11-23 22:14:07.000,2026-06-24 16:17:32.000
17325,2325,30.00,30.00,4.00,30.00,30.00,50.00,MEDIUM,,,,,2026-05-24,2026-12-24,365,false,2022-08-02 18:58:28.000,2026-06-24 16:17:32.000
17326,2326,31.00,31.00,3.00,31.00,31.00,51.00,MEDIUM,,,,,2026-04-24,2027-03-24,365,false,2025-02-14 13:57:55.000,2026-06-24 16:17:32.000
17329,2329,34.00,34.00,5.00,34.00,34.00,54.00,MEDIUM,,,,,2026-01-24,2027-02-24,365,false,2026-01-14 22:31:49.000,2026-06-24 16:17:32.000
17330,2330,35.00,35.00,2.00,35.00,35.00,55.00,MEDIUM,,,,,2026-05-24,2026-12-24,365,false,2021-03-06 05:25:15.000,2026-06-24 16:17:32.000
17331,2331,36.00,36.00,2.00,36.00,36.00,56.00,MEDIUM,,,,,2026-05-24,2027-02-24,365,false,2024-08-18 13:34:05.000,2026-06-24 16:17:32.000
17333,2333,38.00,38.00,2.00,38.00,38.00,58.00,MEDIUM,,,,,2026-03-24,2027-03-24,365,false,2011-04-09 18:04:16.000,2026-06-24 16:17:32.000
17351,2351,56.00,56.00,5.00,56.00,56.00,46.00,MEDIUM,,,,,2026-04-24,2027-02-24,365,false,2016-07-18 02:04:05.000,2026-06-24 16:17:32.000
17354,2354,59.00,59.00,2.00,59.00,59.00,49.00,MEDIUM,,,,,2026-02-24,2027-03-24,365,false,2011-10-16 19:37:47.000,2026-06-24 16:17:32.000
17365,2365,35.00,30.00,2.00,35.00,30.00,60.00,MEDIUM,,,,,2026-04-24,2027-04-24,365,false,2025-10-09 05:36:05.000,2026-06-24 16:17:32.000
17369,2369,39.00,34.00,2.00,39.00,34.00,64.00,MEDIUM,,,,,2026-04-24,2026-12-24,365,false,2013-02-22 12:37:04.000,2026-06-24 16:17:32.000
17370,2370,40.00,35.00,5.00,40.00,35.00,35.00,MEDIUM,,,,,2026-03-24,2027-04-24,365,false,2021-08-26 22:05:42.000,2026-06-24 16:17:32.000
17389,2389,59.00,54.00,3.00,59.00,54.00,54.00,MEDIUM,,,,,2026-04-24,2027-03-24,365,false,2021-09-16 18:57:47.000,2026-06-24 16:17:32.000
17390,2390,60.00,55.00,2.00,60.00,55.00,55.00,MEDIUM,,,,,2026-02-24,2027-02-24,365,false,2007-05-06 16:32:00.000,2026-06-24 16:17:32.000
17393,2393,63.00,58.00,5.00,63.00,58.00,58.00,MEDIUM,,,,,2026-06-24,2027-01-24,365,false,2015-02-12 14:00:08.000,2026-06-24 16:17:32.000
17398,2398,33.00,63.00,5.00,33.00,63.00,63.00,MEDIUM,,,,,2026-02-24,2027-02-24,365,false,2021-11-04 01:41:03.000,2026-06-24 16:17:32.000
17403,2403,38.00,28.00,5.00,38.00,28.00,38.00,MEDIUM,,,,,2026-04-24,2027-01-24,365,false,2021-06-27 09:48:00.000,2026-06-24 16:17:32.000
17415,2415,50.00,40.00,4.00,50.00,40.00,50.00,MEDIUM,,,,,2026-03-24,2027-05-24,365,false,2025-05-01 22:52:20.000,2026-06-24 16:17:32.000
17418,2418,53.00,43.00,4.00,53.00,43.00,53.00,MEDIUM,,,,,2026-01-24,2026-12-24,365,false,2024-11-14 15:16:18.000,2026-06-24 16:17:32.000
17419,2419,54.00,44.00,2.00,54.00,44.00,54.00,MEDIUM,,,,,2026-05-24,2027-04-24,365,false,2019-08-22 22:15:00.000,2026-06-24 16:17:32.000
17430,2430,30.00,55.00,4.00,30.00,55.00,35.00,MEDIUM,,,,,2026-06-24,2027-04-24,365,false,2014-03-27 14:04:03.000,2026-06-24 16:17:32.000
17431,2431,31.00,56.00,5.00,31.00,56.00,36.00,MEDIUM,,,,,2026-01-24,2027-01-24,365,false,2003-04-17 19:59:16.000,2026-06-24 16:17:32.000
17437,2437,37.00,62.00,5.00,37.00,62.00,42.00,MEDIUM,,,,,2026-01-24,2027-02-24,365,false,2016-09-10 03:15:32.000,2026-06-24 16:17:32.000
17445,2445,45.00,30.00,5.00,45.00,30.00,50.00,MEDIUM,,,,,2026-03-24,2026-12-24,365,false,1998-06-14 09:13:06.000,2026-06-24 16:17:32.000
17465,2465,30.00,50.00,3.00,30.00,50.00,40.00,MEDIUM,,,,,2026-03-24,2027-01-24,365,false,2006-04-24 23:51:07.000,2026-06-24 16:17:32.000
17470,2470,35.00,55.00,2.00,35.00,55.00,45.00,MEDIUM,,,,,2026-04-24,2027-01-24,365,false,2011-10-22 17:09:17.000,2026-06-24 16:17:32.000
17518,2518,48.00,63.00,5.00,48.00,63.00,63.00,MEDIUM,,,,,2026-05-24,2027-03-24,365,false,2023-02-26 15:40:15.000,2026-06-24 16:17:32.000
17530,2530,60.00,35.00,4.00,60.00,35.00,45.00,MEDIUM,,,,,2026-05-24,2027-03-24,365,false,2021-09-29 22:19:31.000,2026-06-24 16:17:32.000
17531,2531,61.00,36.00,3.00,61.00,36.00,46.00,MEDIUM,,,,,2026-02-24,2027-05-24,365,false,2004-08-29 15:35:36.000,2026-06-24 16:17:32.000
17535,2535,30.00,40.00,4.00,30.00,40.00,50.00,MEDIUM,,,,,2026-04-24,2027-05-24,365,false,2022-07-03 02:35:34.000,2026-06-24 16:17:32.000
17555,2555,50.00,60.00,2.00,50.00,60.00,40.00,MEDIUM,,,,,2026-06-24,2027-01-24,365,false,2001-11-15 21:39:27.000,2026-06-24 16:17:32.000
17571,2571,31.00,36.00,5.00,31.00,36.00,56.00,MEDIUM,,,,,2026-06-24,2026-12-24,365,false,2019-05-13 05:24:55.000,2026-06-24 16:17:32.000
17575,2575,35.00,40.00,4.00,35.00,40.00,60.00,MEDIUM,,,,,2026-04-24,2027-02-24,365,false,2000-09-21 00:37:12.000,2026-06-24 16:17:32.000
17582,2582,42.00,47.00,4.00,42.00,47.00,37.00,MEDIUM,,,,,2026-05-24,2027-05-24,365,false,2015-07-05 14:21:39.000,2026-06-24 16:17:32.000
17587,2587,47.00,52.00,3.00,47.00,52.00,42.00,MEDIUM,,,,,2026-01-24,2026-12-24,365,false,2025-06-04 22:33:31.000,2026-06-24 16:17:32.000
17593,2593,53.00,58.00,4.00,53.00,58.00,48.00,MEDIUM,,,,,2026-02-24,2027-01-24,365,false,2006-01-27 19:22:18.000,2026-06-24 16:17:32.000
17594,2594,54.00,59.00,2.00,54.00,59.00,49.00,MEDIUM,,,,,2026-04-24,2026-12-24,365,false,2023-09-26 22:50:13.000,2026-06-24 16:17:32.000
17595,2595,55.00,60.00,3.00,55.00,60.00,50.00,MEDIUM,,,,,2026-03-24,2027-05-24,365,false,2006-06-17 03:44:35.000,2026-06-24 16:17:32.000
17606,2606,31.00,31.00,4.00,31.00,31.00,61.00,MEDIUM,,,,,2026-02-24,2027-01-24,365,false,2015-12-31 04:34:16.000,2026-06-24 16:17:32.000
17609,2609,34.00,34.00,2.00,34.00,34.00,64.00,MEDIUM,,,,,2026-02-24,2026-12-24,365,false,2023-07-15 02:44:59.000,2026-06-24 16:17:32.000
17629,2629,54.00,54.00,3.00,54.00,54.00,54.00,MEDIUM,,,,,2026-04-24,2027-05-24,365,false,2019-06-11 00:56:37.000,2026-06-24 16:17:32.000
17634,2634,59.00,59.00,3.00,59.00,59.00,59.00,MEDIUM,,,,,2026-01-24,2027-04-24,365,false,2018-01-31 03:22:01.000,2026-06-24 16:17:32.000
17638,2638,63.00,63.00,3.00,63.00,63.00,63.00,MEDIUM,,,,,2026-05-24,2027-05-24,365,false,2022-12-22 23:41:23.000,2026-06-24 16:17:32.000
17646,2646,36.00,31.00,2.00,36.00,31.00,41.00,MEDIUM,,,,,2026-06-24,2027-01-24,365,false,2012-04-14 06:33:57.000,2026-06-24 16:17:32.000
17650,2650,40.00,35.00,5.00,40.00,35.00,45.00,MEDIUM,,,,,2026-02-24,2026-12-24,365,false,2017-10-21 05:16:11.000,2026-06-24 16:17:32.000
17653,2653,43.00,38.00,3.00,43.00,38.00,48.00,MEDIUM,,,,,2026-03-24,2027-04-24,365,false,2026-05-19 11:44:30.000,2026-06-24 16:17:32.000
17658,2658,48.00,43.00,5.00,48.00,43.00,53.00,MEDIUM,,,,,2026-02-24,2027-01-24,365,false,2012-08-15 12:06:31.000,2026-06-24 16:17:32.000
17666,2666,56.00,51.00,5.00,56.00,51.00,61.00,MEDIUM,,,,,2026-03-24,2027-03-24,365,false,2010-07-20 18:56:47.000,2026-06-24 16:17:32.000
17667,2667,57.00,52.00,4.00,57.00,52.00,62.00,MEDIUM,,,,,2026-03-24,2027-01-24,365,false,2024-10-16 22:57:05.000,2026-06-24 16:17:32.000
17669,2669,59.00,54.00,2.00,59.00,54.00,64.00,MEDIUM,,,,,2026-04-24,2026-12-24,365,false,2024-09-08 13:25:23.000,2026-06-24 16:17:32.000
17670,2670,60.00,55.00,4.00,60.00,55.00,35.00,MEDIUM,,,,,2026-01-24,2026-12-24,365,false,2022-08-25 23:17:18.000,2026-06-24 16:17:32.000
17679,2679,34.00,64.00,5.00,34.00,64.00,44.00,MEDIUM,,,,,2026-04-24,2026-12-24,365,false,2024-07-28 03:18:52.000,2026-06-24 16:17:32.000
17681,2681,36.00,26.00,5.00,36.00,26.00,46.00,MEDIUM,,,,,2026-04-24,2027-03-24,365,false,2022-05-28 04:39:47.000,2026-06-24 16:17:32.000
17698,2698,53.00,43.00,5.00,53.00,43.00,63.00,MEDIUM,,,,,2026-01-24,2027-02-24,365,false,2019-11-13 04:21:33.000,2026-06-24 16:17:32.000
17699,2699,54.00,44.00,5.00,54.00,44.00,64.00,MEDIUM,,,,,2026-04-24,2027-01-24,365,false,2022-02-16 20:07:53.000,2026-06-24 16:17:32.000
17710,2710,30.00,55.00,2.00,30.00,55.00,45.00,MEDIUM,,,,,2026-01-24,2027-02-24,365,false,2021-03-25 18:56:28.000,2026-06-24 16:17:32.000
17714,2714,34.00,59.00,3.00,34.00,59.00,49.00,MEDIUM,,,,,2026-02-24,2027-03-24,365,false,1997-06-15 07:12:38.000,2026-06-24 16:17:32.000
17717,2717,37.00,62.00,5.00,37.00,62.00,52.00,MEDIUM,,,,,2026-01-24,2027-02-24,365,false,2016-02-23 12:25:05.000,2026-06-24 16:17:32.000
17718,2718,38.00,63.00,4.00,38.00,63.00,53.00,MEDIUM,,,,,2026-06-24,2027-05-24,365,false,2019-06-02 03:58:08.000,2026-06-24 16:17:32.000
17719,2719,39.00,64.00,2.00,39.00,64.00,54.00,MEDIUM,,,,,2026-01-24,2027-04-24,365,false,1994-06-22 02:53:02.000,2026-06-24 16:17:32.000
17721,2721,41.00,26.00,5.00,41.00,26.00,56.00,MEDIUM,,,,,2026-01-24,2027-01-24,365,false,2026-05-17 20:09:59.000,2026-06-24 16:17:32.000
17725,2725,45.00,30.00,2.00,45.00,30.00,60.00,MEDIUM,,,,,2026-05-24,2027-02-24,365,false,2020-05-09 20:17:51.000,2026-06-24 16:17:32.000
17730,2730,50.00,35.00,5.00,50.00,35.00,35.00,MEDIUM,,,,,2026-02-24,2027-04-24,365,false,2014-07-16 11:08:25.000,2026-06-24 16:17:32.000
17731,2731,51.00,36.00,5.00,51.00,36.00,36.00,MEDIUM,,,,,2026-01-24,2026-12-24,365,false,2017-06-24 23:57:20.000,2026-06-24 16:17:32.000
17734,2734,54.00,39.00,4.00,54.00,39.00,39.00,MEDIUM,,,,,2026-05-24,2027-03-24,365,false,2020-04-30 15:37:47.000,2026-06-24 16:17:32.000
17735,2735,55.00,40.00,4.00,55.00,40.00,40.00,MEDIUM,,,,,2026-03-24,2027-04-24,365,false,2009-08-27 10:05:23.000,2026-06-24 16:17:32.000
17749,2749,34.00,54.00,4.00,34.00,54.00,54.00,MEDIUM,,,,,2026-04-24,2027-04-24,365,false,2012-12-11 21:06:14.000,2026-06-24 16:17:32.000
17753,2753,38.00,58.00,3.00,38.00,58.00,58.00,MEDIUM,,,,,2026-06-24,2027-04-24,365,false,1999-07-05 12:51:20.000,2026-06-24 16:17:32.000
17755,2755,40.00,60.00,2.00,40.00,60.00,60.00,MEDIUM,,,,,2026-03-24,2027-02-24,365,false,2018-10-09 18:06:19.000,2026-06-24 16:17:32.000
17759,2759,44.00,64.00,2.00,44.00,64.00,64.00,MEDIUM,,,,,2026-06-24,2027-02-24,365,false,2025-06-24 12:23:12.000,2026-06-24 16:17:32.000
17762,2762,47.00,27.00,4.00,47.00,27.00,37.00,MEDIUM,,,,,2026-04-24,2027-03-24,365,false,2025-11-06 02:47:37.000,2026-06-24 16:17:32.000
17774,2774,59.00,39.00,2.00,59.00,39.00,49.00,MEDIUM,,,,,2026-05-24,2027-03-24,365,false,2014-06-23 23:34:06.000,2026-06-24 16:17:32.000
17781,2781,31.00,46.00,4.00,31.00,46.00,56.00,MEDIUM,,,,,2026-02-24,2027-05-24,365,false,2011-05-21 16:36:39.000,2026-06-24 16:17:32.000
17785,2785,35.00,50.00,5.00,35.00,50.00,60.00,MEDIUM,,,,,2026-03-24,2027-04-24,365,false,2025-11-24 12:24:49.000,2026-06-24 16:17:32.000
17789,2789,39.00,54.00,2.00,39.00,54.00,64.00,MEDIUM,,,,,2026-06-24,2027-02-24,365,false,2022-12-14 04:42:55.000,2026-06-24 16:17:32.000
17799,2799,49.00,64.00,3.00,49.00,64.00,44.00,MEDIUM,,,,,2026-06-24,2027-04-24,365,false,2006-02-06 06:12:02.000,2026-06-24 16:17:32.000
17809,2809,59.00,34.00,2.00,59.00,34.00,54.00,MEDIUM,,,,,2026-03-24,2027-01-24,365,false,1997-06-06 04:27:59.000,2026-06-24 16:17:32.000
17811,2811,61.00,36.00,3.00,61.00,36.00,56.00,MEDIUM,,,,,2026-02-24,2027-04-24,365,false,2001-08-19 23:01:01.000,2026-06-24 16:17:32.000
17818,2818,33.00,43.00,2.00,33.00,43.00,63.00,MEDIUM,,,,,2026-02-24,2027-02-24,365,false,2001-04-27 12:30:05.000,2026-06-24 16:17:32.000
17829,2829,44.00,54.00,2.00,44.00,54.00,44.00,MEDIUM,,,,,2026-01-24,2027-03-24,365,false,2026-02-23 19:41:39.000,2026-06-24 16:17:32.000
17842,2842,57.00,27.00,4.00,57.00,27.00,57.00,MEDIUM,,,,,2026-02-24,2027-03-24,365,false,2009-05-10 19:41:21.000,2026-06-24 16:17:32.000
17843,2843,58.00,28.00,2.00,58.00,28.00,58.00,MEDIUM,,,,,2026-02-24,2027-02-24,365,false,2004-04-12 14:31:19.000,2026-06-24 16:17:32.000
17849,2849,64.00,34.00,2.00,64.00,34.00,64.00,MEDIUM,,,,,2026-03-24,2027-02-24,365,false,2024-01-01 17:48:56.000,2026-06-24 16:17:32.000
17859,2859,39.00,44.00,4.00,39.00,44.00,44.00,MEDIUM,,,,,2026-03-24,2026-12-24,365,false,2013-04-07 21:13:56.000,2026-06-24 16:17:32.000
17866,2866,46.00,51.00,3.00,46.00,51.00,51.00,MEDIUM,,,,,2026-05-24,2027-03-24,365,false,2006-10-02 05:31:18.000,2026-06-24 16:17:32.000
17881,2881,61.00,26.00,3.00,61.00,26.00,36.00,MEDIUM,,,,,2026-02-24,2027-04-24,365,false,2004-08-08 15:56:39.000,2026-06-24 16:17:32.000
17890,2890,35.00,35.00,4.00,35.00,35.00,45.00,MEDIUM,,,,,2026-02-24,2027-05-24,365,false,2013-02-13 16:52:40.000,2026-06-24 16:17:32.000
17894,2894,39.00,39.00,3.00,39.00,39.00,49.00,MEDIUM,,,,,2026-05-24,2026-12-24,365,false,2022-01-30 17:03:28.000,2026-06-24 16:17:32.000
17905,2905,50.00,50.00,2.00,50.00,50.00,60.00,MEDIUM,,,,,2026-02-24,2026-12-24,365,false,2023-01-31 00:31:00.000,2026-06-24 16:17:32.000
17906,2906,51.00,51.00,2.00,51.00,51.00,61.00,MEDIUM,,,,,2026-05-24,2027-01-24,365,false,2022-10-30 20:25:32.000,2026-06-24 16:17:32.000
17910,2910,55.00,55.00,3.00,55.00,55.00,35.00,MEDIUM,,,,,2026-04-24,2027-02-24,365,false,2018-12-08 14:18:08.000,2026-06-24 16:17:32.000
17926,2926,36.00,31.00,4.00,36.00,31.00,51.00,MEDIUM,,,,,2026-06-24,2026-12-24,365,false,2025-08-10 04:35:10.000,2026-06-24 16:17:32.000
17933,2933,43.00,38.00,4.00,43.00,38.00,58.00,MEDIUM,,,,,2026-03-24,2027-03-24,365,false,2017-03-14 07:05:10.000,2026-06-24 16:17:32.000
17937,2937,47.00,42.00,2.00,47.00,42.00,62.00,MEDIUM,,,,,2026-04-24,2026-12-24,365,false,2004-10-12 22:57:12.000,2026-06-24 16:17:32.000
17942,2942,52.00,47.00,5.00,52.00,47.00,37.00,MEDIUM,,,,,2026-06-24,2027-01-24,365,false,2005-09-08 09:35:33.000,2026-06-24 16:17:32.000
17943,2943,53.00,48.00,2.00,53.00,48.00,38.00,MEDIUM,,,,,2026-05-24,2026-12-24,365,false,1996-11-10 17:48:39.000,2026-06-24 16:17:32.000
17949,2949,59.00,54.00,2.00,59.00,54.00,44.00,MEDIUM,,,,,2026-04-24,2027-02-24,365,false,2025-04-22 06:33:20.000,2026-06-24 16:17:32.000
17963,2963,38.00,28.00,3.00,38.00,28.00,58.00,MEDIUM,,,,,2026-06-24,2027-04-24,365,false,2019-12-05 11:35:05.000,2026-06-24 16:17:32.000
17974,2974,49.00,39.00,4.00,49.00,39.00,39.00,MEDIUM,,,,,2026-03-24,2027-04-24,365,false,2026-02-17 14:23:35.000,2026-06-24 16:17:32.000
17983,2983,58.00,48.00,4.00,58.00,48.00,48.00,MEDIUM,,,,,2026-03-24,2026-12-24,365,false,2018-08-06 17:20:27.000,2026-06-24 16:17:32.000
17985,2985,60.00,50.00,4.00,60.00,50.00,50.00,MEDIUM,,,,,2026-03-24,2026-12-24,365,false,2017-12-21 00:39:41.000,2026-06-24 16:17:32.000
17987,2987,62.00,52.00,2.00,62.00,52.00,52.00,MEDIUM,,,,,2026-02-24,2027-04-24,365,false,2020-05-06 20:18:42.000,2026-06-24 16:17:32.000
17993,2993,33.00,58.00,4.00,33.00,58.00,58.00,MEDIUM,,,,,2026-05-24,2027-02-24,365,false,2022-07-10 09:27:04.000,2026-06-24 16:17:32.000
17994,2994,34.00,59.00,4.00,34.00,59.00,59.00,MEDIUM,,,,,2026-05-24,2027-02-24,365,false,2024-02-16 22:03:14.000,2026-06-24 16:17:32.000
17999,2999,39.00,64.00,4.00,39.00,64.00,64.00,MEDIUM,,,,,2026-01-24,2027-05-24,365,false,2007-03-20 22:14:27.000,2026-06-24 16:17:32.000
18018,3018,58.00,43.00,5.00,58.00,43.00,53.00,MEDIUM,,,,,2026-04-24,2027-02-24,365,false,2013-05-31 02:07:20.000,2026-06-24 16:17:32.000
18019,3019,59.00,44.00,2.00,59.00,44.00,54.00,MEDIUM,,,,,2026-04-24,2027-02-24,365,false,2013-11-02 05:30:44.000,2026-06-24 16:17:32.000
18025,3025,30.00,50.00,3.00,30.00,50.00,60.00,MEDIUM,,,,,2026-01-24,2027-05-24,365,false,2020-07-23 11:31:14.000,2026-06-24 16:17:32.000
18041,3041,46.00,26.00,5.00,46.00,26.00,46.00,MEDIUM,,,,,2026-06-24,2027-02-24,365,false,2016-03-27 14:31:40.000,2026-06-24 16:17:32.000
18051,3051,56.00,36.00,5.00,56.00,36.00,56.00,MEDIUM,,,,,2026-05-24,2027-04-24,365,false,2003-05-24 10:43:00.000,2026-06-24 16:17:32.000
18063,3063,33.00,48.00,5.00,33.00,48.00,38.00,MEDIUM,,,,,2026-02-24,2027-02-24,365,false,2008-12-02 20:56:48.000,2026-06-24 16:17:32.000
18069,3069,39.00,54.00,2.00,39.00,54.00,44.00,MEDIUM,,,,,2026-05-24,2027-02-24,365,false,2012-03-08 03:38:33.000,2026-06-24 16:17:32.000
18071,3071,41.00,56.00,5.00,41.00,56.00,46.00,MEDIUM,,,,,2026-01-24,2026-12-24,365,false,2000-08-09 22:12:08.000,2026-06-24 16:17:32.000
18075,3075,45.00,60.00,2.00,45.00,60.00,50.00,MEDIUM,,,,,2026-06-24,2027-01-24,365,false,2024-06-12 00:06:07.000,2026-06-24 16:17:32.000
18085,3085,55.00,30.00,2.00,55.00,30.00,60.00,MEDIUM,,,,,2026-04-24,2026-12-24,365,false,2023-11-29 02:12:10.000,2026-06-24 16:17:32.000
18102,3102,37.00,47.00,5.00,37.00,47.00,47.00,MEDIUM,,,,,2026-05-24,2027-01-24,365,false,2024-03-08 17:35:50.000,2026-06-24 16:17:32.000
18109,3109,44.00,54.00,3.00,44.00,54.00,54.00,MEDIUM,,,,,2026-01-24,2027-02-24,365,false,2013-10-29 06:22:39.000,2026-06-24 16:17:32.000
18110,3110,45.00,55.00,5.00,45.00,55.00,55.00,MEDIUM,,,,,2026-03-24,2027-02-24,365,false,2019-12-28 17:41:21.000,2026-06-24 16:17:32.000
18115,3115,50.00,60.00,4.00,50.00,60.00,60.00,MEDIUM,,,,,2026-03-24,2027-01-24,365,false,2005-08-13 09:58:24.000,2026-06-24 16:17:32.000
18117,3117,52.00,62.00,5.00,52.00,62.00,62.00,MEDIUM,,,,,2026-05-24,2027-01-24,365,false,1998-09-11 21:04:23.000,2026-06-24 16:17:32.000
18133,3133,33.00,38.00,3.00,33.00,38.00,48.00,MEDIUM,,,,,2026-05-24,2027-04-24,365,false,2001-12-12 11:55:03.000,2026-06-24 16:17:32.000
18134,3134,34.00,39.00,4.00,34.00,39.00,49.00,MEDIUM,,,,,2026-05-24,2027-02-24,365,false,2024-07-28 01:18:40.000,2026-06-24 16:17:32.000
18143,3143,43.00,48.00,5.00,43.00,48.00,58.00,MEDIUM,,,,,2026-05-24,2027-02-24,365,false,2022-01-15 11:57:45.000,2026-06-24 16:17:32.000
18146,3146,46.00,51.00,3.00,46.00,51.00,61.00,MEDIUM,,,,,2026-06-24,2027-01-24,365,false,2024-03-09 07:24:30.000,2026-06-24 16:17:32.000
18147,3147,47.00,52.00,3.00,47.00,52.00,62.00,MEDIUM,,,,,2026-02-24,2027-03-24,365,false,2025-12-25 07:12:58.000,2026-06-24 16:17:32.000
18149,3149,49.00,54.00,4.00,49.00,54.00,64.00,MEDIUM,,,,,2026-06-24,2027-01-24,365,false,2009-06-27 12:32:58.000,2026-06-24 16:17:32.000
18171,3171,36.00,36.00,4.00,36.00,36.00,56.00,MEDIUM,,,,,2026-02-24,2027-03-24,365,false,2015-02-17 19:25:38.000,2026-06-24 16:17:32.000
18174,3174,39.00,39.00,5.00,39.00,39.00,59.00,MEDIUM,,,,,2026-05-24,2027-01-24,365,false,2018-02-06 04:42:35.000,2026-06-24 16:17:32.000
18175,3175,40.00,40.00,5.00,40.00,40.00,60.00,MEDIUM,,,,,2026-06-24,2027-04-24,365,false,2025-08-25 06:03:39.000,2026-06-24 16:17:32.000
18181,3181,46.00,46.00,2.00,46.00,46.00,36.00,MEDIUM,,,,,2026-05-24,2027-04-24,365,false,2009-07-06 09:43:17.000,2026-06-24 16:17:32.000
18189,3189,54.00,54.00,2.00,54.00,54.00,44.00,MEDIUM,,,,,2026-02-24,2027-03-24,365,false,2018-11-29 05:12:32.000,2026-06-24 16:17:32.000
18190,3190,55.00,55.00,4.00,55.00,55.00,45.00,MEDIUM,,,,,2026-01-24,2027-03-24,365,false,2024-09-11 17:11:02.000,2026-06-24 16:17:32.000
18206,3206,36.00,31.00,2.00,36.00,31.00,61.00,MEDIUM,,,,,2026-06-24,2027-04-24,365,false,2002-03-12 14:12:07.000,2026-06-24 16:17:32.000
18211,3211,41.00,36.00,3.00,41.00,36.00,36.00,MEDIUM,,,,,2026-03-24,2026-12-24,365,false,2020-07-18 21:45:36.000,2026-06-24 16:17:32.000
18217,3217,47.00,42.00,3.00,47.00,42.00,42.00,MEDIUM,,,,,2026-01-24,2027-02-24,365,false,2015-11-08 14:30:20.000,2026-06-24 16:17:32.000
18226,3226,56.00,51.00,4.00,56.00,51.00,51.00,MEDIUM,,,,,2026-03-24,2026-12-24,365,false,2006-12-01 14:06:26.000,2026-06-24 16:17:32.000
18242,3242,37.00,27.00,5.00,37.00,27.00,37.00,MEDIUM,,,,,2026-04-24,2026-12-24,365,false,2004-09-04 03:02:54.000,2026-06-24 16:17:32.000
18243,3243,38.00,28.00,5.00,38.00,28.00,38.00,MEDIUM,,,,,2026-03-24,2027-05-24,365,false,2019-12-14 18:04:29.000,2026-06-24 16:17:32.000
18253,3253,48.00,38.00,4.00,48.00,38.00,48.00,MEDIUM,,,,,2026-04-24,2027-05-24,365,false,2024-08-07 21:31:51.000,2026-06-24 16:17:32.000
18269,3269,64.00,54.00,3.00,64.00,54.00,64.00,MEDIUM,,,,,2026-04-24,2027-01-24,365,false,2018-04-17 16:11:37.000,2026-06-24 16:17:32.000
18274,3274,34.00,59.00,3.00,34.00,59.00,39.00,MEDIUM,,,,,2026-02-24,2027-05-24,365,false,2017-07-23 14:50:22.000,2026-06-24 16:17:32.000
18281,3281,41.00,26.00,4.00,41.00,26.00,46.00,MEDIUM,,,,,2026-03-24,2026-12-24,365,false,2003-04-26 20:39:53.000,2026-06-24 16:17:32.000
18289,3289,49.00,34.00,4.00,49.00,34.00,54.00,MEDIUM,,,,,2026-03-24,2027-01-24,365,false,2023-03-02 18:15:54.000,2026-06-24 16:17:32.000
18301,3301,61.00,46.00,5.00,61.00,46.00,36.00,MEDIUM,,,,,2026-06-24,2027-05-24,365,false,2024-05-14 09:11:56.000,2026-06-24 16:17:32.000
18307,3307,32.00,52.00,2.00,32.00,52.00,42.00,MEDIUM,,,,,2026-06-24,2027-04-24,365,false,2002-06-01 02:02:05.000,2026-06-24 16:17:32.000
18319,3319,44.00,64.00,2.00,44.00,64.00,54.00,MEDIUM,,,,,2026-06-24,2027-02-24,365,false,2021-08-08 05:06:15.000,2026-06-24 16:17:32.000
18321,3321,46.00,26.00,2.00,46.00,26.00,56.00,MEDIUM,,,,,2026-02-24,2027-01-24,365,false,2018-09-05 09:40:35.000,2026-06-24 16:17:32.000
18327,3327,52.00,32.00,5.00,52.00,32.00,62.00,MEDIUM,,,,,2026-02-24,2027-01-24,365,false,2025-06-09 05:48:43.000,2026-06-24 16:17:32.000
18330,3330,55.00,35.00,4.00,55.00,35.00,35.00,MEDIUM,,,,,2026-03-24,2027-04-24,365,false,2025-06-16 21:44:58.000,2026-06-24 16:17:32.000
18335,3335,60.00,40.00,3.00,60.00,40.00,40.00,MEDIUM,,,,,2026-02-24,2027-04-24,365,false,2025-07-01 23:20:38.000,2026-06-24 16:17:32.000
18338,3338,63.00,43.00,2.00,63.00,43.00,43.00,MEDIUM,,,,,2026-03-24,2027-02-24,365,false,2024-10-19 14:49:42.000,2026-06-24 16:17:32.000
18341,3341,31.00,46.00,5.00,31.00,46.00,46.00,MEDIUM,,,,,2026-02-24,2027-02-24,365,false,2026-01-07 02:22:32.000,2026-06-24 16:17:32.000
18342,3342,32.00,47.00,3.00,32.00,47.00,47.00,MEDIUM,,,,,2026-03-24,2027-05-24,365,false,2023-08-08 19:12:10.000,2026-06-24 16:17:32.000
18345,3345,35.00,50.00,5.00,35.00,50.00,50.00,MEDIUM,,,,,2026-01-24,2027-05-24,365,false,2018-02-22 17:59:23.000,2026-06-24 16:17:32.000
18354,3354,44.00,59.00,5.00,44.00,59.00,59.00,MEDIUM,,,,,2026-06-24,2027-03-24,365,false,2006-11-05 00:59:09.000,2026-06-24 16:17:32.000
18361,3361,51.00,26.00,5.00,51.00,26.00,36.00,MEDIUM,,,,,2026-06-24,2027-04-24,365,false,2020-01-05 01:12:18.000,2026-06-24 16:17:32.000
18369,3369,59.00,34.00,3.00,59.00,34.00,44.00,MEDIUM,,,,,2026-06-24,2027-02-24,365,false,2025-01-09 05:58:36.000,2026-06-24 16:17:32.000
18385,3385,40.00,50.00,4.00,40.00,50.00,60.00,MEDIUM,,,,,2026-04-24,2027-01-24,365,false,2025-07-20 22:19:39.000,2026-06-24 16:17:32.000
18386,3386,41.00,51.00,4.00,41.00,51.00,61.00,MEDIUM,,,,,2026-04-24,2027-02-24,365,false,2022-06-11 12:57:35.000,2026-06-24 16:17:32.000
18397,3397,52.00,62.00,2.00,52.00,62.00,42.00,MEDIUM,,,,,2026-06-24,2027-03-24,365,false,2025-08-17 16:13:09.000,2026-06-24 16:17:32.000
18403,3403,58.00,28.00,3.00,58.00,28.00,48.00,MEDIUM,,,,,2026-06-24,2027-04-24,365,false,2026-06-17 10:57:47.000,2026-06-24 16:17:32.000
18409,3409,64.00,34.00,5.00,64.00,34.00,54.00,MEDIUM,,,,,2026-04-24,2027-02-24,365,false,2024-06-08 11:55:20.000,2026-06-24 16:17:32.000
18410,3410,30.00,35.00,2.00,30.00,35.00,55.00,MEDIUM,,,,,2026-01-24,2027-02-24,365,false,2021-10-02 18:12:20.000,2026-06-24 16:17:32.000
18415,3415,35.00,40.00,2.00,35.00,40.00,60.00,MEDIUM,,,,,2026-03-24,2027-04-24,365,false,2022-07-06 04:26:18.000,2026-06-24 16:17:32.000
18430,3430,50.00,55.00,2.00,50.00,55.00,45.00,MEDIUM,,,,,2026-02-24,2027-05-24,365,false,2008-09-09 06:12:27.000,2026-06-24 16:17:32.000
18437,3437,57.00,62.00,2.00,57.00,62.00,52.00,MEDIUM,,,,,2026-06-24,2027-04-24,365,false,2006-07-27 23:32:21.000,2026-06-24 16:17:32.000
18439,3439,59.00,64.00,5.00,59.00,64.00,54.00,MEDIUM,,,,,2026-04-24,2027-01-24,365,false,2025-06-18 20:05:14.000,2026-06-24 16:17:32.000
18442,3442,62.00,27.00,5.00,62.00,27.00,57.00,MEDIUM,,,,,2026-03-24,2027-02-24,365,false,2025-08-27 04:57:27.000,2026-06-24 16:17:32.000
18449,3449,34.00,34.00,3.00,34.00,34.00,64.00,MEDIUM,,,,,2026-03-24,2027-02-24,365,false,2023-07-02 17:54:04.000,2026-06-24 16:17:32.000
18453,3453,38.00,38.00,2.00,38.00,38.00,38.00,MEDIUM,,,,,2026-06-24,2027-05-24,365,false,2013-01-27 12:01:12.000,2026-06-24 16:17:32.000
18454,3454,39.00,39.00,4.00,39.00,39.00,39.00,MEDIUM,,,,,2026-03-24,2027-02-24,365,false,1994-10-21 16:49:40.000,2026-06-24 16:17:32.000
18478,3478,63.00,63.00,2.00,63.00,63.00,63.00,MEDIUM,,,,,2026-04-24,2027-01-24,365,false,2018-08-18 12:36:34.000,2026-06-24 16:17:32.000
18486,3486,36.00,31.00,5.00,36.00,31.00,41.00,MEDIUM,,,,,2026-01-24,2026-12-24,365,false,1997-10-11 12:14:31.000,2026-06-24 16:17:32.000
18490,3490,40.00,35.00,4.00,40.00,35.00,45.00,MEDIUM,,,,,2026-04-24,2027-05-24,365,false,1996-07-25 05:54:33.000,2026-06-24 16:17:32.000
18505,3505,55.00,50.00,4.00,55.00,50.00,60.00,MEDIUM,,,,,2026-01-24,2027-03-24,365,false,2025-08-15 08:01:48.000,2026-06-24 16:17:32.000
18513,3513,63.00,58.00,2.00,63.00,58.00,38.00,MEDIUM,,,,,2026-01-24,2026-12-24,365,false,2017-02-22 10:05:15.000,2026-06-24 16:17:32.000
18522,3522,37.00,27.00,2.00,37.00,27.00,47.00,MEDIUM,,,,,2026-02-24,2027-01-24,365,false,2023-06-19 01:35:04.000,2026-06-24 16:17:32.000
18523,3523,38.00,28.00,2.00,38.00,28.00,48.00,MEDIUM,,,,,2026-02-24,2027-02-24,365,false,2021-09-10 15:20:39.000,2026-06-24 16:17:32.000
18538,3538,53.00,43.00,4.00,53.00,43.00,63.00,MEDIUM,,,,,2026-03-24,2026-12-24,365,false,2021-05-07 09:46:40.000,2026-06-24 16:17:32.000
18551,3551,31.00,56.00,4.00,31.00,56.00,46.00,MEDIUM,,,,,2026-06-24,2027-03-24,365,false,1998-12-19 10:10:42.000,2026-06-24 16:17:32.000
18557,3557,37.00,62.00,4.00,37.00,62.00,52.00,MEDIUM,,,,,2026-04-24,2026-12-24,365,false,2012-10-08 06:43:25.000,2026-06-24 16:17:32.000
18573,3573,53.00,38.00,5.00,53.00,38.00,38.00,MEDIUM,,,,,2026-06-24,2027-02-24,365,false,2025-06-02 10:05:48.000,2026-06-24 16:17:32.000
18583,3583,63.00,48.00,3.00,63.00,48.00,48.00,MEDIUM,,,,,2026-06-24,2027-03-24,365,false,2019-08-12 10:39:56.000,2026-06-24 16:17:32.000
18589,3589,34.00,54.00,2.00,34.00,54.00,54.00,MEDIUM,,,,,2026-01-24,2026-12-24,365,false,2024-01-31 12:33:49.000,2026-06-24 16:17:32.000
18595,3595,40.00,60.00,2.00,40.00,60.00,60.00,MEDIUM,,,,,2026-03-24,2027-05-24,365,false,2021-01-01 21:34:02.000,2026-06-24 16:17:32.000
18614,3614,59.00,39.00,5.00,59.00,39.00,49.00,MEDIUM,,,,,2026-02-24,2027-01-24,365,false,2017-11-07 09:33:42.000,2026-06-24 16:17:32.000
18634,3634,44.00,59.00,3.00,44.00,59.00,39.00,MEDIUM,,,,,2026-05-24,2027-04-24,365,false,2025-05-29 15:18:53.000,2026-06-24 16:17:32.000
18635,3635,45.00,60.00,2.00,45.00,60.00,40.00,MEDIUM,,,,,2026-05-24,2027-02-24,365,false,2018-03-08 07:44:04.000,2026-06-24 16:17:32.000
18639,3639,49.00,64.00,4.00,49.00,64.00,44.00,MEDIUM,,,,,2026-01-24,2027-03-24,365,false,1995-04-10 00:05:29.000,2026-06-24 16:17:32.000
18641,3641,51.00,26.00,3.00,51.00,26.00,46.00,MEDIUM,,,,,2026-01-24,2027-03-24,365,false,2023-11-14 13:07:52.000,2026-06-24 16:17:32.000
18643,3643,53.00,28.00,5.00,53.00,28.00,48.00,MEDIUM,,,,,2026-03-24,2027-05-24,365,false,2023-08-26 17:10:41.000,2026-06-24 16:17:32.000
18645,3645,55.00,30.00,4.00,55.00,30.00,50.00,MEDIUM,,,,,2026-06-24,2027-03-24,365,false,2012-10-29 05:16:27.000,2026-06-24 16:17:32.000
18663,3663,38.00,48.00,2.00,38.00,48.00,38.00,MEDIUM,,,,,2026-04-24,2027-02-24,365,false,1997-09-12 01:55:54.000,2026-06-24 16:17:32.000
18698,3698,38.00,43.00,5.00,38.00,43.00,43.00,MEDIUM,,,,,2026-02-24,2026-12-24,365,false,2001-07-07 00:06:26.000,2026-06-24 16:17:32.000
18707,3707,47.00,52.00,5.00,47.00,52.00,52.00,MEDIUM,,,,,2026-06-24,2027-04-24,365,false,2002-07-10 05:10:05.000,2026-06-24 16:17:32.000
18713,3713,53.00,58.00,5.00,53.00,58.00,58.00,MEDIUM,,,,,2026-01-24,2027-02-24,365,false,2014-03-13 19:30:11.000,2026-06-24 16:17:32.000
18714,3714,54.00,59.00,2.00,54.00,59.00,59.00,MEDIUM,,,,,2026-06-24,2027-01-24,365,false,2005-12-08 17:19:25.000,2026-06-24 16:17:32.000
18719,3719,59.00,64.00,4.00,59.00,64.00,64.00,MEDIUM,,,,,2026-02-24,2026-12-24,365,false,2023-06-18 17:18:39.000,2026-06-24 16:17:32.000
18722,3722,62.00,27.00,2.00,62.00,27.00,37.00,MEDIUM,,,,,2026-02-24,2027-03-24,365,false,2021-04-10 22:10:59.000,2026-06-24 16:17:32.000
18746,3746,51.00,51.00,3.00,51.00,51.00,61.00,MEDIUM,,,,,2026-04-24,2027-01-24,365,false,2019-10-27 08:41:35.000,2026-06-24 16:17:32.000
18747,3747,52.00,52.00,5.00,52.00,52.00,62.00,MEDIUM,,,,,2026-06-24,2027-05-24,365,false,2013-08-26 07:15:58.000,2026-06-24 16:17:32.000
18749,3749,54.00,54.00,3.00,54.00,54.00,64.00,MEDIUM,,,,,2026-06-24,2027-02-24,365,false,2022-08-15 09:32:47.000,2026-06-24 16:17:32.000
18750,3750,55.00,55.00,2.00,55.00,55.00,35.00,MEDIUM,,,,,2026-06-24,2027-04-24,365,false,2015-03-07 23:43:46.000,2026-06-24 16:17:32.000
18753,3753,58.00,58.00,2.00,58.00,58.00,38.00,MEDIUM,,,,,2026-01-24,2027-05-24,365,false,2026-03-25 16:53:18.000,2026-06-24 16:17:32.000
18754,3754,59.00,59.00,3.00,59.00,59.00,39.00,MEDIUM,,,,,2026-03-24,2026-12-24,365,false,2010-01-16 18:29:18.000,2026-06-24 16:17:32.000
18773,3773,43.00,38.00,2.00,43.00,38.00,58.00,MEDIUM,,,,,2026-04-24,2027-01-24,365,false,2022-03-24 13:57:37.000,2026-06-24 16:17:32.000
18779,3779,49.00,44.00,4.00,49.00,44.00,64.00,MEDIUM,,,,,2026-03-24,2027-01-24,365,false,2022-06-20 22:21:53.000,2026-06-24 16:17:32.000
18787,3787,57.00,52.00,4.00,57.00,52.00,42.00,MEDIUM,,,,,2026-04-24,2027-03-24,365,false,2023-08-09 12:21:22.000,2026-06-24 16:17:32.000
18793,3793,63.00,58.00,4.00,63.00,58.00,48.00,MEDIUM,,,,,2026-06-24,2027-01-24,365,false,2025-08-26 19:25:26.000,2026-06-24 16:17:32.000
18794,3794,64.00,59.00,2.00,64.00,59.00,49.00,MEDIUM,,,,,2026-05-24,2027-03-24,365,false,2006-08-11 03:19:21.000,2026-06-24 16:17:32.000
18819,3819,54.00,44.00,5.00,54.00,44.00,44.00,MEDIUM,,,,,2026-02-24,2027-02-24,365,false,2024-08-02 03:46:45.000,2026-06-24 16:17:32.000
18837,3837,37.00,62.00,3.00,37.00,62.00,62.00,MEDIUM,,,,,2026-04-24,2027-05-24,365,false,2007-02-16 13:16:37.000,2026-06-24 16:17:32.000
18841,3841,41.00,26.00,4.00,41.00,26.00,36.00,MEDIUM,,,,,2026-06-24,2027-02-24,365,false,2005-03-15 03:11:30.000,2026-06-24 16:17:32.000
18842,3842,42.00,27.00,5.00,42.00,27.00,37.00,MEDIUM,,,,,2026-03-24,2027-02-24,365,false,1996-01-02 20:50:29.000,2026-06-24 16:17:32.000
18843,3843,43.00,28.00,2.00,43.00,28.00,38.00,MEDIUM,,,,,2026-04-24,2027-01-24,365,false,2019-08-30 10:29:13.000,2026-06-24 16:17:32.000
18846,3846,46.00,31.00,2.00,46.00,31.00,41.00,MEDIUM,,,,,2026-04-24,2027-01-24,365,false,2008-01-01 10:59:07.000,2026-06-24 16:17:32.000
18850,3850,50.00,35.00,4.00,50.00,35.00,45.00,MEDIUM,,,,,2026-06-24,2027-01-24,365,false,2013-02-01 03:51:03.000,2026-06-24 16:17:32.000
18851,3851,51.00,36.00,2.00,51.00,36.00,46.00,MEDIUM,,,,,2026-02-24,2027-02-24,365,false,2006-06-20 14:21:29.000,2026-06-24 16:17:32.000
18863,3863,63.00,48.00,4.00,63.00,48.00,58.00,MEDIUM,,,,,2026-06-24,2027-02-24,365,false,2024-07-30 16:08:35.000,2026-06-24 16:17:32.000
18867,3867,32.00,52.00,4.00,32.00,52.00,62.00,MEDIUM,,,,,2026-02-24,2027-05-24,365,false,2008-01-05 13:30:42.000,2026-06-24 16:17:32.000
18870,3870,35.00,55.00,4.00,35.00,55.00,35.00,MEDIUM,,,,,2026-04-24,2027-02-24,365,false,2021-03-03 13:45:38.000,2026-06-24 16:17:32.000
18873,3873,38.00,58.00,3.00,38.00,58.00,38.00,MEDIUM,,,,,2026-01-24,2027-03-24,365,false,1995-01-10 03:35:28.000,2026-06-24 16:17:32.000
18878,3878,43.00,63.00,3.00,43.00,63.00,43.00,MEDIUM,,,,,2026-01-24,2027-04-24,365,false,2012-02-24 20:15:37.000,2026-06-24 16:17:32.000
18883,3883,48.00,28.00,2.00,48.00,28.00,48.00,MEDIUM,,,,,2026-03-24,2027-01-24,365,false,2023-05-27 01:24:28.000,2026-06-24 16:17:32.000
18885,3885,50.00,30.00,3.00,50.00,30.00,50.00,MEDIUM,,,,,2026-06-24,2027-05-24,365,false,2016-12-09 15:26:46.000,2026-06-24 16:17:32.000
18887,3887,52.00,32.00,3.00,52.00,32.00,52.00,MEDIUM,,,,,2026-06-24,2027-02-24,365,false,2010-12-31 19:20:38.000,2026-06-24 16:17:32.000
18909,3909,39.00,54.00,3.00,39.00,54.00,44.00,MEDIUM,,,,,2026-06-24,2027-03-24,365,false,2019-03-22 18:07:42.000,2026-06-24 16:17:32.000
18910,3910,40.00,55.00,4.00,40.00,55.00,45.00,MEDIUM,,,,,2026-05-24,2027-02-24,365,false,2025-09-06 07:42:07.000,2026-06-24 16:17:32.000
18917,3917,47.00,62.00,5.00,47.00,62.00,52.00,MEDIUM,,,,,2026-03-24,2027-01-24,365,false,2019-12-12 14:53:42.000,2026-06-24 16:17:32.000
18921,3921,51.00,26.00,2.00,51.00,26.00,56.00,MEDIUM,,,,,2026-06-24,2027-03-24,365,false,2020-01-23 14:26:05.000,2026-06-24 16:17:32.000
18922,3922,52.00,27.00,5.00,52.00,27.00,57.00,MEDIUM,,,,,2026-01-24,2027-03-24,365,false,2021-04-18 17:22:02.000,2026-06-24 16:17:32.000
18923,3923,53.00,28.00,2.00,53.00,28.00,58.00,MEDIUM,,,,,2026-02-24,2027-05-24,365,false,2022-08-18 17:32:15.000,2026-06-24 16:17:32.000
18929,3929,59.00,34.00,5.00,59.00,34.00,64.00,MEDIUM,,,,,2026-05-24,2027-01-24,365,false,2013-12-28 13:59:42.000,2026-06-24 16:17:32.000
18930,3930,60.00,35.00,2.00,60.00,35.00,35.00,MEDIUM,,,,,2026-06-24,2027-01-24,365,false,2009-01-26 16:10:32.000,2026-06-24 16:17:32.000
18934,3934,64.00,39.00,3.00,64.00,39.00,39.00,MEDIUM,,,,,2026-05-24,2026-12-24,365,false,2020-07-07 20:07:12.000,2026-06-24 16:17:32.000
18935,3935,30.00,40.00,4.00,30.00,40.00,40.00,MEDIUM,,,,,2026-05-24,2027-04-24,365,false,2023-02-28 11:39:39.000,2026-06-24 16:17:32.000
18937,3937,32.00,42.00,3.00,32.00,42.00,42.00,MEDIUM,,,,,2026-06-24,2027-01-24,365,false,2023-10-28 14:22:19.000,2026-06-24 16:17:32.000
18955,3955,50.00,60.00,4.00,50.00,60.00,60.00,MEDIUM,,,,,2026-05-24,2027-02-24,365,false,2018-04-01 06:13:55.000,2026-06-24 16:17:32.000
18958,3958,53.00,63.00,5.00,53.00,63.00,63.00,MEDIUM,,,,,2026-05-24,2027-05-24,365,false,2004-03-27 12:11:44.000,2026-06-24 16:17:32.000
18965,3965,60.00,30.00,5.00,60.00,30.00,40.00,MEDIUM,,,,,2026-05-24,2027-02-24,365,false,2021-04-18 12:30:39.000,2026-06-24 16:17:32.000
18969,3969,64.00,34.00,4.00,64.00,34.00,44.00,MEDIUM,,,,,2026-05-24,2027-04-24,365,false,2022-09-05 12:39:38.000,2026-06-24 16:17:32.000
18974,3974,34.00,39.00,2.00,34.00,39.00,49.00,MEDIUM,,,,,2026-04-24,2027-05-24,365,false,2020-06-01 03:24:00.000,2026-06-24 16:17:32.000
19001,4001,61.00,26.00,4.00,61.00,26.00,46.00,MEDIUM,,,,,2026-02-24,2027-02-24,365,false,2020-01-07 22:27:32.000,2026-06-24 16:17:32.000
19011,4011,36.00,36.00,4.00,36.00,36.00,56.00,MEDIUM,,,,,2026-03-24,2027-01-24,365,false,2016-11-04 11:17:15.000,2026-06-24 16:17:32.000
19013,4013,38.00,38.00,5.00,38.00,38.00,58.00,MEDIUM,,,,,2026-02-24,2027-01-24,365,false,2016-11-03 18:52:09.000,2026-06-24 16:17:32.000
19018,4018,43.00,43.00,3.00,43.00,43.00,63.00,MEDIUM,,,,,2026-05-24,2027-02-24,365,false,2001-03-03 17:13:03.000,2026-06-24 16:17:32.000
19033,4033,58.00,58.00,2.00,58.00,58.00,48.00,MEDIUM,,,,,2026-02-24,2027-03-24,365,false,2026-04-30 23:27:38.000,2026-06-24 16:17:32.000
19043,4043,33.00,28.00,2.00,33.00,28.00,58.00,MEDIUM,,,,,2026-04-24,2027-02-24,365,false,2020-08-07 07:02:37.000,2026-06-24 16:17:32.000
19051,4051,41.00,36.00,4.00,41.00,36.00,36.00,MEDIUM,,,,,2026-01-24,2027-05-24,365,false,2004-08-25 09:41:05.000,2026-06-24 16:17:32.000
19061,4061,51.00,46.00,5.00,51.00,46.00,46.00,MEDIUM,,,,,2026-04-24,2027-02-24,365,false,2024-04-29 20:50:42.000,2026-06-24 16:17:32.000
19062,4062,52.00,47.00,2.00,52.00,47.00,47.00,MEDIUM,,,,,2026-03-24,2027-05-24,365,false,2011-01-06 18:41:58.000,2026-06-24 16:17:32.000
19074,4074,64.00,59.00,4.00,64.00,59.00,59.00,MEDIUM,,,,,2026-05-24,2027-02-24,365,false,2010-10-17 09:22:21.000,2026-06-24 16:17:32.000
19075,4075,30.00,60.00,5.00,30.00,60.00,60.00,MEDIUM,,,,,2026-05-24,2027-03-24,365,false,2019-10-10 19:05:25.000,2026-06-24 16:17:32.000
19077,4077,32.00,62.00,2.00,32.00,62.00,62.00,MEDIUM,,,,,2026-04-24,2027-03-24,365,false,2017-02-18 16:59:40.000,2026-06-24 16:17:32.000
19078,4078,33.00,63.00,5.00,33.00,63.00,63.00,MEDIUM,,,,,2026-04-24,2027-02-24,365,false,2024-02-16 12:38:52.000,2026-06-24 16:17:32.000
19085,4085,40.00,30.00,4.00,40.00,30.00,40.00,MEDIUM,,,,,2026-06-24,2027-02-24,365,false,2001-10-06 03:12:21.000,2026-06-24 16:17:32.000
19089,4089,44.00,34.00,4.00,44.00,34.00,44.00,MEDIUM,,,,,2026-05-24,2027-03-24,365,false,2013-08-11 17:01:58.000,2026-06-24 16:17:32.000
19095,4095,50.00,40.00,5.00,50.00,40.00,50.00,MEDIUM,,,,,2026-05-24,2027-04-24,365,false,2023-06-03 10:42:06.000,2026-06-24 16:17:32.000
19109,4109,64.00,54.00,2.00,64.00,54.00,64.00,MEDIUM,,,,,2026-05-24,2027-03-24,365,false,2023-11-13 22:24:57.000,2026-06-24 16:17:32.000
19122,4122,42.00,27.00,3.00,42.00,27.00,47.00,MEDIUM,,,,,2026-01-24,2027-03-24,365,false,2013-12-16 03:55:00.000,2026-06-24 16:17:32.000
19138,4138,58.00,43.00,3.00,58.00,43.00,63.00,MEDIUM,,,,,2026-06-24,2027-04-24,365,false,2019-07-17 09:09:46.000,2026-06-24 16:17:32.000
19141,4141,61.00,46.00,2.00,61.00,46.00,36.00,MEDIUM,,,,,2026-06-24,2027-05-24,365,false,2016-10-19 19:48:44.000,2026-06-24 16:17:32.000
19143,4143,63.00,48.00,5.00,63.00,48.00,38.00,MEDIUM,,,,,2026-05-24,2027-05-24,365,false,2019-08-14 19:20:20.000,2026-06-24 16:17:32.000
19146,4146,31.00,51.00,4.00,31.00,51.00,41.00,MEDIUM,,,,,2026-05-24,2027-01-24,365,false,2014-01-17 14:32:30.000,2026-06-24 16:17:32.000
19170,4170,55.00,35.00,5.00,55.00,35.00,35.00,MEDIUM,,,,,2026-06-24,2027-01-24,365,false,2022-09-14 09:19:16.000,2026-06-24 16:17:32.000
19175,4175,60.00,40.00,5.00,60.00,40.00,40.00,MEDIUM,,,,,2026-05-24,2027-01-24,365,false,2025-11-13 10:03:49.000,2026-06-24 16:17:32.000
19197,4197,47.00,62.00,5.00,47.00,62.00,62.00,MEDIUM,,,,,2026-01-24,2027-01-24,365,false,2011-11-24 00:27:58.000,2026-06-24 16:17:32.000
19217,4217,32.00,42.00,5.00,32.00,42.00,52.00,MEDIUM,,,,,2026-02-24,2027-02-24,365,false,2009-09-07 01:29:46.000,2026-06-24 16:17:32.000
19219,4219,34.00,44.00,2.00,34.00,44.00,54.00,MEDIUM,,,,,2026-01-24,2026-12-24,365,false,2019-03-17 17:06:57.000,2026-06-24 16:17:32.000
19221,4221,36.00,46.00,3.00,36.00,46.00,56.00,MEDIUM,,,,,2026-01-24,2027-01-24,365,false,2023-12-30 23:39:45.000,2026-06-24 16:17:32.000
19223,4223,38.00,48.00,4.00,38.00,48.00,58.00,MEDIUM,,,,,2026-01-24,2027-04-24,365,false,2025-11-18 22:35:27.000,2026-06-24 16:17:32.000
19234,4234,49.00,59.00,5.00,49.00,59.00,39.00,MEDIUM,,,,,2026-04-24,2026-12-24,365,false,2022-01-07 22:57:59.000,2026-06-24 16:17:32.000
19237,4237,52.00,62.00,2.00,52.00,62.00,42.00,MEDIUM,,,,,2026-01-24,2027-02-24,365,false,2017-12-02 15:41:42.000,2026-06-24 16:17:32.000
19238,4238,53.00,63.00,4.00,53.00,63.00,43.00,MEDIUM,,,,,2026-01-24,2027-01-24,365,false,2009-10-26 03:21:33.000,2026-06-24 16:17:32.000
19249,4249,64.00,34.00,2.00,64.00,34.00,54.00,MEDIUM,,,,,2026-02-24,2027-04-24,365,false,1994-10-26 07:12:48.000,2026-06-24 16:17:32.000
19253,4253,33.00,38.00,4.00,33.00,38.00,58.00,MEDIUM,,,,,2026-04-24,2027-03-24,365,false,2011-07-29 01:01:23.000,2026-06-24 16:17:32.000
19263,4263,43.00,48.00,2.00,43.00,48.00,38.00,MEDIUM,,,,,2026-02-24,2027-02-24,365,false,2000-07-14 15:09:21.000,2026-06-24 16:17:32.000
19266,4266,46.00,51.00,3.00,46.00,51.00,41.00,MEDIUM,,,,,2026-04-24,2027-04-24,365,false,2008-09-08 14:41:49.000,2026-06-24 16:17:32.000
19267,4267,47.00,52.00,3.00,47.00,52.00,42.00,MEDIUM,,,,,2026-05-24,2027-05-24,365,false,2024-01-29 11:34:37.000,2026-06-24 16:17:32.000
19277,4277,57.00,62.00,3.00,57.00,62.00,52.00,MEDIUM,,,,,2026-04-24,2027-01-24,365,false,2017-04-18 13:03:13.000,2026-06-24 16:17:32.000
19287,4287,32.00,32.00,5.00,32.00,32.00,62.00,MEDIUM,,,,,2026-06-24,2026-12-24,365,false,2009-01-05 11:24:31.000,2026-06-24 16:17:32.000
19289,4289,34.00,34.00,4.00,34.00,34.00,64.00,MEDIUM,,,,,2026-04-24,2026-12-24,365,false,2026-03-05 09:07:07.000,2026-06-24 16:17:32.000
19295,4295,40.00,40.00,2.00,40.00,40.00,40.00,MEDIUM,,,,,2026-06-24,2027-04-24,365,false,2007-05-20 11:32:09.000,2026-06-24 16:17:32.000
19303,4303,48.00,48.00,3.00,48.00,48.00,48.00,MEDIUM,,,,,2026-03-24,2027-02-24,365,false,2009-05-20 06:38:35.000,2026-06-24 16:17:32.000
19311,4311,56.00,56.00,4.00,56.00,56.00,56.00,MEDIUM,,,,,2026-02-24,2027-01-24,365,false,2024-02-11 18:38:09.000,2026-06-24 16:17:32.000
19319,4319,64.00,64.00,3.00,64.00,64.00,64.00,MEDIUM,,,,,2026-04-24,2027-01-24,365,false,2023-01-13 07:03:21.000,2026-06-24 16:17:32.000
19321,4321,31.00,26.00,2.00,31.00,26.00,36.00,MEDIUM,,,,,2026-06-24,2027-05-24,365,false,2025-12-25 03:37:00.000,2026-06-24 16:17:32.000
19326,4326,36.00,31.00,3.00,36.00,31.00,41.00,MEDIUM,,,,,2026-03-24,2027-01-24,365,false,2019-08-31 13:56:07.000,2026-06-24 16:17:32.000
19329,4329,39.00,34.00,2.00,39.00,34.00,44.00,MEDIUM,,,,,2026-01-24,2026-12-24,365,false,2016-08-16 15:06:14.000,2026-06-24 16:17:32.000
19330,4330,40.00,35.00,5.00,40.00,35.00,45.00,MEDIUM,,,,,2026-02-24,2026-12-24,365,false,2018-05-20 18:42:57.000,2026-06-24 16:17:32.000
19338,4338,48.00,43.00,3.00,48.00,43.00,53.00,MEDIUM,,,,,2026-05-24,2027-04-24,365,false,2002-06-13 16:42:41.000,2026-06-24 16:17:32.000
19341,4341,51.00,46.00,2.00,51.00,46.00,56.00,MEDIUM,,,,,2026-05-24,2027-02-24,365,false,2006-05-21 06:49:38.000,2026-06-24 16:17:32.000
19349,4349,59.00,54.00,3.00,59.00,54.00,64.00,MEDIUM,,,,,2026-03-24,2027-05-24,365,false,2016-10-23 06:28:53.000,2026-06-24 16:17:32.000
19375,4375,50.00,40.00,4.00,50.00,40.00,60.00,MEDIUM,,,,,2026-06-24,2027-01-24,365,false,2024-12-09 13:38:06.000,2026-06-24 16:17:32.000
19378,4378,53.00,43.00,3.00,53.00,43.00,63.00,MEDIUM,,,,,2026-01-24,2027-04-24,365,false,2026-03-02 09:02:57.000,2026-06-24 16:17:32.000
19381,4381,56.00,46.00,4.00,56.00,46.00,36.00,MEDIUM,,,,,2026-04-24,2027-02-24,365,false,2018-09-18 13:02:49.000,2026-06-24 16:17:32.000
19385,4385,60.00,50.00,2.00,60.00,50.00,40.00,MEDIUM,,,,,2026-05-24,2026-12-24,365,false,2014-12-31 07:11:48.000,2026-06-24 16:17:32.000
19387,4387,62.00,52.00,4.00,62.00,52.00,42.00,MEDIUM,,,,,2026-01-24,2027-04-24,365,false,2011-03-18 12:29:29.000,2026-06-24 16:17:32.000
19390,4390,30.00,55.00,4.00,30.00,55.00,45.00,MEDIUM,,,,,2026-02-24,2027-01-24,365,false,2016-02-15 13:23:57.000,2026-06-24 16:17:32.000
19395,4395,35.00,60.00,3.00,35.00,60.00,50.00,MEDIUM,,,,,2026-03-24,2027-04-24,365,false,2009-03-11 20:14:58.000,2026-06-24 16:17:32.000
19397,4397,37.00,62.00,5.00,37.00,62.00,52.00,MEDIUM,,,,,2026-02-24,2026-12-24,365,false,2020-11-11 01:27:37.000,2026-06-24 16:17:32.000
19398,4398,38.00,63.00,5.00,38.00,63.00,53.00,MEDIUM,,,,,2026-04-24,2027-03-24,365,false,2009-10-04 00:41:57.000,2026-06-24 16:17:32.000
19399,4399,39.00,64.00,2.00,39.00,64.00,54.00,MEDIUM,,,,,2026-02-24,2027-04-24,365,false,2021-06-25 17:39:46.000,2026-06-24 16:17:32.000
19407,4407,47.00,32.00,5.00,47.00,32.00,62.00,MEDIUM,,,,,2026-05-24,2027-05-24,365,false,1996-07-29 01:48:02.000,2026-06-24 16:17:32.000
19410,4410,50.00,35.00,3.00,50.00,35.00,35.00,MEDIUM,,,,,2026-01-24,2027-02-24,365,false,2024-04-03 05:32:00.000,2026-06-24 16:17:32.000
19421,4421,61.00,46.00,3.00,61.00,46.00,46.00,MEDIUM,,,,,2026-03-24,2026-12-24,365,false,2009-07-19 07:57:30.000,2026-06-24 16:17:32.000
19422,4422,62.00,47.00,4.00,62.00,47.00,47.00,MEDIUM,,,,,2026-05-24,2027-02-24,365,false,2012-02-16 02:33:11.000,2026-06-24 16:17:32.000
19445,4445,50.00,30.00,5.00,50.00,30.00,40.00,MEDIUM,,,,,2026-02-24,2027-01-24,365,false,2026-01-01 16:20:38.000,2026-06-24 16:17:32.000
19447,4447,52.00,32.00,4.00,52.00,32.00,42.00,MEDIUM,,,,,2026-05-24,2027-02-24,365,false,2000-02-10 16:02:33.000,2026-06-24 16:17:32.000
19478,4478,48.00,63.00,4.00,48.00,63.00,43.00,MEDIUM,,,,,2026-04-24,2027-05-24,365,false,2010-05-25 23:17:12.000,2026-06-24 16:17:32.000
19490,4490,60.00,35.00,5.00,60.00,35.00,55.00,MEDIUM,,,,,2026-06-24,2026-12-24,365,false,2025-10-16 09:34:36.000,2026-06-24 16:17:32.000
19491,4491,61.00,36.00,4.00,61.00,36.00,56.00,MEDIUM,,,,,2026-01-24,2027-02-24,365,false,2017-07-09 00:41:14.000,2026-06-24 16:17:32.000
19499,4499,34.00,44.00,4.00,34.00,44.00,64.00,MEDIUM,,,,,2026-01-24,2027-03-24,365,false,1996-08-16 14:45:01.000,2026-06-24 16:17:32.000
19501,4501,36.00,46.00,2.00,36.00,46.00,36.00,MEDIUM,,,,,2026-04-24,2027-05-24,365,false,2019-12-21 23:21:00.000,2026-06-24 16:17:32.000
19517,4517,52.00,62.00,2.00,52.00,62.00,52.00,MEDIUM,,,,,2026-01-24,2026-12-24,365,false,2020-01-21 15:48:55.000,2026-06-24 16:17:32.000
19522,4522,57.00,27.00,4.00,57.00,27.00,57.00,MEDIUM,,,,,2026-02-24,2027-02-24,365,false,2013-05-22 21:59:04.000,2026-06-24 16:17:32.000
19537,4537,37.00,42.00,5.00,37.00,42.00,42.00,MEDIUM,,,,,2026-03-24,2026-12-24,365,false,2025-08-19 13:57:13.000,2026-06-24 16:17:32.000
19541,4541,41.00,46.00,3.00,41.00,46.00,46.00,MEDIUM,,,,,2026-04-24,2027-01-24,365,false,2012-04-03 12:51:08.000,2026-06-24 16:17:32.000
19562,4562,62.00,27.00,3.00,62.00,27.00,37.00,MEDIUM,,,,,2026-06-24,2027-04-24,365,false,2017-08-29 20:08:23.000,2026-06-24 16:17:32.000
19565,4565,30.00,30.00,2.00,30.00,30.00,40.00,MEDIUM,,,,,2026-03-24,2027-05-24,365,false,2021-03-01 17:30:00.000,2026-06-24 16:17:32.000
19571,4571,36.00,36.00,2.00,36.00,36.00,46.00,MEDIUM,,,,,2026-05-24,2027-03-24,365,false,2026-03-16 05:55:27.000,2026-06-24 16:17:32.000
19578,4578,43.00,43.00,4.00,43.00,43.00,53.00,MEDIUM,,,,,2026-05-24,2027-05-24,365,false,2011-05-27 11:44:33.000,2026-06-24 16:17:32.000
19615,4615,45.00,40.00,3.00,45.00,40.00,60.00,MEDIUM,,,,,2026-01-24,2027-03-24,365,false,2020-04-06 08:16:14.000,2026-06-24 16:17:32.000
19623,4623,53.00,48.00,5.00,53.00,48.00,38.00,MEDIUM,,,,,2026-01-24,2027-04-24,365,false,2012-02-22 14:01:56.000,2026-06-24 16:17:32.000
19634,4634,64.00,59.00,5.00,64.00,59.00,49.00,MEDIUM,,,,,2026-05-24,2027-03-24,365,false,2019-03-30 07:32:24.000,2026-06-24 16:17:32.000
19637,4637,32.00,62.00,5.00,32.00,62.00,52.00,MEDIUM,,,,,2026-01-24,2026-12-24,365,false,2009-07-28 16:44:26.000,2026-06-24 16:17:32.000
19642,4642,37.00,27.00,2.00,37.00,27.00,57.00,MEDIUM,,,,,2026-05-24,2027-05-24,365,false,2007-06-10 20:18:10.000,2026-06-24 16:17:32.000
19651,4651,46.00,36.00,3.00,46.00,36.00,36.00,MEDIUM,,,,,2026-04-24,2026-12-24,365,false,2014-10-18 10:49:15.000,2026-06-24 16:17:32.000
19653,4653,48.00,38.00,2.00,48.00,38.00,38.00,MEDIUM,,,,,2026-05-24,2027-05-24,365,false,2019-08-27 02:22:16.000,2026-06-24 16:17:32.000
19673,4673,33.00,58.00,3.00,33.00,58.00,58.00,MEDIUM,,,,,2026-03-24,2027-01-24,365,false,2018-01-31 07:43:23.000,2026-06-24 16:17:32.000
19682,4682,42.00,27.00,5.00,42.00,27.00,37.00,MEDIUM,,,,,2026-04-24,2026-12-24,365,false,2023-03-28 20:52:35.000,2026-06-24 16:17:32.000
19687,4687,47.00,32.00,5.00,47.00,32.00,42.00,MEDIUM,,,,,2026-03-24,2027-02-24,365,false,2024-02-01 12:13:24.000,2026-06-24 16:17:32.000
19697,4697,57.00,42.00,5.00,57.00,42.00,52.00,MEDIUM,,,,,2026-04-24,2027-03-24,365,false,2020-10-16 02:59:49.000,2026-06-24 16:17:32.000
19709,4709,34.00,54.00,3.00,34.00,54.00,64.00,MEDIUM,,,,,2026-04-24,2027-05-24,365,false,2012-08-20 20:36:28.000,2026-06-24 16:17:32.000
19723,4723,48.00,28.00,2.00,48.00,28.00,48.00,MEDIUM,,,,,2026-02-24,2027-05-24,365,false,2025-08-05 10:06:31.000,2026-06-24 16:17:32.000
19726,4726,51.00,31.00,5.00,51.00,31.00,51.00,MEDIUM,,,,,2026-02-24,2027-05-24,365,false,2003-09-10 01:48:35.000,2026-06-24 16:17:32.000
19731,4731,56.00,36.00,5.00,56.00,36.00,56.00,MEDIUM,,,,,2026-01-24,2027-04-24,365,false,2011-08-02 10:19:38.000,2026-06-24 16:17:32.000
19733,4733,58.00,38.00,2.00,58.00,38.00,58.00,MEDIUM,,,,,2026-01-24,2027-04-24,365,false,2004-10-13 20:06:40.000,2026-06-24 16:17:32.000
19742,4742,32.00,47.00,5.00,32.00,47.00,37.00,MEDIUM,,,,,2026-01-24,2027-01-24,365,false,2002-02-05 23:40:55.000,2026-06-24 16:17:32.000
19743,4743,33.00,48.00,5.00,33.00,48.00,38.00,MEDIUM,,,,,2026-06-24,2027-05-24,365,false,2012-05-21 00:48:51.000,2026-06-24 16:17:32.000
19745,4745,35.00,50.00,3.00,35.00,50.00,40.00,MEDIUM,,,,,2026-05-24,2027-04-24,365,false,2004-02-05 04:27:47.000,2026-06-24 16:17:32.000
19746,4746,36.00,51.00,5.00,36.00,51.00,41.00,MEDIUM,,,,,2026-01-24,2026-12-24,365,false,2021-05-20 14:26:22.000,2026-06-24 16:17:32.000
19755,4755,45.00,60.00,5.00,45.00,60.00,50.00,MEDIUM,,,,,2026-03-24,2027-04-24,365,false,2011-10-07 13:02:53.000,2026-06-24 16:17:32.000
19762,4762,52.00,27.00,5.00,52.00,27.00,57.00,MEDIUM,,,,,2026-03-24,2027-04-24,365,false,2025-01-10 09:59:52.000,2026-06-24 16:17:32.000
19766,4766,56.00,31.00,2.00,56.00,31.00,61.00,MEDIUM,,,,,2026-02-24,2027-05-24,365,false,2024-01-22 12:35:34.000,2026-06-24 16:17:32.000
19770,4770,60.00,35.00,5.00,60.00,35.00,35.00,MEDIUM,,,,,2026-05-24,2027-01-24,365,false,2004-02-07 23:49:23.000,2026-06-24 16:17:32.000
19779,4779,34.00,44.00,2.00,34.00,44.00,44.00,MEDIUM,,,,,2026-02-24,2026-12-24,365,false,2024-03-24 18:50:21.000,2026-06-24 16:17:32.000
19782,4782,37.00,47.00,4.00,37.00,47.00,47.00,MEDIUM,,,,,2026-02-24,2027-01-24,365,false,2020-12-07 15:28:08.000,2026-06-24 16:17:32.000
19783,4783,38.00,48.00,3.00,38.00,48.00,48.00,MEDIUM,,,,,2026-05-24,2027-03-24,365,false,2022-11-05 14:41:36.000,2026-06-24 16:17:32.000
19797,4797,52.00,62.00,2.00,52.00,62.00,62.00,MEDIUM,,,,,2026-03-24,2027-03-24,365,false,2021-03-07 18:58:30.000,2026-06-24 16:17:32.000
19798,4798,53.00,63.00,3.00,53.00,63.00,63.00,MEDIUM,,,,,2026-03-24,2027-01-24,365,false,2022-11-02 20:31:34.000,2026-06-24 16:17:32.000
19803,4803,58.00,28.00,5.00,58.00,28.00,38.00,MEDIUM,,,,,2026-04-24,2027-01-24,365,false,2026-03-27 13:45:18.000,2026-06-24 16:17:32.000
19807,4807,62.00,32.00,5.00,62.00,32.00,42.00,MEDIUM,,,,,2026-05-24,2027-05-24,365,false,2011-04-11 23:32:09.000,2026-06-24 16:17:32.000
19829,4829,49.00,54.00,5.00,49.00,54.00,64.00,MEDIUM,,,,,2026-01-24,2027-02-24,365,false,2009-04-23 23:06:05.000,2026-06-24 16:17:32.000
19834,4834,54.00,59.00,3.00,54.00,59.00,39.00,MEDIUM,,,,,2026-04-24,2027-01-24,365,false,2023-05-05 15:27:14.000,2026-06-24 16:17:32.000
19857,4857,42.00,42.00,4.00,42.00,42.00,62.00,MEDIUM,,,,,2026-02-24,2026-12-24,365,false,2017-02-10 19:49:57.000,2026-06-24 16:17:32.000
19869,4869,54.00,54.00,5.00,54.00,54.00,44.00,MEDIUM,,,,,2026-01-24,2027-01-24,365,false,2024-03-20 22:21:05.000,2026-06-24 16:17:32.000
19877,4877,62.00,62.00,2.00,62.00,62.00,52.00,MEDIUM,,,,,2026-05-24,2026-12-24,365,false,2011-07-07 00:49:01.000,2026-06-24 16:17:32.000
19883,4883,33.00,28.00,5.00,33.00,28.00,58.00,MEDIUM,,,,,2026-01-24,2026-12-24,365,false,2019-06-09 11:25:07.000,2026-06-24 16:17:32.000
19889,4889,39.00,34.00,3.00,39.00,34.00,64.00,MEDIUM,,,,,2026-02-24,2027-02-24,365,false,2016-11-20 03:09:50.000,2026-06-24 16:17:32.000
19897,4897,47.00,42.00,5.00,47.00,42.00,42.00,MEDIUM,,,,,2026-06-24,2027-04-24,365,false,1999-08-05 15:02:15.000,2026-06-24 16:17:32.000
19905,4905,55.00,50.00,5.00,55.00,50.00,50.00,MEDIUM,,,,,2026-06-24,2027-05-24,365,false,1993-01-27 04:48:06.000,2026-06-24 16:17:32.000
19919,4919,34.00,64.00,3.00,34.00,64.00,64.00,MEDIUM,,,,,2026-03-24,2027-03-24,365,false,2017-05-08 00:57:51.000,2026-06-24 16:17:32.000
19921,4921,36.00,26.00,2.00,36.00,26.00,36.00,MEDIUM,,,,,2026-04-24,2027-01-24,365,false,2020-12-08 06:19:36.000,2026-06-24 16:17:32.000
19941,4941,56.00,46.00,5.00,56.00,46.00,56.00,MEDIUM,,,,,2026-04-24,2027-02-24,365,false,2025-09-29 22:43:35.000,2026-06-24 16:17:32.000
19953,4953,33.00,58.00,5.00,33.00,58.00,38.00,MEDIUM,,,,,2026-03-24,2027-04-24,365,false,2025-02-23 11:59:58.000,2026-06-24 16:17:32.000
19965,4965,45.00,30.00,5.00,45.00,30.00,50.00,MEDIUM,,,,,2026-02-24,2027-02-24,365,false,2020-01-19 15:03:46.000,2026-06-24 16:17:32.000
19967,4967,47.00,32.00,4.00,47.00,32.00,52.00,MEDIUM,,,,,2026-02-24,2026-12-24,365,false,2021-05-20 23:49:22.000,2026-06-24 16:17:32.000
19969,4969,49.00,34.00,2.00,49.00,34.00,54.00,MEDIUM,,,,,2026-02-24,2026-12-24,365,false,2016-07-10 00:07:39.000,2026-06-24 16:17:32.000
19973,4973,53.00,38.00,5.00,53.00,38.00,58.00,MEDIUM,,,,,2026-06-24,2027-04-24,365,false,2021-08-18 17:19:56.000,2026-06-24 16:17:32.000
19978,4978,58.00,43.00,4.00,58.00,43.00,63.00,MEDIUM,,,,,2026-01-24,2026-12-24,365,false,2015-08-14 13:45:01.000,2026-06-24 16:17:32.000
19999,4999,44.00,64.00,5.00,44.00,64.00,54.00,MEDIUM,,,,,2026-06-24,2027-02-24,365,false,2007-11-09 04:33:53.000,2026-06-24 16:17:32.000
15001,1,26.00,6.00,3.00,26.00,6.00,6.00,LOW,,,,,2026-01-24,2027-05-24,365,false,2020-01-02 20:03:58.000,2026-06-24 16:17:32.000
15002,2,27.00,7.00,4.00,27.00,7.00,7.00,LOW,,,,,2026-03-24,2027-01-24,365,false,2021-02-03 04:41:09.000,2026-06-24 16:17:32.000
15005,5,30.00,10.00,3.00,30.00,10.00,10.00,LOW,,,,,2026-05-24,2027-02-24,365,false,2015-12-05 14:59:29.000,2026-06-24 16:17:32.000
15011,11,36.00,16.00,3.00,36.00,16.00,16.00,LOW,,,,,2026-06-24,2027-03-24,365,false,2026-04-09 14:09:43.000,2026-06-24 16:17:32.000
15012,12,37.00,17.00,4.00,37.00,17.00,17.00,LOW,,,,,2026-01-24,2027-02-24,365,false,2023-06-16 22:34:09.000,2026-06-24 16:17:32.000
15013,13,38.00,18.00,3.00,38.00,18.00,18.00,LOW,,,,,2026-06-24,2027-03-24,365,false,2022-08-10 14:26:01.000,2026-06-24 16:17:32.000
15015,15,5.00,20.00,5.00,5.00,20.00,20.00,LOW,,,,,2026-04-24,2027-04-24,365,false,2026-06-05 16:37:16.000,2026-06-24 16:17:32.000
15016,16,6.00,21.00,2.00,6.00,21.00,21.00,LOW,,,,,2026-05-24,2026-12-24,365,false,2018-08-15 06:12:39.000,2026-06-24 16:17:32.000
15017,17,7.00,22.00,2.00,7.00,22.00,22.00,LOW,,,,,2026-03-24,2027-04-24,365,false,2025-11-23 02:46:59.000,2026-06-24 16:17:32.000
15019,19,9.00,24.00,3.00,9.00,24.00,24.00,LOW,,,,,2026-03-24,2027-03-24,365,false,2003-12-17 03:00:41.000,2026-06-24 16:17:32.000
15020,20,10.00,25.00,5.00,10.00,25.00,25.00,LOW,,,,,2026-04-24,2027-03-24,365,false,2014-01-25 07:00:51.000,2026-06-24 16:17:32.000
15021,21,11.00,26.00,5.00,11.00,26.00,26.00,LOW,,,,,2026-06-24,2027-05-24,365,false,2021-06-23 14:20:23.000,2026-06-24 16:17:32.000
15023,23,13.00,28.00,5.00,13.00,28.00,28.00,LOW,,,,,2026-03-24,2027-05-24,365,false,2026-03-13 00:36:46.000,2026-06-24 16:17:32.000
15024,24,14.00,29.00,5.00,14.00,29.00,29.00,LOW,,,,,2026-03-24,2026-12-24,365,false,2023-09-29 03:29:42.000,2026-06-24 16:17:32.000
15025,25,15.00,30.00,2.00,15.00,30.00,30.00,LOW,,,,,2026-05-24,2027-02-24,365,false,2007-05-16 21:22:31.000,2026-06-24 16:17:32.000
15027,27,17.00,32.00,4.00,17.00,32.00,32.00,LOW,,,,,2026-03-24,2027-01-24,365,false,2020-12-12 12:24:00.000,2026-06-24 16:17:32.000
15029,29,19.00,34.00,3.00,19.00,34.00,34.00,LOW,,,,,2026-05-24,2027-04-24,365,false,2015-03-19 14:57:20.000,2026-06-24 16:17:32.000
15030,30,20.00,35.00,3.00,20.00,35.00,5.00,LOW,,,,,2026-06-24,2027-04-24,365,false,1996-09-22 16:13:56.000,2026-06-24 16:17:32.000
15031,31,21.00,36.00,2.00,21.00,36.00,6.00,LOW,,,,,2026-06-24,2027-03-24,365,false,2009-06-15 14:45:58.000,2026-06-24 16:17:32.000
15032,32,22.00,37.00,3.00,22.00,37.00,7.00,LOW,,,,,2026-02-24,2027-02-24,365,false,2010-09-28 03:57:47.000,2026-06-24 16:17:32.000
15034,34,24.00,39.00,2.00,24.00,39.00,9.00,LOW,,,,,2026-06-24,2027-04-24,365,false,2026-04-08 14:07:03.000,2026-06-24 16:17:32.000
15036,36,26.00,41.00,4.00,26.00,41.00,11.00,LOW,,,,,2026-04-24,2027-02-24,365,false,2018-06-06 13:14:57.000,2026-06-24 16:17:32.000
15037,37,27.00,42.00,4.00,27.00,42.00,12.00,LOW,,,,,2026-05-24,2027-02-24,365,false,2020-08-31 02:34:38.000,2026-06-24 16:17:32.000
15038,38,28.00,43.00,3.00,28.00,43.00,13.00,LOW,,,,,2026-06-24,2027-04-24,365,false,2020-04-30 14:52:47.000,2026-06-24 16:17:32.000
15039,39,29.00,44.00,5.00,29.00,44.00,14.00,LOW,,,,,2026-06-24,2027-02-24,365,false,2012-01-01 00:58:20.000,2026-06-24 16:17:32.000
15040,40,30.00,5.00,2.00,30.00,5.00,15.00,LOW,,,,,2026-01-24,2026-12-24,365,false,2016-01-07 15:27:05.000,2026-06-24 16:17:32.000
15041,41,31.00,6.00,5.00,31.00,6.00,16.00,LOW,,,,,2026-05-24,2027-02-24,365,false,2010-04-19 16:05:14.000,2026-06-24 16:17:32.000
15044,44,34.00,9.00,5.00,34.00,9.00,19.00,LOW,,,,,2026-03-24,2027-03-24,365,false,2018-02-13 05:43:07.000,2026-06-24 16:17:32.000
15045,45,35.00,10.00,2.00,35.00,10.00,20.00,LOW,,,,,2026-03-24,2027-02-24,365,false,2018-12-20 19:13:15.000,2026-06-24 16:17:32.000
15046,46,36.00,11.00,3.00,36.00,11.00,21.00,LOW,,,,,2026-04-24,2027-05-24,365,false,2018-04-16 10:19:44.000,2026-06-24 16:17:32.000
15048,48,38.00,13.00,5.00,38.00,13.00,23.00,LOW,,,,,2026-04-24,2027-03-24,365,false,2024-04-05 10:21:35.000,2026-06-24 16:17:32.000
15049,49,39.00,14.00,4.00,39.00,14.00,24.00,LOW,,,,,2026-06-24,2027-04-24,365,false,2019-12-11 13:09:44.000,2026-06-24 16:17:32.000
15050,50,5.00,15.00,4.00,5.00,15.00,25.00,LOW,,,,,2026-06-24,2027-02-24,365,false,2020-04-04 09:04:08.000,2026-06-24 16:17:32.000
15051,51,6.00,16.00,5.00,6.00,16.00,26.00,LOW,,,,,2026-02-24,2027-05-24,365,false,2009-12-01 19:09:59.000,2026-06-24 16:17:32.000
15052,52,7.00,17.00,3.00,7.00,17.00,27.00,LOW,,,,,2026-05-24,2027-04-24,365,false,2022-02-20 02:39:57.000,2026-06-24 16:17:32.000
15053,53,8.00,18.00,4.00,8.00,18.00,28.00,LOW,,,,,2026-04-24,2027-04-24,365,false,2022-02-25 15:48:53.000,2026-06-24 16:17:32.000
15054,54,9.00,19.00,5.00,9.00,19.00,29.00,LOW,,,,,2026-05-24,2027-05-24,365,false,2018-10-20 07:38:11.000,2026-06-24 16:17:32.000
15055,55,10.00,20.00,5.00,10.00,20.00,30.00,LOW,,,,,2026-03-24,2027-04-24,365,false,2024-10-22 17:59:48.000,2026-06-24 16:17:32.000
15057,57,12.00,22.00,4.00,12.00,22.00,32.00,LOW,,,,,2026-04-24,2027-01-24,365,false,2013-08-03 12:18:44.000,2026-06-24 16:17:32.000
15058,58,13.00,23.00,3.00,13.00,23.00,33.00,LOW,,,,,2026-05-24,2027-03-24,365,false,2020-10-12 19:00:01.000,2026-06-24 16:17:32.000
15059,59,14.00,24.00,2.00,14.00,24.00,34.00,LOW,,,,,2026-01-24,2026-12-24,365,false,2001-05-26 00:23:34.000,2026-06-24 16:17:32.000
15060,60,15.00,25.00,2.00,15.00,25.00,5.00,LOW,,,,,2026-05-24,2027-03-24,365,false,2017-07-16 07:30:32.000,2026-06-24 16:17:32.000
15061,61,16.00,26.00,4.00,16.00,26.00,6.00,LOW,,,,,2026-01-24,2026-12-24,365,false,2024-06-03 06:51:25.000,2026-06-24 16:17:32.000
15063,63,18.00,28.00,3.00,18.00,28.00,8.00,LOW,,,,,2026-04-24,2026-12-24,365,false,2013-02-01 06:01:12.000,2026-06-24 16:17:32.000
15064,64,19.00,29.00,5.00,19.00,29.00,9.00,LOW,,,,,2026-03-24,2027-05-24,365,false,2015-08-25 03:17:26.000,2026-06-24 16:17:32.000
15066,66,21.00,31.00,4.00,21.00,31.00,11.00,LOW,,,,,2026-06-24,2027-03-24,365,false,2026-02-15 16:49:16.000,2026-06-24 16:17:32.000
15068,68,23.00,33.00,4.00,23.00,33.00,13.00,LOW,,,,,2026-02-24,2027-05-24,365,false,2017-12-23 18:09:16.000,2026-06-24 16:17:32.000
15070,70,25.00,35.00,4.00,25.00,35.00,15.00,LOW,,,,,2026-03-24,2027-01-24,365,false,2024-03-08 11:01:07.000,2026-06-24 16:17:32.000
15071,71,26.00,36.00,5.00,26.00,36.00,16.00,LOW,,,,,2026-06-24,2027-03-24,365,false,2013-12-27 15:21:42.000,2026-06-24 16:17:32.000
15072,72,27.00,37.00,2.00,27.00,37.00,17.00,LOW,,,,,2026-03-24,2027-01-24,365,false,2007-01-17 18:30:30.000,2026-06-24 16:17:32.000
15073,73,28.00,38.00,5.00,28.00,38.00,18.00,LOW,,,,,2026-03-24,2027-01-24,365,false,2021-07-02 14:28:36.000,2026-06-24 16:17:32.000
15075,75,30.00,40.00,4.00,30.00,40.00,20.00,LOW,,,,,2026-01-24,2027-03-24,365,false,2020-11-01 00:09:24.000,2026-06-24 16:17:32.000
15076,76,31.00,41.00,5.00,31.00,41.00,21.00,LOW,,,,,2026-04-24,2027-03-24,365,false,2010-05-19 00:14:19.000,2026-06-24 16:17:32.000
15077,77,32.00,42.00,4.00,32.00,42.00,22.00,LOW,,,,,2026-05-24,2027-02-24,365,false,2013-05-31 11:43:49.000,2026-06-24 16:17:32.000
15078,78,33.00,43.00,4.00,33.00,43.00,23.00,LOW,,,,,2026-05-24,2027-05-24,365,false,2018-05-06 08:08:03.000,2026-06-24 16:17:32.000
15079,79,34.00,44.00,3.00,34.00,44.00,24.00,LOW,,,,,2026-04-24,2027-01-24,365,false,2020-06-15 06:39:16.000,2026-06-24 16:17:32.000
15081,81,36.00,6.00,5.00,36.00,6.00,26.00,LOW,,,,,2026-05-24,2027-04-24,365,false,2022-03-15 22:19:40.000,2026-06-24 16:17:32.000
15082,82,37.00,7.00,3.00,37.00,7.00,27.00,LOW,,,,,2026-01-24,2027-05-24,365,false,2022-10-23 06:43:07.000,2026-06-24 16:17:32.000
15084,84,39.00,9.00,2.00,39.00,9.00,29.00,LOW,,,,,2026-05-24,2026-12-24,365,false,2023-10-25 18:42:21.000,2026-06-24 16:17:32.000
15085,85,5.00,10.00,2.00,5.00,10.00,30.00,LOW,,,,,2026-02-24,2026-12-24,365,false,2024-05-04 03:21:59.000,2026-06-24 16:17:32.000
15086,86,6.00,11.00,3.00,6.00,11.00,31.00,LOW,,,,,2026-06-24,2027-04-24,365,false,2020-12-01 18:44:28.000,2026-06-24 16:17:32.000
15088,88,8.00,13.00,3.00,8.00,13.00,33.00,LOW,,,,,2026-05-24,2026-12-24,365,false,2011-06-07 19:43:01.000,2026-06-24 16:17:32.000
15090,90,10.00,15.00,3.00,10.00,15.00,5.00,LOW,,,,,2026-05-24,2027-05-24,365,false,2021-11-19 11:03:20.000,2026-06-24 16:17:32.000
15091,91,11.00,16.00,3.00,11.00,16.00,6.00,LOW,,,,,2026-06-24,2027-01-24,365,false,2025-09-13 18:16:50.000,2026-06-24 16:17:32.000
15093,93,13.00,18.00,2.00,13.00,18.00,8.00,LOW,,,,,2026-01-24,2026-12-24,365,false,2010-02-26 22:56:31.000,2026-06-24 16:17:32.000
15096,96,16.00,21.00,5.00,16.00,21.00,11.00,LOW,,,,,2026-01-24,2027-01-24,365,false,2010-08-08 17:49:10.000,2026-06-24 16:17:32.000
15097,97,17.00,22.00,4.00,17.00,22.00,12.00,LOW,,,,,2026-02-24,2027-05-24,365,false,2021-09-15 17:30:05.000,2026-06-24 16:17:32.000
15098,98,18.00,23.00,3.00,18.00,23.00,13.00,LOW,,,,,2026-02-24,2027-03-24,365,false,2019-06-26 11:34:49.000,2026-06-24 16:17:32.000
15100,100,20.00,25.00,3.00,20.00,25.00,15.00,LOW,,,,,2026-05-24,2027-01-24,365,false,2015-02-03 07:16:32.000,2026-06-24 16:17:32.000
15101,101,21.00,26.00,4.00,21.00,26.00,16.00,LOW,,,,,2026-05-24,2027-03-24,365,false,2024-08-14 16:33:40.000,2026-06-24 16:17:32.000
15103,103,23.00,28.00,2.00,23.00,28.00,18.00,LOW,,,,,2026-03-24,2027-05-24,365,false,2005-06-26 15:11:50.000,2026-06-24 16:17:32.000
15105,105,25.00,30.00,2.00,25.00,30.00,20.00,LOW,,,,,2026-05-24,2027-03-24,365,false,2015-07-03 05:28:06.000,2026-06-24 16:17:32.000
15106,106,26.00,31.00,2.00,26.00,31.00,21.00,LOW,,,,,2026-05-24,2027-02-24,365,false,2022-08-09 20:30:00.000,2026-06-24 16:17:32.000
15107,107,27.00,32.00,5.00,27.00,32.00,22.00,LOW,,,,,2026-04-24,2027-04-24,365,false,2023-02-03 19:28:49.000,2026-06-24 16:17:32.000
15108,108,28.00,33.00,3.00,28.00,33.00,23.00,LOW,,,,,2026-06-24,2027-02-24,365,false,2004-06-12 09:30:30.000,2026-06-24 16:17:32.000
15109,109,29.00,34.00,2.00,29.00,34.00,24.00,LOW,,,,,2026-06-24,2027-01-24,365,false,2014-05-28 04:27:52.000,2026-06-24 16:17:32.000
15111,111,31.00,36.00,5.00,31.00,36.00,26.00,LOW,,,,,2026-04-24,2027-01-24,365,false,2011-12-03 11:09:05.000,2026-06-24 16:17:32.000
15112,112,32.00,37.00,3.00,32.00,37.00,27.00,LOW,,,,,2026-04-24,2027-04-24,365,false,2012-09-19 08:30:32.000,2026-06-24 16:17:32.000
15114,114,34.00,39.00,2.00,34.00,39.00,29.00,LOW,,,,,2026-03-24,2027-02-24,365,false,2024-01-19 15:55:30.000,2026-06-24 16:17:32.000
15117,117,37.00,42.00,5.00,37.00,42.00,32.00,LOW,,,,,2026-04-24,2027-04-24,365,false,1997-02-09 18:56:13.000,2026-06-24 16:17:32.000
15118,118,38.00,43.00,4.00,38.00,43.00,33.00,LOW,,,,,2026-04-24,2026-12-24,365,false,2017-01-20 22:56:47.000,2026-06-24 16:17:32.000
15119,119,39.00,44.00,5.00,39.00,44.00,34.00,LOW,,,,,2026-02-24,2027-03-24,365,false,2005-03-13 15:01:23.000,2026-06-24 16:17:32.000
15120,120,5.00,5.00,4.00,5.00,5.00,5.00,LOW,,,,,2026-05-24,2027-01-24,365,false,2015-10-25 23:22:03.000,2026-06-24 16:17:32.000
15121,121,6.00,6.00,3.00,6.00,6.00,6.00,LOW,,,,,2026-01-24,2027-03-24,365,false,2017-02-16 01:28:32.000,2026-06-24 16:17:32.000
15122,122,7.00,7.00,2.00,7.00,7.00,7.00,LOW,,,,,2026-05-24,2027-03-24,365,false,2020-10-19 02:14:18.000,2026-06-24 16:17:32.000
15123,123,8.00,8.00,5.00,8.00,8.00,8.00,LOW,,,,,2026-03-24,2027-05-24,365,false,2017-08-14 17:06:18.000,2026-06-24 16:17:32.000
15124,124,9.00,9.00,4.00,9.00,9.00,9.00,LOW,,,,,2026-05-24,2027-05-24,365,false,2014-10-07 11:46:47.000,2026-06-24 16:17:32.000
15125,125,10.00,10.00,2.00,10.00,10.00,10.00,LOW,,,,,2026-05-24,2027-05-24,365,false,2024-02-18 04:38:37.000,2026-06-24 16:17:32.000
15127,127,12.00,12.00,3.00,12.00,12.00,12.00,LOW,,,,,2026-05-24,2027-03-24,365,false,2007-10-04 15:09:07.000,2026-06-24 16:17:32.000
15128,128,13.00,13.00,4.00,13.00,13.00,13.00,LOW,,,,,2026-04-24,2027-03-24,365,false,2006-12-20 00:12:08.000,2026-06-24 16:17:32.000
15129,129,14.00,14.00,4.00,14.00,14.00,14.00,LOW,,,,,2026-04-24,2027-04-24,365,false,2001-09-23 17:42:44.000,2026-06-24 16:17:32.000
15133,133,18.00,18.00,3.00,18.00,18.00,18.00,LOW,,,,,2026-06-24,2027-03-24,365,false,2008-08-03 20:10:43.000,2026-06-24 16:17:32.000
15136,136,21.00,21.00,4.00,21.00,21.00,21.00,LOW,,,,,2026-04-24,2027-02-24,365,false,2007-08-13 23:35:05.000,2026-06-24 16:17:32.000
15137,137,22.00,22.00,4.00,22.00,22.00,22.00,LOW,,,,,2026-06-24,2027-05-24,365,false,2020-02-22 13:47:09.000,2026-06-24 16:17:32.000
15139,139,24.00,24.00,5.00,24.00,24.00,24.00,LOW,,,,,2026-03-24,2027-02-24,365,false,2022-09-23 20:16:27.000,2026-06-24 16:17:32.000
15140,140,25.00,25.00,4.00,25.00,25.00,25.00,LOW,,,,,2026-03-24,2027-01-24,365,false,2017-04-28 19:04:02.000,2026-06-24 16:17:32.000
15142,142,27.00,27.00,5.00,27.00,27.00,27.00,LOW,,,,,2026-06-24,2027-02-24,365,false,2015-02-14 21:36:09.000,2026-06-24 16:17:32.000
15143,143,28.00,28.00,4.00,28.00,28.00,28.00,LOW,,,,,2026-02-24,2027-05-24,365,false,2020-04-08 12:27:19.000,2026-06-24 16:17:32.000
15144,144,29.00,29.00,5.00,29.00,29.00,29.00,LOW,,,,,2026-01-24,2027-02-24,365,false,2026-01-06 15:04:23.000,2026-06-24 16:17:32.000
15145,145,30.00,30.00,5.00,30.00,30.00,30.00,LOW,,,,,2026-06-24,2027-01-24,365,false,2016-07-03 12:54:09.000,2026-06-24 16:17:32.000
15147,147,32.00,32.00,4.00,32.00,32.00,32.00,LOW,,,,,2026-03-24,2026-12-24,365,false,2017-09-04 00:18:41.000,2026-06-24 16:17:32.000
15148,148,33.00,33.00,2.00,33.00,33.00,33.00,LOW,,,,,2026-06-24,2027-05-24,365,false,2013-10-25 20:59:19.000,2026-06-24 16:17:32.000
15150,150,35.00,35.00,5.00,35.00,35.00,5.00,LOW,,,,,2026-03-24,2027-05-24,365,false,1995-03-21 22:25:53.000,2026-06-24 16:17:32.000
15151,151,36.00,36.00,4.00,36.00,36.00,6.00,LOW,,,,,2026-03-24,2027-02-24,365,false,2018-01-04 00:24:26.000,2026-06-24 16:17:32.000
15154,154,39.00,39.00,2.00,39.00,39.00,9.00,LOW,,,,,2026-05-24,2027-03-24,365,false,2024-06-13 10:11:16.000,2026-06-24 16:17:32.000
15155,155,5.00,40.00,2.00,5.00,40.00,10.00,LOW,,,,,2026-05-24,2027-02-24,365,false,2005-09-12 16:17:52.000,2026-06-24 16:17:32.000
15156,156,6.00,41.00,5.00,6.00,41.00,11.00,LOW,,,,,2026-05-24,2027-01-24,365,false,2026-02-17 18:48:23.000,2026-06-24 16:17:32.000
15158,158,8.00,43.00,5.00,8.00,43.00,13.00,LOW,,,,,2026-02-24,2027-01-24,365,false,2025-08-15 11:04:48.000,2026-06-24 16:17:32.000
15161,161,11.00,6.00,4.00,11.00,6.00,16.00,LOW,,,,,2026-01-24,2027-05-24,365,false,2026-06-19 01:57:06.000,2026-06-24 16:17:32.000
15163,163,13.00,8.00,5.00,13.00,8.00,18.00,LOW,,,,,2026-02-24,2027-02-24,365,false,2019-10-20 02:42:45.000,2026-06-24 16:17:32.000
15164,164,14.00,9.00,5.00,14.00,9.00,19.00,LOW,,,,,2026-05-24,2027-05-24,365,false,2022-07-08 12:47:17.000,2026-06-24 16:17:32.000
15165,165,15.00,10.00,3.00,15.00,10.00,20.00,LOW,,,,,2026-01-24,2027-03-24,365,false,2014-04-21 18:06:14.000,2026-06-24 16:17:32.000
15167,167,17.00,12.00,5.00,17.00,12.00,22.00,LOW,,,,,2026-02-24,2027-02-24,365,false,2022-06-18 17:11:39.000,2026-06-24 16:17:32.000
15168,168,18.00,13.00,3.00,18.00,13.00,23.00,LOW,,,,,2026-01-24,2027-05-24,365,false,2022-07-08 19:58:08.000,2026-06-24 16:17:32.000
15169,169,19.00,14.00,3.00,19.00,14.00,24.00,LOW,,,,,2026-03-24,2027-01-24,365,false,2019-06-21 10:03:41.000,2026-06-24 16:17:32.000
15170,170,20.00,15.00,3.00,20.00,15.00,25.00,LOW,,,,,2026-06-24,2027-01-24,365,false,2025-05-03 01:47:35.000,2026-06-24 16:17:32.000
15171,171,21.00,16.00,4.00,21.00,16.00,26.00,LOW,,,,,2026-03-24,2027-05-24,365,false,2001-02-08 09:22:57.000,2026-06-24 16:17:32.000
15172,172,22.00,17.00,5.00,22.00,17.00,27.00,LOW,,,,,2026-06-24,2027-01-24,365,false,2020-10-02 11:27:06.000,2026-06-24 16:17:32.000
15173,173,23.00,18.00,3.00,23.00,18.00,28.00,LOW,,,,,2026-04-24,2027-02-24,365,false,2024-06-04 21:10:23.000,2026-06-24 16:17:32.000
15174,174,24.00,19.00,2.00,24.00,19.00,29.00,LOW,,,,,2026-02-24,2026-12-24,365,false,2022-06-08 00:16:23.000,2026-06-24 16:17:32.000
15176,176,26.00,21.00,2.00,26.00,21.00,31.00,LOW,,,,,2026-04-24,2026-12-24,365,false,2020-01-30 08:47:20.000,2026-06-24 16:17:32.000
15178,178,28.00,23.00,5.00,28.00,23.00,33.00,LOW,,,,,2026-01-24,2027-02-24,365,false,2024-11-08 21:03:26.000,2026-06-24 16:17:32.000
15179,179,29.00,24.00,5.00,29.00,24.00,34.00,LOW,,,,,2026-03-24,2027-02-24,365,false,1999-12-11 11:09:04.000,2026-06-24 16:17:32.000
15184,184,34.00,29.00,4.00,34.00,29.00,9.00,LOW,,,,,2026-05-24,2027-05-24,365,false,2011-05-11 16:47:00.000,2026-06-24 16:17:32.000
15186,186,36.00,31.00,2.00,36.00,31.00,11.00,LOW,,,,,2026-01-24,2027-02-24,365,false,2004-08-03 02:05:14.000,2026-06-24 16:17:32.000
15189,189,39.00,34.00,5.00,39.00,34.00,14.00,LOW,,,,,2026-03-24,2027-01-24,365,false,2021-12-06 10:13:19.000,2026-06-24 16:17:32.000
15191,191,6.00,36.00,4.00,6.00,36.00,16.00,LOW,,,,,2026-06-24,2027-04-24,365,false,2026-03-13 08:36:53.000,2026-06-24 16:17:32.000
15192,192,7.00,37.00,5.00,7.00,37.00,17.00,LOW,,,,,2026-01-24,2027-01-24,365,false,1996-05-29 17:18:16.000,2026-06-24 16:17:32.000
15193,193,8.00,38.00,3.00,8.00,38.00,18.00,LOW,,,,,2026-01-24,2027-02-24,365,false,2008-12-30 13:30:37.000,2026-06-24 16:17:32.000
15194,194,9.00,39.00,4.00,9.00,39.00,19.00,LOW,,,,,2026-02-24,2027-01-24,365,false,2025-12-12 10:13:51.000,2026-06-24 16:17:32.000
15195,195,10.00,40.00,4.00,10.00,40.00,20.00,LOW,,,,,2026-01-24,2026-12-24,365,false,2018-06-22 21:13:02.000,2026-06-24 16:17:32.000
15199,199,14.00,44.00,4.00,14.00,44.00,24.00,LOW,,,,,2026-05-24,2027-01-24,365,false,1991-12-03 02:13:56.000,2026-06-24 16:17:32.000
15200,200,15.00,5.00,3.00,15.00,5.00,25.00,LOW,,,,,2026-05-24,2027-02-24,365,false,2024-12-23 18:54:16.000,2026-06-24 16:17:32.000
15201,201,16.00,6.00,4.00,16.00,6.00,26.00,LOW,,,,,2026-02-24,2027-01-24,365,false,2026-04-29 02:59:19.000,2026-06-24 16:17:32.000
15202,202,17.00,7.00,4.00,17.00,7.00,27.00,LOW,,,,,2026-05-24,2026-12-24,365,false,2021-02-25 18:22:54.000,2026-06-24 16:17:32.000
15203,203,18.00,8.00,5.00,18.00,8.00,28.00,LOW,,,,,2026-05-24,2027-05-24,365,false,2019-11-01 20:33:02.000,2026-06-24 16:17:32.000
15204,204,19.00,9.00,5.00,19.00,9.00,29.00,LOW,,,,,2026-04-24,2027-02-24,365,false,2025-05-09 14:31:33.000,2026-06-24 16:17:32.000
15207,207,22.00,12.00,5.00,22.00,12.00,32.00,LOW,,,,,2026-03-24,2026-12-24,365,false,1998-12-10 17:37:28.000,2026-06-24 16:17:32.000
15209,209,24.00,14.00,5.00,24.00,14.00,34.00,LOW,,,,,2026-03-24,2027-01-24,365,false,2020-01-06 14:34:56.000,2026-06-24 16:17:32.000
15210,210,25.00,15.00,2.00,25.00,15.00,5.00,LOW,,,,,2026-02-24,2027-02-24,365,false,2025-12-13 09:06:15.000,2026-06-24 16:17:32.000
15211,211,26.00,16.00,5.00,26.00,16.00,6.00,LOW,,,,,2026-02-24,2027-01-24,365,false,2021-07-06 18:03:19.000,2026-06-24 16:17:32.000
15212,212,27.00,17.00,5.00,27.00,17.00,7.00,LOW,,,,,2026-02-24,2027-02-24,365,false,1999-12-13 17:10:35.000,2026-06-24 16:17:32.000
15214,214,29.00,19.00,4.00,29.00,19.00,9.00,LOW,,,,,2026-02-24,2027-03-24,365,false,2023-06-09 20:34:14.000,2026-06-24 16:17:32.000
15215,215,30.00,20.00,5.00,30.00,20.00,10.00,LOW,,,,,2026-05-24,2026-12-24,365,false,2026-04-26 07:09:29.000,2026-06-24 16:17:32.000
15216,216,31.00,21.00,2.00,31.00,21.00,11.00,LOW,,,,,2026-04-24,2027-01-24,365,false,2021-12-26 10:56:55.000,2026-06-24 16:17:32.000
15218,218,33.00,23.00,3.00,33.00,23.00,13.00,LOW,,,,,2026-05-24,2026-12-24,365,false,2020-09-13 11:44:38.000,2026-06-24 16:17:32.000
15219,219,34.00,24.00,4.00,34.00,24.00,14.00,LOW,,,,,2026-06-24,2026-12-24,365,false,2023-11-28 06:52:16.000,2026-06-24 16:17:32.000
15225,225,5.00,30.00,2.00,5.00,30.00,20.00,LOW,,,,,2026-01-24,2027-02-24,365,false,2023-08-27 23:13:39.000,2026-06-24 16:17:32.000
15226,226,6.00,31.00,3.00,6.00,31.00,21.00,LOW,,,,,2026-01-24,2027-03-24,365,false,2003-02-15 17:10:16.000,2026-06-24 16:17:32.000
15227,227,7.00,32.00,4.00,7.00,32.00,22.00,LOW,,,,,2026-04-24,2027-03-24,365,false,2009-05-13 12:36:27.000,2026-06-24 16:17:32.000
15228,228,8.00,33.00,3.00,8.00,33.00,23.00,LOW,,,,,2026-06-24,2027-02-24,365,false,2001-12-25 19:56:31.000,2026-06-24 16:17:32.000
15230,230,10.00,35.00,5.00,10.00,35.00,25.00,LOW,,,,,2026-01-24,2027-02-24,365,false,2026-05-26 16:19:35.000,2026-06-24 16:17:32.000
15231,231,11.00,36.00,3.00,11.00,36.00,26.00,LOW,,,,,2026-01-24,2027-04-24,365,false,2022-01-02 06:50:17.000,2026-06-24 16:17:32.000
15235,235,15.00,40.00,2.00,15.00,40.00,30.00,LOW,,,,,2026-03-24,2026-12-24,365,false,2024-11-12 09:40:20.000,2026-06-24 16:17:32.000
15236,236,16.00,41.00,4.00,16.00,41.00,31.00,LOW,,,,,2026-04-24,2027-03-24,365,false,2021-01-24 09:59:00.000,2026-06-24 16:17:32.000
15237,237,17.00,42.00,3.00,17.00,42.00,32.00,LOW,,,,,2026-06-24,2027-05-24,365,false,2015-02-26 16:55:14.000,2026-06-24 16:17:32.000
15238,238,18.00,43.00,5.00,18.00,43.00,33.00,LOW,,,,,2026-06-24,2027-05-24,365,false,2004-07-22 13:38:45.000,2026-06-24 16:17:32.000
15239,239,19.00,44.00,5.00,19.00,44.00,34.00,LOW,,,,,2026-05-24,2026-12-24,365,false,2023-07-21 06:34:49.000,2026-06-24 16:17:32.000
15241,241,21.00,6.00,2.00,21.00,6.00,6.00,LOW,,,,,2026-06-24,2027-02-24,365,false,2024-10-09 06:43:14.000,2026-06-24 16:17:32.000
15242,242,22.00,7.00,3.00,22.00,7.00,7.00,LOW,,,,,2026-01-24,2026-12-24,365,false,2014-04-25 22:44:12.000,2026-06-24 16:17:32.000
15243,243,23.00,8.00,3.00,23.00,8.00,8.00,LOW,,,,,2026-02-24,2027-01-24,365,false,2023-02-09 06:51:21.000,2026-06-24 16:17:32.000
15246,246,26.00,11.00,5.00,26.00,11.00,11.00,LOW,,,,,2026-04-24,2027-05-24,365,false,2011-03-25 12:30:14.000,2026-06-24 16:17:32.000
15247,247,27.00,12.00,5.00,27.00,12.00,12.00,LOW,,,,,2026-02-24,2026-12-24,365,false,2011-05-30 03:03:35.000,2026-06-24 16:17:32.000
15248,248,28.00,13.00,5.00,28.00,13.00,13.00,LOW,,,,,2026-06-24,2027-02-24,365,false,2011-04-12 07:17:04.000,2026-06-24 16:17:32.000
15249,249,29.00,14.00,5.00,29.00,14.00,14.00,LOW,,,,,2026-06-24,2027-03-24,365,false,2019-11-04 05:07:40.000,2026-06-24 16:17:32.000
15251,251,31.00,16.00,4.00,31.00,16.00,16.00,LOW,,,,,2026-05-24,2027-03-24,365,false,2021-02-18 07:44:21.000,2026-06-24 16:17:32.000
15253,253,33.00,18.00,3.00,33.00,18.00,18.00,LOW,,,,,2026-01-24,2027-02-24,365,false,2013-11-27 05:42:39.000,2026-06-24 16:17:32.000
15254,254,34.00,19.00,4.00,34.00,19.00,19.00,LOW,,,,,2026-04-24,2026-12-24,365,false,2007-07-21 07:44:05.000,2026-06-24 16:17:32.000
15255,255,35.00,20.00,4.00,35.00,20.00,20.00,LOW,,,,,2026-01-24,2027-02-24,365,false,2009-08-05 06:20:58.000,2026-06-24 16:17:32.000
15256,256,36.00,21.00,3.00,36.00,21.00,21.00,LOW,,,,,2026-03-24,2027-01-24,365,false,2024-02-11 01:25:50.000,2026-06-24 16:17:32.000
15257,257,37.00,22.00,2.00,37.00,22.00,22.00,LOW,,,,,2026-04-24,2026-12-24,365,false,2012-10-21 05:53:32.000,2026-06-24 16:17:32.000
15258,258,38.00,23.00,4.00,38.00,23.00,23.00,LOW,,,,,2026-06-24,2027-03-24,365,false,2018-06-07 08:10:16.000,2026-06-24 16:17:32.000
15259,259,39.00,24.00,2.00,39.00,24.00,24.00,LOW,,,,,2026-03-24,2026-12-24,365,false,2012-10-21 20:09:02.000,2026-06-24 16:17:32.000
15260,260,5.00,25.00,5.00,5.00,25.00,25.00,LOW,,,,,2026-05-24,2027-05-24,365,false,2025-03-11 14:37:26.000,2026-06-24 16:17:32.000
15262,262,7.00,27.00,4.00,7.00,27.00,27.00,LOW,,,,,2026-05-24,2027-05-24,365,false,2025-01-29 22:57:13.000,2026-06-24 16:17:32.000
15264,264,9.00,29.00,4.00,9.00,29.00,29.00,LOW,,,,,2026-05-24,2027-04-24,365,false,2021-12-22 12:37:07.000,2026-06-24 16:17:32.000
15265,265,10.00,30.00,5.00,10.00,30.00,30.00,LOW,,,,,2026-06-24,2026-12-24,365,false,2005-06-18 09:14:59.000,2026-06-24 16:17:32.000
15266,266,11.00,31.00,5.00,11.00,31.00,31.00,LOW,,,,,2026-05-24,2027-01-24,365,false,2025-11-30 13:17:56.000,2026-06-24 16:17:32.000
15269,269,14.00,34.00,3.00,14.00,34.00,34.00,LOW,,,,,2026-01-24,2027-05-24,365,false,2023-02-17 13:58:57.000,2026-06-24 16:17:32.000
15270,270,15.00,35.00,2.00,15.00,35.00,5.00,LOW,,,,,2026-04-24,2027-05-24,365,false,2013-08-17 00:25:08.000,2026-06-24 16:17:32.000
15271,271,16.00,36.00,5.00,16.00,36.00,6.00,LOW,,,,,2026-03-24,2026-12-24,365,false,2002-10-07 19:00:57.000,2026-06-24 16:17:32.000
15272,272,17.00,37.00,2.00,17.00,37.00,7.00,LOW,,,,,2026-01-24,2027-05-24,365,false,2019-09-03 11:45:28.000,2026-06-24 16:17:32.000
15273,273,18.00,38.00,3.00,18.00,38.00,8.00,LOW,,,,,2026-02-24,2027-04-24,365,false,2009-08-16 14:11:27.000,2026-06-24 16:17:32.000
15276,276,21.00,41.00,3.00,21.00,41.00,11.00,LOW,,,,,2026-03-24,2027-04-24,365,false,2023-02-04 20:59:37.000,2026-06-24 16:17:32.000
15279,279,24.00,44.00,4.00,24.00,44.00,14.00,LOW,,,,,2026-06-24,2027-05-24,365,false,2024-02-28 22:03:06.000,2026-06-24 16:17:32.000
15280,280,25.00,5.00,3.00,25.00,5.00,15.00,LOW,,,,,2026-03-24,2027-04-24,365,false,2010-01-11 21:44:39.000,2026-06-24 16:17:32.000
15282,282,27.00,7.00,3.00,27.00,7.00,17.00,LOW,,,,,2026-01-24,2027-05-24,365,false,1999-07-03 22:20:25.000,2026-06-24 16:17:32.000
15283,283,28.00,8.00,5.00,28.00,8.00,18.00,LOW,,,,,2026-06-24,2027-05-24,365,false,2018-05-27 06:13:43.000,2026-06-24 16:17:32.000
15284,284,29.00,9.00,4.00,29.00,9.00,19.00,LOW,,,,,2026-05-24,2027-01-24,365,false,2022-04-12 23:28:05.000,2026-06-24 16:17:32.000
15285,285,30.00,10.00,3.00,30.00,10.00,20.00,LOW,,,,,2026-05-24,2027-05-24,365,false,2023-07-17 18:06:47.000,2026-06-24 16:17:32.000
15286,286,31.00,11.00,4.00,31.00,11.00,21.00,LOW,,,,,2026-02-24,2027-03-24,365,false,2004-09-21 05:18:45.000,2026-06-24 16:17:32.000
15287,287,32.00,12.00,2.00,32.00,12.00,22.00,LOW,,,,,2026-01-24,2027-01-24,365,false,2008-09-11 18:24:09.000,2026-06-24 16:17:32.000
15290,290,35.00,15.00,4.00,35.00,15.00,25.00,LOW,,,,,2026-03-24,2027-02-24,365,false,2009-07-04 17:14:28.000,2026-06-24 16:17:32.000
15291,291,36.00,16.00,3.00,36.00,16.00,26.00,LOW,,,,,2026-03-24,2027-03-24,365,false,2019-02-17 15:58:53.000,2026-06-24 16:17:32.000
15292,292,37.00,17.00,2.00,37.00,17.00,27.00,LOW,,,,,2026-01-24,2027-02-24,365,false,2025-03-31 07:47:43.000,2026-06-24 16:17:32.000
15296,296,6.00,21.00,3.00,6.00,21.00,31.00,LOW,,,,,2026-06-24,2027-01-24,365,false,2016-04-02 17:37:39.000,2026-06-24 16:17:32.000
15297,297,7.00,22.00,5.00,7.00,22.00,32.00,LOW,,,,,2026-06-24,2027-01-24,365,false,2014-05-18 21:01:32.000,2026-06-24 16:17:32.000
15298,298,8.00,23.00,3.00,8.00,23.00,33.00,LOW,,,,,2026-04-24,2027-02-24,365,false,2025-08-02 12:39:19.000,2026-06-24 16:17:32.000
15299,299,9.00,24.00,5.00,9.00,24.00,34.00,LOW,,,,,2026-06-24,2027-04-24,365,false,1998-04-05 01:26:07.000,2026-06-24 16:17:32.000
15302,302,12.00,27.00,2.00,12.00,27.00,7.00,LOW,,,,,2026-05-24,2026-12-24,365,false,2011-04-06 12:47:09.000,2026-06-24 16:17:32.000
15303,303,13.00,28.00,4.00,13.00,28.00,8.00,LOW,,,,,2026-03-24,2027-05-24,365,false,2013-10-04 22:40:46.000,2026-06-24 16:17:32.000
15306,306,16.00,31.00,4.00,16.00,31.00,11.00,LOW,,,,,2026-06-24,2027-05-24,365,false,2016-04-19 10:13:59.000,2026-06-24 16:17:32.000
15308,308,18.00,33.00,3.00,18.00,33.00,13.00,LOW,,,,,2026-06-24,2027-01-24,365,false,2024-07-15 20:46:22.000,2026-06-24 16:17:32.000
15310,310,20.00,35.00,3.00,20.00,35.00,15.00,LOW,,,,,2026-01-24,2026-12-24,365,false,2014-05-05 01:27:33.000,2026-06-24 16:17:32.000
15311,311,21.00,36.00,3.00,21.00,36.00,16.00,LOW,,,,,2026-03-24,2027-03-24,365,false,1998-03-17 12:55:19.000,2026-06-24 16:17:32.000
15312,312,22.00,37.00,4.00,22.00,37.00,17.00,LOW,,,,,2026-05-24,2026-12-24,365,false,2011-12-07 14:51:42.000,2026-06-24 16:17:32.000
15313,313,23.00,38.00,2.00,23.00,38.00,18.00,LOW,,,,,2026-01-24,2027-02-24,365,false,2020-02-02 14:41:42.000,2026-06-24 16:17:32.000
15314,314,24.00,39.00,3.00,24.00,39.00,19.00,LOW,,,,,2026-03-24,2027-02-24,365,false,2014-07-01 23:19:45.000,2026-06-24 16:17:32.000
15315,315,25.00,40.00,2.00,25.00,40.00,20.00,LOW,,,,,2026-03-24,2027-02-24,365,false,2025-08-27 12:46:50.000,2026-06-24 16:17:32.000
15317,317,27.00,42.00,3.00,27.00,42.00,22.00,LOW,,,,,2026-01-24,2027-02-24,365,false,2021-01-15 19:48:24.000,2026-06-24 16:17:32.000
15318,318,28.00,43.00,4.00,28.00,43.00,23.00,LOW,,,,,2026-03-24,2027-05-24,365,false,2026-02-12 16:38:07.000,2026-06-24 16:17:32.000
15320,320,30.00,5.00,2.00,30.00,5.00,25.00,LOW,,,,,2026-02-24,2026-12-24,365,false,2012-04-07 22:18:43.000,2026-06-24 16:17:32.000
15321,321,31.00,6.00,2.00,31.00,6.00,26.00,LOW,,,,,2026-05-24,2027-03-24,365,false,2026-01-02 14:46:57.000,2026-06-24 16:17:32.000
15322,322,32.00,7.00,5.00,32.00,7.00,27.00,LOW,,,,,2026-01-24,2027-04-24,365,false,1994-02-25 15:15:58.000,2026-06-24 16:17:32.000
15323,323,33.00,8.00,4.00,33.00,8.00,28.00,LOW,,,,,2026-02-24,2026-12-24,365,false,2025-11-24 20:30:58.000,2026-06-24 16:17:32.000
15325,325,35.00,10.00,3.00,35.00,10.00,30.00,LOW,,,,,2026-06-24,2027-01-24,365,false,2011-12-04 23:04:58.000,2026-06-24 16:17:32.000
15327,327,37.00,12.00,3.00,37.00,12.00,32.00,LOW,,,,,2026-01-24,2027-03-24,365,false,2016-05-17 01:58:08.000,2026-06-24 16:17:32.000
15330,330,5.00,15.00,5.00,5.00,15.00,5.00,LOW,,,,,2026-03-24,2027-01-24,365,false,2017-12-10 15:42:52.000,2026-06-24 16:17:32.000
15331,331,6.00,16.00,4.00,6.00,16.00,6.00,LOW,,,,,2026-02-24,2027-02-24,365,false,2008-07-07 10:05:36.000,2026-06-24 16:17:32.000
15332,332,7.00,17.00,3.00,7.00,17.00,7.00,LOW,,,,,2026-02-24,2027-01-24,365,false,2025-06-17 10:43:09.000,2026-06-24 16:17:32.000
15333,333,8.00,18.00,2.00,8.00,18.00,8.00,LOW,,,,,2026-05-24,2026-12-24,365,false,2016-10-23 18:55:25.000,2026-06-24 16:17:32.000
15334,334,9.00,19.00,2.00,9.00,19.00,9.00,LOW,,,,,2026-05-24,2026-12-24,365,false,2018-05-25 12:37:59.000,2026-06-24 16:17:32.000
15335,335,10.00,20.00,5.00,10.00,20.00,10.00,LOW,,,,,2026-05-24,2027-03-24,365,false,2000-08-18 08:48:10.000,2026-06-24 16:17:32.000
15336,336,11.00,21.00,4.00,11.00,21.00,11.00,LOW,,,,,2026-05-24,2027-05-24,365,false,2012-12-02 08:37:30.000,2026-06-24 16:17:32.000
15337,337,12.00,22.00,4.00,12.00,22.00,12.00,LOW,,,,,2026-06-24,2027-05-24,365,false,2021-12-06 21:02:12.000,2026-06-24 16:17:32.000
15338,338,13.00,23.00,4.00,13.00,23.00,13.00,LOW,,,,,2026-01-24,2027-02-24,365,false,2021-07-02 00:15:54.000,2026-06-24 16:17:32.000
15340,340,15.00,25.00,3.00,15.00,25.00,15.00,LOW,,,,,2026-04-24,2027-05-24,365,false,1998-04-22 20:22:42.000,2026-06-24 16:17:32.000
15341,341,16.00,26.00,2.00,16.00,26.00,16.00,LOW,,,,,2026-05-24,2026-12-24,365,false,2011-10-24 15:11:19.000,2026-06-24 16:17:32.000
15342,342,17.00,27.00,5.00,17.00,27.00,17.00,LOW,,,,,2026-03-24,2027-05-24,365,false,2009-01-09 16:45:00.000,2026-06-24 16:17:32.000
15347,347,22.00,32.00,5.00,22.00,32.00,22.00,LOW,,,,,2026-05-24,2027-04-24,365,false,2005-03-15 01:09:28.000,2026-06-24 16:17:32.000
15348,348,23.00,33.00,3.00,23.00,33.00,23.00,LOW,,,,,2026-02-24,2027-01-24,365,false,2022-02-02 12:54:00.000,2026-06-24 16:17:32.000
15350,350,25.00,35.00,4.00,25.00,35.00,25.00,LOW,,,,,2026-01-24,2026-12-24,365,false,2012-12-14 22:15:11.000,2026-06-24 16:17:32.000
15351,351,26.00,36.00,3.00,26.00,36.00,26.00,LOW,,,,,2026-04-24,2027-01-24,365,false,2014-06-14 19:18:14.000,2026-06-24 16:17:32.000
15355,355,30.00,40.00,2.00,30.00,40.00,30.00,LOW,,,,,2026-02-24,2027-01-24,365,false,2022-08-15 17:05:19.000,2026-06-24 16:17:32.000
15356,356,31.00,41.00,2.00,31.00,41.00,31.00,LOW,,,,,2026-03-24,2026-12-24,365,false,2014-11-06 01:09:09.000,2026-06-24 16:17:32.000
15357,357,32.00,42.00,5.00,32.00,42.00,32.00,LOW,,,,,2026-02-24,2027-05-24,365,false,2002-05-26 22:37:30.000,2026-06-24 16:17:32.000
15358,358,33.00,43.00,5.00,33.00,43.00,33.00,LOW,,,,,2026-04-24,2027-01-24,365,false,2021-06-04 05:38:49.000,2026-06-24 16:17:32.000
15359,359,34.00,44.00,2.00,34.00,44.00,34.00,LOW,,,,,2026-05-24,2027-01-24,365,false,2011-02-05 06:31:43.000,2026-06-24 16:17:32.000
15361,361,36.00,6.00,5.00,36.00,6.00,6.00,LOW,,,,,2026-03-24,2026-12-24,365,false,2013-05-10 20:06:43.000,2026-06-24 16:17:32.000
15362,362,37.00,7.00,4.00,37.00,7.00,7.00,LOW,,,,,2026-02-24,2027-01-24,365,false,2023-12-27 03:57:25.000,2026-06-24 16:17:32.000
15363,363,38.00,8.00,2.00,38.00,8.00,8.00,LOW,,,,,2026-02-24,2026-12-24,365,false,2018-07-30 19:53:45.000,2026-06-24 16:17:32.000
15364,364,39.00,9.00,4.00,39.00,9.00,9.00,LOW,,,,,2026-05-24,2027-05-24,365,false,2018-05-10 00:35:04.000,2026-06-24 16:17:32.000
15365,365,5.00,10.00,5.00,5.00,10.00,10.00,LOW,,,,,2026-02-24,2026-12-24,365,false,2025-10-13 22:14:12.000,2026-06-24 16:17:32.000
15366,366,6.00,11.00,4.00,6.00,11.00,11.00,LOW,,,,,2026-05-24,2027-05-24,365,false,2025-03-26 16:11:02.000,2026-06-24 16:17:32.000
15368,368,8.00,13.00,3.00,8.00,13.00,13.00,LOW,,,,,2026-04-24,2027-03-24,365,false,1998-06-15 22:03:26.000,2026-06-24 16:17:32.000
15370,370,10.00,15.00,2.00,10.00,15.00,15.00,LOW,,,,,2026-01-24,2027-05-24,365,false,2012-05-10 13:09:32.000,2026-06-24 16:17:32.000
15372,372,12.00,17.00,3.00,12.00,17.00,17.00,LOW,,,,,2026-02-24,2026-12-24,365,false,2020-11-17 18:21:50.000,2026-06-24 16:17:32.000
15374,374,14.00,19.00,3.00,14.00,19.00,19.00,LOW,,,,,2026-04-24,2026-12-24,365,false,2022-11-20 01:36:10.000,2026-06-24 16:17:32.000
15376,376,16.00,21.00,4.00,16.00,21.00,21.00,LOW,,,,,2026-01-24,2026-12-24,365,false,2024-09-21 20:48:43.000,2026-06-24 16:17:32.000
15377,377,17.00,22.00,2.00,17.00,22.00,22.00,LOW,,,,,2026-06-24,2027-03-24,365,false,1994-08-08 17:41:28.000,2026-06-24 16:17:32.000
15378,378,18.00,23.00,3.00,18.00,23.00,23.00,LOW,,,,,2026-03-24,2027-01-24,365,false,2026-01-31 23:49:33.000,2026-06-24 16:17:32.000
15380,380,20.00,25.00,5.00,20.00,25.00,25.00,LOW,,,,,2026-06-24,2027-04-24,365,false,2025-02-22 21:56:39.000,2026-06-24 16:17:32.000
15382,382,22.00,27.00,4.00,22.00,27.00,27.00,LOW,,,,,2026-01-24,2027-01-24,365,false,2023-12-28 00:36:27.000,2026-06-24 16:17:32.000
15385,385,25.00,30.00,2.00,25.00,30.00,30.00,LOW,,,,,2026-06-24,2027-02-24,365,false,2017-05-27 05:43:09.000,2026-06-24 16:17:32.000
15388,388,28.00,33.00,3.00,28.00,33.00,33.00,LOW,,,,,2026-04-24,2027-03-24,365,false,2015-01-23 04:11:38.000,2026-06-24 16:17:32.000
15390,390,30.00,35.00,2.00,30.00,35.00,5.00,LOW,,,,,2026-05-24,2026-12-24,365,false,2024-04-19 18:47:16.000,2026-06-24 16:17:32.000
15392,392,32.00,37.00,2.00,32.00,37.00,7.00,LOW,,,,,2026-06-24,2027-02-24,365,false,2024-03-13 07:12:38.000,2026-06-24 16:17:32.000
15393,393,33.00,38.00,4.00,33.00,38.00,8.00,LOW,,,,,2026-04-24,2027-04-24,365,false,2022-05-11 02:56:57.000,2026-06-24 16:17:32.000
15394,394,34.00,39.00,5.00,34.00,39.00,9.00,LOW,,,,,2026-02-24,2027-04-24,365,false,2025-11-18 13:41:39.000,2026-06-24 16:17:32.000
15395,395,35.00,40.00,3.00,35.00,40.00,10.00,LOW,,,,,2026-02-24,2027-05-24,365,false,2020-11-27 19:57:02.000,2026-06-24 16:17:32.000
15396,396,36.00,41.00,4.00,36.00,41.00,11.00,LOW,,,,,2026-03-24,2026-12-24,365,false,2020-05-03 14:00:24.000,2026-06-24 16:17:32.000
15397,397,37.00,42.00,2.00,37.00,42.00,12.00,LOW,,,,,2026-02-24,2027-05-24,365,false,2009-07-19 02:51:21.000,2026-06-24 16:17:32.000
15398,398,38.00,43.00,3.00,38.00,43.00,13.00,LOW,,,,,2026-03-24,2026-12-24,365,false,2024-06-29 10:26:18.000,2026-06-24 16:17:32.000
15399,399,39.00,44.00,4.00,39.00,44.00,14.00,LOW,,,,,2026-06-24,2027-04-24,365,false,1999-04-22 01:42:50.000,2026-06-24 16:17:32.000
15400,400,5.00,5.00,3.00,5.00,5.00,15.00,LOW,,,,,2026-03-24,2026-12-24,365,false,1997-01-11 01:25:23.000,2026-06-24 16:17:32.000
15401,401,6.00,6.00,4.00,6.00,6.00,16.00,LOW,,,,,2026-04-24,2027-03-24,365,false,2024-02-03 05:28:28.000,2026-06-24 16:17:32.000
15402,402,7.00,7.00,5.00,7.00,7.00,17.00,LOW,,,,,2026-04-24,2027-02-24,365,false,2024-11-09 02:24:37.000,2026-06-24 16:17:32.000
15403,403,8.00,8.00,5.00,8.00,8.00,18.00,LOW,,,,,2026-01-24,2026-12-24,365,false,2024-03-10 10:17:11.000,2026-06-24 16:17:32.000
15404,404,9.00,9.00,2.00,9.00,9.00,19.00,LOW,,,,,2026-04-24,2027-03-24,365,false,2025-08-01 11:47:32.000,2026-06-24 16:17:32.000
15405,405,10.00,10.00,2.00,10.00,10.00,20.00,LOW,,,,,2026-01-24,2027-03-24,365,false,2025-08-02 04:46:47.000,2026-06-24 16:17:32.000
15406,406,11.00,11.00,4.00,11.00,11.00,21.00,LOW,,,,,2026-04-24,2027-02-24,365,false,2014-05-10 04:06:34.000,2026-06-24 16:17:32.000
15410,410,15.00,15.00,4.00,15.00,15.00,25.00,LOW,,,,,2026-06-24,2027-04-24,365,false,2013-12-27 23:48:20.000,2026-06-24 16:17:32.000
15411,411,16.00,16.00,3.00,16.00,16.00,26.00,LOW,,,,,2026-02-24,2027-04-24,365,false,2014-11-21 19:01:05.000,2026-06-24 16:17:32.000
15412,412,17.00,17.00,4.00,17.00,17.00,27.00,LOW,,,,,2026-05-24,2027-05-24,365,false,2024-05-03 02:46:47.000,2026-06-24 16:17:32.000
15415,415,20.00,20.00,2.00,20.00,20.00,30.00,LOW,,,,,2026-03-24,2027-05-24,365,false,2021-01-16 02:55:42.000,2026-06-24 16:17:32.000
15416,416,21.00,21.00,2.00,21.00,21.00,31.00,LOW,,,,,2026-01-24,2027-03-24,365,false,2024-01-02 20:42:13.000,2026-06-24 16:17:32.000
15417,417,22.00,22.00,4.00,22.00,22.00,32.00,LOW,,,,,2026-02-24,2027-02-24,365,false,2025-03-10 05:07:19.000,2026-06-24 16:17:32.000
15418,418,23.00,23.00,5.00,23.00,23.00,33.00,LOW,,,,,2026-06-24,2027-05-24,365,false,1999-09-06 14:43:41.000,2026-06-24 16:17:32.000
15419,419,24.00,24.00,3.00,24.00,24.00,34.00,LOW,,,,,2026-03-24,2026-12-24,365,false,2010-02-18 17:52:54.000,2026-06-24 16:17:32.000
15421,421,26.00,26.00,4.00,26.00,26.00,6.00,LOW,,,,,2026-06-24,2027-02-24,365,false,2019-12-27 10:25:34.000,2026-06-24 16:17:32.000
15422,422,27.00,27.00,3.00,27.00,27.00,7.00,LOW,,,,,2026-06-24,2027-04-24,365,false,2025-03-11 22:52:20.000,2026-06-24 16:17:32.000
15423,423,28.00,28.00,5.00,28.00,28.00,8.00,LOW,,,,,2026-05-24,2027-05-24,365,false,2018-07-04 19:42:27.000,2026-06-24 16:17:32.000
15425,425,30.00,30.00,2.00,30.00,30.00,10.00,LOW,,,,,2026-06-24,2027-02-24,365,false,2018-05-25 16:06:50.000,2026-06-24 16:17:32.000
15426,426,31.00,31.00,5.00,31.00,31.00,11.00,LOW,,,,,2026-05-24,2027-04-24,365,false,2015-05-21 10:14:32.000,2026-06-24 16:17:32.000
15427,427,32.00,32.00,3.00,32.00,32.00,12.00,LOW,,,,,2026-02-24,2026-12-24,365,false,2023-04-01 08:09:17.000,2026-06-24 16:17:32.000
15428,428,33.00,33.00,3.00,33.00,33.00,13.00,LOW,,,,,2026-04-24,2027-05-24,365,false,2010-11-01 19:46:35.000,2026-06-24 16:17:32.000
15430,430,35.00,35.00,4.00,35.00,35.00,15.00,LOW,,,,,2026-01-24,2026-12-24,365,false,2025-05-16 02:33:17.000,2026-06-24 16:17:32.000
15431,431,36.00,36.00,2.00,36.00,36.00,16.00,LOW,,,,,2026-01-24,2027-02-24,365,false,2013-05-13 08:22:51.000,2026-06-24 16:17:32.000
15432,432,37.00,37.00,2.00,37.00,37.00,17.00,LOW,,,,,2026-05-24,2027-03-24,365,false,2003-11-10 14:26:57.000,2026-06-24 16:17:32.000
15433,433,38.00,38.00,5.00,38.00,38.00,18.00,LOW,,,,,2026-05-24,2027-01-24,365,false,2019-05-03 17:44:58.000,2026-06-24 16:17:32.000
15436,436,6.00,41.00,3.00,6.00,41.00,21.00,LOW,,,,,2026-05-24,2027-03-24,365,false,2026-06-13 22:38:13.000,2026-06-24 16:17:32.000
15438,438,8.00,43.00,4.00,8.00,43.00,23.00,LOW,,,,,2026-05-24,2026-12-24,365,false,2024-12-15 03:05:45.000,2026-06-24 16:17:32.000
15439,439,9.00,44.00,3.00,9.00,44.00,24.00,LOW,,,,,2026-04-24,2026-12-24,365,false,2023-04-25 10:43:05.000,2026-06-24 16:17:32.000
15441,441,11.00,6.00,4.00,11.00,6.00,26.00,LOW,,,,,2026-05-24,2027-02-24,365,false,2025-10-13 21:59:47.000,2026-06-24 16:17:32.000
15442,442,12.00,7.00,5.00,12.00,7.00,27.00,LOW,,,,,2026-02-24,2027-01-24,365,false,2012-10-13 19:53:16.000,2026-06-24 16:17:32.000
15443,443,13.00,8.00,3.00,13.00,8.00,28.00,LOW,,,,,2026-02-24,2027-04-24,365,false,2023-04-22 02:38:41.000,2026-06-24 16:17:32.000
15445,445,15.00,10.00,2.00,15.00,10.00,30.00,LOW,,,,,2026-04-24,2027-03-24,365,false,2021-11-20 16:45:34.000,2026-06-24 16:17:32.000
15446,446,16.00,11.00,2.00,16.00,11.00,31.00,LOW,,,,,2026-02-24,2027-02-24,365,false,2021-12-28 21:37:54.000,2026-06-24 16:17:32.000
15447,447,17.00,12.00,5.00,17.00,12.00,32.00,LOW,,,,,2026-01-24,2026-12-24,365,false,2012-07-11 01:31:27.000,2026-06-24 16:17:32.000
15449,449,19.00,14.00,3.00,19.00,14.00,34.00,LOW,,,,,2026-05-24,2027-03-24,365,false,2021-06-07 20:08:25.000,2026-06-24 16:17:32.000
15450,450,20.00,15.00,2.00,20.00,15.00,5.00,LOW,,,,,2026-03-24,2026-12-24,365,false,2022-04-24 21:27:59.000,2026-06-24 16:17:32.000
15451,451,21.00,16.00,3.00,21.00,16.00,6.00,LOW,,,,,2026-01-24,2027-05-24,365,false,2022-04-17 19:15:42.000,2026-06-24 16:17:32.000
15452,452,22.00,17.00,3.00,22.00,17.00,7.00,LOW,,,,,2026-02-24,2027-02-24,365,false,2002-03-01 20:29:49.000,2026-06-24 16:17:32.000
15453,453,23.00,18.00,4.00,23.00,18.00,8.00,LOW,,,,,2026-05-24,2027-03-24,365,false,2024-01-27 02:21:49.000,2026-06-24 16:17:32.000
15454,454,24.00,19.00,5.00,24.00,19.00,9.00,LOW,,,,,2026-01-24,2027-04-24,365,false,2016-09-28 01:40:34.000,2026-06-24 16:17:32.000
15455,455,25.00,20.00,5.00,25.00,20.00,10.00,LOW,,,,,2026-05-24,2027-03-24,365,false,2026-05-05 20:30:24.000,2026-06-24 16:17:32.000
15456,456,26.00,21.00,5.00,26.00,21.00,11.00,LOW,,,,,2026-03-24,2027-02-24,365,false,2015-09-07 13:07:18.000,2026-06-24 16:17:32.000
15457,457,27.00,22.00,3.00,27.00,22.00,12.00,LOW,,,,,2026-04-24,2027-01-24,365,false,2026-02-18 00:59:53.000,2026-06-24 16:17:32.000
15460,460,30.00,25.00,5.00,30.00,25.00,15.00,LOW,,,,,2026-03-24,2027-03-24,365,false,2026-01-01 18:44:18.000,2026-06-24 16:17:32.000
15461,461,31.00,26.00,3.00,31.00,26.00,16.00,LOW,,,,,2026-05-24,2027-01-24,365,false,2023-07-05 04:59:04.000,2026-06-24 16:17:32.000
15464,464,34.00,29.00,5.00,34.00,29.00,19.00,LOW,,,,,2026-02-24,2026-12-24,365,false,2022-10-17 03:20:11.000,2026-06-24 16:17:32.000
15471,471,6.00,36.00,4.00,6.00,36.00,26.00,LOW,,,,,2026-03-24,2027-04-24,365,false,2009-05-27 03:43:09.000,2026-06-24 16:17:32.000
15472,472,7.00,37.00,4.00,7.00,37.00,27.00,LOW,,,,,2026-01-24,2027-02-24,365,false,2023-06-15 01:59:43.000,2026-06-24 16:17:32.000
15473,473,8.00,38.00,3.00,8.00,38.00,28.00,LOW,,,,,2026-03-24,2027-04-24,365,false,2025-06-13 15:39:21.000,2026-06-24 16:17:32.000
15478,478,13.00,43.00,2.00,13.00,43.00,33.00,LOW,,,,,2026-01-24,2027-02-24,365,false,2014-07-29 09:00:52.000,2026-06-24 16:17:32.000
15479,479,14.00,44.00,4.00,14.00,44.00,34.00,LOW,,,,,2026-06-24,2027-05-24,365,false,2010-10-17 10:20:45.000,2026-06-24 16:17:32.000
15480,480,15.00,5.00,5.00,15.00,5.00,5.00,LOW,,,,,2026-02-24,2027-05-24,365,false,2009-06-10 17:29:32.000,2026-06-24 16:17:32.000
15481,481,16.00,6.00,2.00,16.00,6.00,6.00,LOW,,,,,2026-06-24,2026-12-24,365,false,2012-06-07 07:13:39.000,2026-06-24 16:17:32.000
15482,482,17.00,7.00,4.00,17.00,7.00,7.00,LOW,,,,,2026-01-24,2026-12-24,365,false,2022-07-31 11:26:48.000,2026-06-24 16:17:32.000
15484,484,19.00,9.00,5.00,19.00,9.00,9.00,LOW,,,,,2026-04-24,2027-04-24,365,false,2018-11-25 01:21:19.000,2026-06-24 16:17:32.000
15487,487,22.00,12.00,4.00,22.00,12.00,12.00,LOW,,,,,2026-05-24,2027-03-24,365,false,2022-05-06 14:34:55.000,2026-06-24 16:17:32.000
15489,489,24.00,14.00,4.00,24.00,14.00,14.00,LOW,,,,,2026-06-24,2027-02-24,365,false,2024-06-01 20:10:53.000,2026-06-24 16:17:32.000
15490,490,25.00,15.00,2.00,25.00,15.00,15.00,LOW,,,,,2026-02-24,2027-04-24,365,false,2019-07-28 12:18:05.000,2026-06-24 16:17:32.000
15491,491,26.00,16.00,3.00,26.00,16.00,16.00,LOW,,,,,2026-03-24,2026-12-24,365,false,2005-07-24 03:18:24.000,2026-06-24 16:17:32.000
15492,492,27.00,17.00,3.00,27.00,17.00,17.00,LOW,,,,,2026-01-24,2026-12-24,365,false,2006-11-12 05:10:11.000,2026-06-24 16:17:32.000
15493,493,28.00,18.00,4.00,28.00,18.00,18.00,LOW,,,,,2026-05-24,2027-05-24,365,false,2001-12-20 09:45:27.000,2026-06-24 16:17:32.000
15494,494,29.00,19.00,5.00,29.00,19.00,19.00,LOW,,,,,2026-06-24,2027-04-24,365,false,2026-03-27 22:08:52.000,2026-06-24 16:17:32.000
15495,495,30.00,20.00,3.00,30.00,20.00,20.00,LOW,,,,,2026-03-24,2027-05-24,365,false,2025-03-20 08:45:21.000,2026-06-24 16:17:32.000
15496,496,31.00,21.00,3.00,31.00,21.00,21.00,LOW,,,,,2026-06-24,2027-03-24,365,false,2000-03-30 08:34:31.000,2026-06-24 16:17:32.000
15498,498,33.00,23.00,2.00,33.00,23.00,23.00,LOW,,,,,2026-02-24,2027-04-24,365,false,2024-10-25 17:53:52.000,2026-06-24 16:17:32.000
15499,499,34.00,24.00,2.00,34.00,24.00,24.00,LOW,,,,,2026-02-24,2027-02-24,365,false,2012-06-27 07:23:15.000,2026-06-24 16:17:32.000
15500,500,35.00,25.00,5.00,35.00,25.00,25.00,LOW,,,,,2026-04-24,2027-04-24,365,false,2026-03-13 07:11:16.000,2026-06-24 16:17:32.000
15502,502,37.00,27.00,4.00,37.00,27.00,27.00,LOW,,,,,2026-01-24,2027-04-24,365,false,2018-09-15 19:04:09.000,2026-06-24 16:17:32.000
15503,503,38.00,28.00,5.00,38.00,28.00,28.00,LOW,,,,,2026-06-24,2027-02-24,365,false,2024-11-15 12:19:27.000,2026-06-24 16:17:32.000
15504,504,39.00,29.00,4.00,39.00,29.00,29.00,LOW,,,,,2026-01-24,2027-04-24,365,false,1997-05-12 10:57:16.000,2026-06-24 16:17:32.000
15505,505,5.00,30.00,3.00,5.00,30.00,30.00,LOW,,,,,2026-06-24,2026-12-24,365,false,2021-11-23 16:04:05.000,2026-06-24 16:17:32.000
15506,506,6.00,31.00,4.00,6.00,31.00,31.00,LOW,,,,,2026-03-24,2027-02-24,365,false,2025-07-05 01:30:29.000,2026-06-24 16:17:32.000
15507,507,7.00,32.00,2.00,7.00,32.00,32.00,LOW,,,,,2026-02-24,2027-05-24,365,false,2017-01-25 18:17:01.000,2026-06-24 16:17:32.000
15508,508,8.00,33.00,2.00,8.00,33.00,33.00,LOW,,,,,2026-03-24,2027-05-24,365,false,2025-06-16 05:53:25.000,2026-06-24 16:17:32.000
15511,511,11.00,36.00,3.00,11.00,36.00,6.00,LOW,,,,,2026-04-24,2027-05-24,365,false,1999-07-01 11:13:05.000,2026-06-24 16:17:32.000
15513,513,13.00,38.00,5.00,13.00,38.00,8.00,LOW,,,,,2026-03-24,2027-05-24,365,false,2025-05-26 21:55:40.000,2026-06-24 16:17:32.000
15514,514,14.00,39.00,5.00,14.00,39.00,9.00,LOW,,,,,2026-03-24,2027-05-24,365,false,2004-07-27 17:06:04.000,2026-06-24 16:17:32.000
15515,515,15.00,40.00,3.00,15.00,40.00,10.00,LOW,,,,,2026-02-24,2026-12-24,365,false,2025-11-04 13:22:16.000,2026-06-24 16:17:32.000
15516,516,16.00,41.00,2.00,16.00,41.00,11.00,LOW,,,,,2026-03-24,2027-05-24,365,false,2013-02-06 06:46:11.000,2026-06-24 16:17:32.000
15517,517,17.00,42.00,4.00,17.00,42.00,12.00,LOW,,,,,2026-02-24,2027-04-24,365,false,2024-06-07 03:22:25.000,2026-06-24 16:17:32.000
15519,519,19.00,44.00,5.00,19.00,44.00,14.00,LOW,,,,,2026-01-24,2027-04-24,365,false,1997-03-14 00:16:00.000,2026-06-24 16:17:32.000
15520,520,20.00,5.00,4.00,20.00,5.00,15.00,LOW,,,,,2026-06-24,2027-02-24,365,false,2023-05-30 01:54:23.000,2026-06-24 16:17:32.000
15521,521,21.00,6.00,5.00,21.00,6.00,16.00,LOW,,,,,2026-01-24,2027-05-24,365,false,2023-08-23 12:33:58.000,2026-06-24 16:17:32.000
15523,523,23.00,8.00,4.00,23.00,8.00,18.00,LOW,,,,,2026-01-24,2026-12-24,365,false,2024-07-23 19:59:37.000,2026-06-24 16:17:32.000
15524,524,24.00,9.00,2.00,24.00,9.00,19.00,LOW,,,,,2026-02-24,2027-03-24,365,false,2022-05-30 04:39:56.000,2026-06-24 16:17:32.000
15526,526,26.00,11.00,4.00,26.00,11.00,21.00,LOW,,,,,2026-03-24,2027-05-24,365,false,2014-08-02 18:58:00.000,2026-06-24 16:17:32.000
15527,527,27.00,12.00,4.00,27.00,12.00,22.00,LOW,,,,,2026-05-24,2027-01-24,365,false,2006-08-09 21:25:43.000,2026-06-24 16:17:32.000
15528,528,28.00,13.00,3.00,28.00,13.00,23.00,LOW,,,,,2026-05-24,2027-01-24,365,false,2002-12-29 23:45:43.000,2026-06-24 16:17:32.000
15529,529,29.00,14.00,3.00,29.00,14.00,24.00,LOW,,,,,2026-02-24,2027-03-24,365,false,2004-12-24 00:31:44.000,2026-06-24 16:17:32.000
15532,532,32.00,17.00,2.00,32.00,17.00,27.00,LOW,,,,,2026-03-24,2027-03-24,365,false,2022-10-17 13:42:05.000,2026-06-24 16:17:32.000
15535,535,35.00,20.00,5.00,35.00,20.00,30.00,LOW,,,,,2026-01-24,2027-03-24,365,false,2023-02-26 20:03:16.000,2026-06-24 16:17:32.000
15536,536,36.00,21.00,2.00,36.00,21.00,31.00,LOW,,,,,2026-04-24,2027-05-24,365,false,2014-12-02 14:56:55.000,2026-06-24 16:17:32.000
15539,539,39.00,24.00,4.00,39.00,24.00,34.00,LOW,,,,,2026-02-24,2027-02-24,365,false,2013-10-18 07:09:57.000,2026-06-24 16:17:32.000
15540,540,5.00,25.00,3.00,5.00,25.00,5.00,LOW,,,,,2026-02-24,2027-03-24,365,false,2011-03-10 07:40:58.000,2026-06-24 16:17:32.000
15541,541,6.00,26.00,4.00,6.00,26.00,6.00,LOW,,,,,2026-05-24,2027-03-24,365,false,2004-01-10 09:23:14.000,2026-06-24 16:17:32.000
15542,542,7.00,27.00,3.00,7.00,27.00,7.00,LOW,,,,,2026-05-24,2027-05-24,365,false,2023-10-09 12:51:52.000,2026-06-24 16:17:32.000
15544,544,9.00,29.00,5.00,9.00,29.00,9.00,LOW,,,,,2026-05-24,2026-12-24,365,false,2011-12-22 13:46:13.000,2026-06-24 16:17:32.000
15545,545,10.00,30.00,3.00,10.00,30.00,10.00,LOW,,,,,2026-03-24,2027-02-24,365,false,2011-11-03 16:05:10.000,2026-06-24 16:17:32.000
15548,548,13.00,33.00,3.00,13.00,33.00,13.00,LOW,,,,,2026-06-24,2026-12-24,365,false,2020-06-21 11:41:26.000,2026-06-24 16:17:32.000
15549,549,14.00,34.00,4.00,14.00,34.00,14.00,LOW,,,,,2026-06-24,2027-05-24,365,false,2024-01-29 18:26:23.000,2026-06-24 16:17:32.000
15550,550,15.00,35.00,2.00,15.00,35.00,15.00,LOW,,,,,2026-03-24,2027-02-24,365,false,2004-07-15 12:13:33.000,2026-06-24 16:17:32.000
15552,552,17.00,37.00,5.00,17.00,37.00,17.00,LOW,,,,,2026-06-24,2027-01-24,365,false,2019-07-17 06:01:57.000,2026-06-24 16:17:32.000
15553,553,18.00,38.00,2.00,18.00,38.00,18.00,LOW,,,,,2026-02-24,2027-02-24,365,false,2023-10-28 22:40:02.000,2026-06-24 16:17:32.000
15554,554,19.00,39.00,2.00,19.00,39.00,19.00,LOW,,,,,2026-05-24,2027-04-24,365,false,2017-07-04 05:14:59.000,2026-06-24 16:17:32.000
15555,555,20.00,40.00,3.00,20.00,40.00,20.00,LOW,,,,,2026-06-24,2026-12-24,365,false,2002-08-31 15:12:00.000,2026-06-24 16:17:32.000
15556,556,21.00,41.00,2.00,21.00,41.00,21.00,LOW,,,,,2026-02-24,2027-05-24,365,false,2021-10-26 20:05:03.000,2026-06-24 16:17:32.000
15558,558,23.00,43.00,3.00,23.00,43.00,23.00,LOW,,,,,2026-05-24,2027-04-24,365,false,2019-11-30 06:49:41.000,2026-06-24 16:17:32.000
15560,560,25.00,5.00,4.00,25.00,5.00,25.00,LOW,,,,,2026-01-24,2027-01-24,365,false,2023-03-25 12:58:25.000,2026-06-24 16:17:32.000
15562,562,27.00,7.00,4.00,27.00,7.00,27.00,LOW,,,,,2026-01-24,2027-02-24,365,false,2013-12-18 21:44:34.000,2026-06-24 16:17:32.000
15563,563,28.00,8.00,3.00,28.00,8.00,28.00,LOW,,,,,2026-05-24,2027-01-24,365,false,2024-07-28 15:29:59.000,2026-06-24 16:17:32.000
15565,565,30.00,10.00,3.00,30.00,10.00,30.00,LOW,,,,,2026-04-24,2027-05-24,365,false,2000-04-11 04:53:56.000,2026-06-24 16:17:32.000
15567,567,32.00,12.00,4.00,32.00,12.00,32.00,LOW,,,,,2026-03-24,2027-02-24,365,false,2026-01-12 10:01:26.000,2026-06-24 16:17:32.000
15568,568,33.00,13.00,4.00,33.00,13.00,33.00,LOW,,,,,2026-01-24,2027-04-24,365,false,2008-04-25 14:47:40.000,2026-06-24 16:17:32.000
15569,569,34.00,14.00,5.00,34.00,14.00,34.00,LOW,,,,,2026-06-24,2027-05-24,365,false,1995-05-18 13:53:41.000,2026-06-24 16:17:32.000
15571,571,36.00,16.00,3.00,36.00,16.00,6.00,LOW,,,,,2026-01-24,2027-02-24,365,false,2012-07-02 18:18:56.000,2026-06-24 16:17:32.000
15572,572,37.00,17.00,4.00,37.00,17.00,7.00,LOW,,,,,2026-04-24,2027-02-24,365,false,2011-06-21 14:28:07.000,2026-06-24 16:17:32.000
15574,574,39.00,19.00,4.00,39.00,19.00,9.00,LOW,,,,,2026-02-24,2027-02-24,365,false,2016-10-14 20:26:20.000,2026-06-24 16:17:32.000
15575,575,5.00,20.00,3.00,5.00,20.00,10.00,LOW,,,,,2026-03-24,2027-02-24,365,false,2003-08-20 06:25:40.000,2026-06-24 16:17:32.000
15577,577,7.00,22.00,5.00,7.00,22.00,12.00,LOW,,,,,2026-03-24,2026-12-24,365,false,2019-08-01 02:51:48.000,2026-06-24 16:17:32.000
15578,578,8.00,23.00,5.00,8.00,23.00,13.00,LOW,,,,,2026-02-24,2027-04-24,365,false,2021-04-02 11:51:13.000,2026-06-24 16:17:32.000
15579,579,9.00,24.00,5.00,9.00,24.00,14.00,LOW,,,,,2026-03-24,2027-01-24,365,false,2021-11-23 07:40:46.000,2026-06-24 16:17:32.000
15580,580,10.00,25.00,4.00,10.00,25.00,15.00,LOW,,,,,2026-05-24,2027-04-24,365,false,2024-07-29 02:47:12.000,2026-06-24 16:17:32.000
15581,581,11.00,26.00,4.00,11.00,26.00,16.00,LOW,,,,,2026-06-24,2027-05-24,365,false,2021-10-13 16:50:56.000,2026-06-24 16:17:32.000
15582,582,12.00,27.00,5.00,12.00,27.00,17.00,LOW,,,,,2026-03-24,2027-05-24,365,false,2021-10-23 14:18:54.000,2026-06-24 16:17:32.000
15585,585,15.00,30.00,2.00,15.00,30.00,20.00,LOW,,,,,2026-05-24,2027-03-24,365,false,2025-05-31 09:13:49.000,2026-06-24 16:17:32.000
15586,586,16.00,31.00,2.00,16.00,31.00,21.00,LOW,,,,,2026-05-24,2027-04-24,365,false,2013-11-07 09:07:43.000,2026-06-24 16:17:32.000
15588,588,18.00,33.00,2.00,18.00,33.00,23.00,LOW,,,,,2026-06-24,2027-01-24,365,false,2021-09-17 23:31:57.000,2026-06-24 16:17:32.000
15589,589,19.00,34.00,3.00,19.00,34.00,24.00,LOW,,,,,2026-05-24,2026-12-24,365,false,2019-04-10 18:59:32.000,2026-06-24 16:17:32.000
15592,592,22.00,37.00,2.00,22.00,37.00,27.00,LOW,,,,,2026-06-24,2027-03-24,365,false,2025-09-03 12:02:14.000,2026-06-24 16:17:32.000
15594,594,24.00,39.00,5.00,24.00,39.00,29.00,LOW,,,,,2026-01-24,2027-02-24,365,false,2024-10-29 03:45:30.000,2026-06-24 16:17:32.000
15595,595,25.00,40.00,5.00,25.00,40.00,30.00,LOW,,,,,2026-02-24,2027-03-24,365,false,2022-09-22 17:31:47.000,2026-06-24 16:17:32.000
15596,596,26.00,41.00,3.00,26.00,41.00,31.00,LOW,,,,,2026-06-24,2027-04-24,365,false,2021-09-13 04:20:57.000,2026-06-24 16:17:32.000
15598,598,28.00,43.00,3.00,28.00,43.00,33.00,LOW,,,,,2026-02-24,2027-03-24,365,false,2015-11-18 10:35:39.000,2026-06-24 16:17:32.000
15600,600,30.00,5.00,4.00,30.00,5.00,5.00,LOW,,,,,2026-06-24,2027-03-24,365,false,2024-08-26 06:42:20.000,2026-06-24 16:17:32.000
15601,601,31.00,6.00,4.00,31.00,6.00,6.00,LOW,,,,,2026-02-24,2027-02-24,365,false,1998-04-18 13:23:03.000,2026-06-24 16:17:32.000
15604,604,34.00,9.00,5.00,34.00,9.00,9.00,LOW,,,,,2026-01-24,2026-12-24,365,false,2015-04-07 09:32:00.000,2026-06-24 16:17:32.000
15607,607,37.00,12.00,4.00,37.00,12.00,12.00,LOW,,,,,2026-03-24,2026-12-24,365,false,2025-05-24 04:21:18.000,2026-06-24 16:17:32.000
15609,609,39.00,14.00,4.00,39.00,14.00,14.00,LOW,,,,,2026-01-24,2027-05-24,365,false,2026-02-22 12:22:16.000,2026-06-24 16:17:32.000
15610,610,5.00,15.00,5.00,5.00,15.00,15.00,LOW,,,,,2026-02-24,2027-01-24,365,false,2002-08-13 17:46:57.000,2026-06-24 16:17:32.000
15611,611,6.00,16.00,3.00,6.00,16.00,16.00,LOW,,,,,2026-03-24,2026-12-24,365,false,2026-05-07 02:26:45.000,2026-06-24 16:17:32.000
15614,614,9.00,19.00,2.00,9.00,19.00,19.00,LOW,,,,,2026-01-24,2027-04-24,365,false,2002-01-09 05:51:50.000,2026-06-24 16:17:32.000
15615,615,10.00,20.00,2.00,10.00,20.00,20.00,LOW,,,,,2026-02-24,2026-12-24,365,false,2006-12-31 20:35:05.000,2026-06-24 16:17:32.000
15616,616,11.00,21.00,3.00,11.00,21.00,21.00,LOW,,,,,2026-04-24,2026-12-24,365,false,1999-11-05 20:15:50.000,2026-06-24 16:17:32.000
15618,618,13.00,23.00,5.00,13.00,23.00,23.00,LOW,,,,,2026-05-24,2027-01-24,365,false,2011-02-23 10:47:53.000,2026-06-24 16:17:32.000
15620,620,15.00,25.00,3.00,15.00,25.00,25.00,LOW,,,,,2026-01-24,2027-01-24,365,false,2012-06-16 22:47:48.000,2026-06-24 16:17:32.000
15621,621,16.00,26.00,3.00,16.00,26.00,26.00,LOW,,,,,2026-03-24,2027-04-24,365,false,2016-10-14 09:37:16.000,2026-06-24 16:17:32.000
15622,622,17.00,27.00,4.00,17.00,27.00,27.00,LOW,,,,,2026-03-24,2027-01-24,365,false,2002-06-10 18:03:52.000,2026-06-24 16:17:32.000
15625,625,20.00,30.00,4.00,20.00,30.00,30.00,LOW,,,,,2026-04-24,2027-04-24,365,false,2011-02-06 19:10:36.000,2026-06-24 16:17:32.000
15626,626,21.00,31.00,2.00,21.00,31.00,31.00,LOW,,,,,2026-01-24,2027-04-24,365,false,2021-09-18 02:51:49.000,2026-06-24 16:17:32.000
15627,627,22.00,32.00,5.00,22.00,32.00,32.00,LOW,,,,,2026-02-24,2027-01-24,365,false,2013-07-25 04:48:31.000,2026-06-24 16:17:32.000
15628,628,23.00,33.00,2.00,23.00,33.00,33.00,LOW,,,,,2026-02-24,2027-01-24,365,false,2018-03-20 04:28:25.000,2026-06-24 16:17:32.000
15629,629,24.00,34.00,3.00,24.00,34.00,34.00,LOW,,,,,2026-01-24,2027-01-24,365,false,2025-02-19 03:19:53.000,2026-06-24 16:17:32.000
15630,630,25.00,35.00,5.00,25.00,35.00,5.00,LOW,,,,,2026-02-24,2027-01-24,365,false,2012-02-24 14:21:22.000,2026-06-24 16:17:32.000
15631,631,26.00,36.00,4.00,26.00,36.00,6.00,LOW,,,,,2026-02-24,2026-12-24,365,false,2011-07-26 15:05:17.000,2026-06-24 16:17:32.000
15633,633,28.00,38.00,3.00,28.00,38.00,8.00,LOW,,,,,2026-04-24,2026-12-24,365,false,2012-04-19 15:16:15.000,2026-06-24 16:17:32.000
15634,634,29.00,39.00,4.00,29.00,39.00,9.00,LOW,,,,,2026-03-24,2027-05-24,365,false,2026-01-24 05:46:38.000,2026-06-24 16:17:32.000
15635,635,30.00,40.00,5.00,30.00,40.00,10.00,LOW,,,,,2026-06-24,2027-05-24,365,false,2022-02-16 13:14:11.000,2026-06-24 16:17:32.000
15637,637,32.00,42.00,5.00,32.00,42.00,12.00,LOW,,,,,2026-06-24,2026-12-24,365,false,2025-11-22 04:25:19.000,2026-06-24 16:17:32.000
15638,638,33.00,43.00,3.00,33.00,43.00,13.00,LOW,,,,,2026-04-24,2027-01-24,365,false,2025-12-21 12:57:35.000,2026-06-24 16:17:32.000
15639,639,34.00,44.00,3.00,34.00,44.00,14.00,LOW,,,,,2026-01-24,2027-05-24,365,false,2015-02-16 21:29:48.000,2026-06-24 16:17:32.000
15640,640,35.00,5.00,2.00,35.00,5.00,15.00,LOW,,,,,2026-03-24,2026-12-24,365,false,2011-01-03 18:42:38.000,2026-06-24 16:17:32.000
15641,641,36.00,6.00,4.00,36.00,6.00,16.00,LOW,,,,,2026-05-24,2027-05-24,365,false,2006-05-30 00:05:34.000,2026-06-24 16:17:32.000
15642,642,37.00,7.00,5.00,37.00,7.00,17.00,LOW,,,,,2026-05-24,2027-03-24,365,false,2012-08-09 03:14:19.000,2026-06-24 16:17:32.000
15643,643,38.00,8.00,3.00,38.00,8.00,18.00,LOW,,,,,2026-03-24,2027-03-24,365,false,2010-01-02 04:00:47.000,2026-06-24 16:17:32.000
15648,648,8.00,13.00,3.00,8.00,13.00,23.00,LOW,,,,,2026-01-24,2027-02-24,365,false,2023-02-08 13:15:49.000,2026-06-24 16:17:32.000
15650,650,10.00,15.00,3.00,10.00,15.00,25.00,LOW,,,,,2026-04-24,2027-05-24,365,false,2015-11-12 00:30:55.000,2026-06-24 16:17:32.000
15651,651,11.00,16.00,2.00,11.00,16.00,26.00,LOW,,,,,2026-06-24,2026-12-24,365,false,2015-01-18 14:18:22.000,2026-06-24 16:17:32.000
15652,652,12.00,17.00,4.00,12.00,17.00,27.00,LOW,,,,,2026-05-24,2027-02-24,365,false,2018-06-05 14:49:01.000,2026-06-24 16:17:32.000
15653,653,13.00,18.00,4.00,13.00,18.00,28.00,LOW,,,,,2026-06-24,2027-02-24,365,false,2007-06-08 20:23:35.000,2026-06-24 16:17:32.000
15658,658,18.00,23.00,5.00,18.00,23.00,33.00,LOW,,,,,2026-03-24,2027-03-24,365,false,2025-10-22 22:51:49.000,2026-06-24 16:17:32.000
15659,659,19.00,24.00,5.00,19.00,24.00,34.00,LOW,,,,,2026-01-24,2027-02-24,365,false,2017-02-22 22:57:11.000,2026-06-24 16:17:32.000
15661,661,21.00,26.00,2.00,21.00,26.00,6.00,LOW,,,,,2026-01-24,2026-12-24,365,false,2023-04-26 06:51:20.000,2026-06-24 16:17:32.000
15662,662,22.00,27.00,3.00,22.00,27.00,7.00,LOW,,,,,2026-01-24,2026-12-24,365,false,2022-05-15 15:54:39.000,2026-06-24 16:17:32.000
15666,666,26.00,31.00,3.00,26.00,31.00,11.00,LOW,,,,,2026-05-24,2027-05-24,365,false,2025-10-22 06:11:54.000,2026-06-24 16:17:32.000
15667,667,27.00,32.00,2.00,27.00,32.00,12.00,LOW,,,,,2026-03-24,2027-02-24,365,false,2020-03-22 05:13:57.000,2026-06-24 16:17:32.000
15668,668,28.00,33.00,5.00,28.00,33.00,13.00,LOW,,,,,2026-05-24,2027-04-24,365,false,2025-01-04 09:05:55.000,2026-06-24 16:17:32.000
15670,670,30.00,35.00,5.00,30.00,35.00,15.00,LOW,,,,,2026-02-24,2027-02-24,365,false,2011-08-25 22:53:21.000,2026-06-24 16:17:32.000
15671,671,31.00,36.00,5.00,31.00,36.00,16.00,LOW,,,,,2026-02-24,2027-05-24,365,false,2012-06-23 19:45:36.000,2026-06-24 16:17:32.000
15672,672,32.00,37.00,5.00,32.00,37.00,17.00,LOW,,,,,2026-03-24,2027-01-24,365,false,2024-03-26 18:24:17.000,2026-06-24 16:17:32.000
15677,677,37.00,42.00,5.00,37.00,42.00,22.00,LOW,,,,,2026-06-24,2027-03-24,365,false,2024-04-01 08:46:41.000,2026-06-24 16:17:32.000
15678,678,38.00,43.00,2.00,38.00,43.00,23.00,LOW,,,,,2026-04-24,2027-04-24,365,false,2018-11-26 03:19:35.000,2026-06-24 16:17:32.000
15679,679,39.00,44.00,4.00,39.00,44.00,24.00,LOW,,,,,2026-05-24,2026-12-24,365,false,2021-07-11 08:55:52.000,2026-06-24 16:17:32.000
15680,680,5.00,5.00,4.00,5.00,5.00,25.00,LOW,,,,,2026-05-24,2027-04-24,365,false,2023-07-08 12:40:12.000,2026-06-24 16:17:32.000
15683,683,8.00,8.00,5.00,8.00,8.00,28.00,LOW,,,,,2026-05-24,2027-04-24,365,false,2007-12-22 20:52:49.000,2026-06-24 16:17:32.000
15684,684,9.00,9.00,5.00,9.00,9.00,29.00,LOW,,,,,2026-01-24,2027-01-24,365,false,2014-04-12 12:34:42.000,2026-06-24 16:17:32.000
15686,686,11.00,11.00,5.00,11.00,11.00,31.00,LOW,,,,,2026-01-24,2027-05-24,365,false,2014-09-07 01:45:38.000,2026-06-24 16:17:32.000
15687,687,12.00,12.00,2.00,12.00,12.00,32.00,LOW,,,,,2026-03-24,2027-02-24,365,false,2023-09-22 10:57:12.000,2026-06-24 16:17:32.000
15688,688,13.00,13.00,2.00,13.00,13.00,33.00,LOW,,,,,2026-05-24,2027-04-24,365,false,2018-02-19 12:48:22.000,2026-06-24 16:17:32.000
15689,689,14.00,14.00,2.00,14.00,14.00,34.00,LOW,,,,,2026-06-24,2026-12-24,365,false,2018-01-20 20:50:37.000,2026-06-24 16:17:32.000
15691,691,16.00,16.00,5.00,16.00,16.00,6.00,LOW,,,,,2026-02-24,2027-03-24,365,false,2023-05-16 21:42:08.000,2026-06-24 16:17:32.000
15692,692,17.00,17.00,4.00,17.00,17.00,7.00,LOW,,,,,2026-06-24,2026-12-24,365,false,1999-09-08 14:40:01.000,2026-06-24 16:17:32.000
15693,693,18.00,18.00,3.00,18.00,18.00,8.00,LOW,,,,,2026-03-24,2027-03-24,365,false,1991-02-04 23:05:45.000,2026-06-24 16:17:32.000
15695,695,20.00,20.00,3.00,20.00,20.00,10.00,LOW,,,,,2026-01-24,2027-01-24,365,false,2021-08-11 23:19:47.000,2026-06-24 16:17:32.000
15696,696,21.00,21.00,3.00,21.00,21.00,11.00,LOW,,,,,2026-05-24,2027-02-24,365,false,2016-10-30 20:10:06.000,2026-06-24 16:17:32.000
15697,697,22.00,22.00,2.00,22.00,22.00,12.00,LOW,,,,,2026-05-24,2027-04-24,365,false,2019-04-06 16:39:15.000,2026-06-24 16:17:32.000
15699,699,24.00,24.00,4.00,24.00,24.00,14.00,LOW,,,,,2026-03-24,2027-01-24,365,false,2001-03-11 04:00:22.000,2026-06-24 16:17:32.000
15701,701,26.00,26.00,2.00,26.00,26.00,16.00,LOW,,,,,2026-01-24,2027-04-24,365,false,2001-06-10 08:13:59.000,2026-06-24 16:17:32.000
15703,703,28.00,28.00,4.00,28.00,28.00,18.00,LOW,,,,,2026-05-24,2027-05-24,365,false,2024-04-18 12:55:46.000,2026-06-24 16:17:32.000
15704,704,29.00,29.00,5.00,29.00,29.00,19.00,LOW,,,,,2026-02-24,2026-12-24,365,false,2021-05-27 21:46:54.000,2026-06-24 16:17:32.000
15706,706,31.00,31.00,2.00,31.00,31.00,21.00,LOW,,,,,2026-06-24,2027-04-24,365,false,2017-03-01 23:13:55.000,2026-06-24 16:17:32.000
15709,709,34.00,34.00,2.00,34.00,34.00,24.00,LOW,,,,,2026-05-24,2027-01-24,365,false,2026-04-19 19:26:42.000,2026-06-24 16:17:32.000
15712,712,37.00,37.00,4.00,37.00,37.00,27.00,LOW,,,,,2026-06-24,2027-02-24,365,false,2022-05-13 21:46:10.000,2026-06-24 16:17:32.000
15715,715,5.00,40.00,3.00,5.00,40.00,30.00,LOW,,,,,2026-04-24,2027-03-24,365,false,2020-04-26 09:56:45.000,2026-06-24 16:17:32.000
15717,717,7.00,42.00,4.00,7.00,42.00,32.00,LOW,,,,,2026-02-24,2027-04-24,365,false,2018-09-25 14:28:10.000,2026-06-24 16:17:32.000
15718,718,8.00,43.00,4.00,8.00,43.00,33.00,LOW,,,,,2026-05-24,2027-05-24,365,false,2016-03-26 02:21:28.000,2026-06-24 16:17:32.000
15719,719,9.00,44.00,4.00,9.00,44.00,34.00,LOW,,,,,2026-04-24,2027-05-24,365,false,2012-10-29 06:23:52.000,2026-06-24 16:17:32.000
15722,722,12.00,7.00,3.00,12.00,7.00,7.00,LOW,,,,,2026-05-24,2027-05-24,365,false,2003-09-08 12:39:30.000,2026-06-24 16:17:32.000
15723,723,13.00,8.00,2.00,13.00,8.00,8.00,LOW,,,,,2026-01-24,2027-04-24,365,false,2022-10-06 04:18:18.000,2026-06-24 16:17:32.000
15724,724,14.00,9.00,2.00,14.00,9.00,9.00,LOW,,,,,2026-02-24,2027-02-24,365,false,1995-09-24 10:22:45.000,2026-06-24 16:17:32.000
15727,727,17.00,12.00,4.00,17.00,12.00,12.00,LOW,,,,,2026-05-24,2027-04-24,365,false,2020-10-18 12:05:48.000,2026-06-24 16:17:32.000
15728,728,18.00,13.00,2.00,18.00,13.00,13.00,LOW,,,,,2026-06-24,2026-12-24,365,false,2004-08-25 21:11:19.000,2026-06-24 16:17:32.000
15729,729,19.00,14.00,3.00,19.00,14.00,14.00,LOW,,,,,2026-04-24,2027-04-24,365,false,2024-05-24 19:52:15.000,2026-06-24 16:17:32.000
15730,730,20.00,15.00,4.00,20.00,15.00,15.00,LOW,,,,,2026-02-24,2026-12-24,365,false,2021-08-08 02:08:54.000,2026-06-24 16:17:32.000
15731,731,21.00,16.00,3.00,21.00,16.00,16.00,LOW,,,,,2026-06-24,2026-12-24,365,false,2009-09-29 10:47:47.000,2026-06-24 16:17:32.000
15733,733,23.00,18.00,4.00,23.00,18.00,18.00,LOW,,,,,2026-02-24,2027-04-24,365,false,2017-03-18 20:32:11.000,2026-06-24 16:17:32.000
15736,736,26.00,21.00,3.00,26.00,21.00,21.00,LOW,,,,,2026-05-24,2027-05-24,365,false,1994-03-30 05:15:40.000,2026-06-24 16:17:32.000
15739,739,29.00,24.00,2.00,29.00,24.00,24.00,LOW,,,,,2026-01-24,2027-03-24,365,false,2004-10-03 07:12:14.000,2026-06-24 16:17:32.000
15740,740,30.00,25.00,5.00,30.00,25.00,25.00,LOW,,,,,2026-06-24,2027-01-24,365,false,2020-02-04 17:18:04.000,2026-06-24 16:17:32.000
15743,743,33.00,28.00,2.00,33.00,28.00,28.00,LOW,,,,,2026-06-24,2026-12-24,365,false,2007-12-20 12:49:14.000,2026-06-24 16:17:32.000
15744,744,34.00,29.00,3.00,34.00,29.00,29.00,LOW,,,,,2026-06-24,2027-02-24,365,false,2015-01-22 02:00:39.000,2026-06-24 16:17:32.000
15745,745,35.00,30.00,5.00,35.00,30.00,30.00,LOW,,,,,2026-04-24,2027-04-24,365,false,2018-02-27 19:48:47.000,2026-06-24 16:17:32.000
15746,746,36.00,31.00,5.00,36.00,31.00,31.00,LOW,,,,,2026-05-24,2027-02-24,365,false,2026-04-03 04:01:46.000,2026-06-24 16:17:32.000
15748,748,38.00,33.00,2.00,38.00,33.00,33.00,LOW,,,,,2026-02-24,2027-05-24,365,false,2020-10-02 00:43:25.000,2026-06-24 16:17:32.000
15753,753,8.00,38.00,3.00,8.00,38.00,8.00,LOW,,,,,2026-06-24,2027-02-24,365,false,2023-08-28 12:38:27.000,2026-06-24 16:17:32.000
15757,757,12.00,42.00,3.00,12.00,42.00,12.00,LOW,,,,,2026-01-24,2027-04-24,365,false,2022-05-08 22:02:10.000,2026-06-24 16:17:32.000
15759,759,14.00,44.00,2.00,14.00,44.00,14.00,LOW,,,,,2026-05-24,2027-01-24,365,false,2024-05-28 17:01:16.000,2026-06-24 16:17:32.000
15760,760,15.00,5.00,5.00,15.00,5.00,15.00,LOW,,,,,2026-02-24,2027-01-24,365,false,2017-02-01 10:00:22.000,2026-06-24 16:17:32.000
15763,763,18.00,8.00,4.00,18.00,8.00,18.00,LOW,,,,,2026-06-24,2027-04-24,365,false,1998-02-27 23:40:37.000,2026-06-24 16:17:32.000
15765,765,20.00,10.00,5.00,20.00,10.00,20.00,LOW,,,,,2026-06-24,2026-12-24,365,false,2014-08-19 20:43:41.000,2026-06-24 16:17:32.000
15771,771,26.00,16.00,2.00,26.00,16.00,26.00,LOW,,,,,2026-02-24,2026-12-24,365,false,2020-11-29 15:32:08.000,2026-06-24 16:17:32.000
15772,772,27.00,17.00,3.00,27.00,17.00,27.00,LOW,,,,,2026-05-24,2027-01-24,365,false,2001-04-24 21:46:34.000,2026-06-24 16:17:32.000
15773,773,28.00,18.00,3.00,28.00,18.00,28.00,LOW,,,,,2026-03-24,2026-12-24,365,false,2020-01-31 19:14:27.000,2026-06-24 16:17:32.000
15775,775,30.00,20.00,4.00,30.00,20.00,30.00,LOW,,,,,2026-02-24,2027-04-24,365,false,2024-02-22 06:28:58.000,2026-06-24 16:17:32.000
15778,778,33.00,23.00,3.00,33.00,23.00,33.00,LOW,,,,,2026-05-24,2027-02-24,365,false,2015-12-18 16:36:39.000,2026-06-24 16:17:32.000
15780,780,35.00,25.00,2.00,35.00,25.00,5.00,LOW,,,,,2026-01-24,2027-05-24,365,false,2017-06-30 10:22:34.000,2026-06-24 16:17:32.000
15781,781,36.00,26.00,4.00,36.00,26.00,6.00,LOW,,,,,2026-03-24,2027-01-24,365,false,2003-11-05 14:50:13.000,2026-06-24 16:17:32.000
15782,782,37.00,27.00,3.00,37.00,27.00,7.00,LOW,,,,,2026-01-24,2027-03-24,365,false,2026-03-19 16:13:26.000,2026-06-24 16:17:32.000
15784,784,39.00,29.00,4.00,39.00,29.00,9.00,LOW,,,,,2026-03-24,2027-04-24,365,false,2019-08-03 21:45:48.000,2026-06-24 16:17:32.000
15785,785,5.00,30.00,5.00,5.00,30.00,10.00,LOW,,,,,2026-01-24,2027-01-24,365,false,2007-12-13 06:43:21.000,2026-06-24 16:17:32.000
15789,789,9.00,34.00,3.00,9.00,34.00,14.00,LOW,,,,,2026-04-24,2027-05-24,365,false,2010-03-09 01:19:16.000,2026-06-24 16:17:32.000
15790,790,10.00,35.00,3.00,10.00,35.00,15.00,LOW,,,,,2026-04-24,2027-01-24,365,false,2010-07-03 23:32:23.000,2026-06-24 16:17:32.000
15793,793,13.00,38.00,3.00,13.00,38.00,18.00,LOW,,,,,2026-06-24,2027-02-24,365,false,2017-05-11 21:45:48.000,2026-06-24 16:17:32.000
15794,794,14.00,39.00,5.00,14.00,39.00,19.00,LOW,,,,,2026-06-24,2027-01-24,365,false,2010-01-02 10:51:25.000,2026-06-24 16:17:32.000
15795,795,15.00,40.00,3.00,15.00,40.00,20.00,LOW,,,,,2026-01-24,2027-01-24,365,false,2025-07-25 17:22:10.000,2026-06-24 16:17:32.000
15799,799,19.00,44.00,3.00,19.00,44.00,24.00,LOW,,,,,2026-03-24,2027-05-24,365,false,2025-11-19 16:16:58.000,2026-06-24 16:17:32.000
15800,800,20.00,5.00,5.00,20.00,5.00,25.00,LOW,,,,,2026-01-24,2027-04-24,365,false,2002-04-22 12:37:26.000,2026-06-24 16:17:32.000
15801,801,21.00,6.00,2.00,21.00,6.00,26.00,LOW,,,,,2026-02-24,2027-02-24,365,false,2018-09-21 14:12:08.000,2026-06-24 16:17:32.000
15802,802,22.00,7.00,2.00,22.00,7.00,27.00,LOW,,,,,2026-04-24,2027-02-24,365,false,2025-09-20 14:57:45.000,2026-06-24 16:17:32.000
15803,803,23.00,8.00,5.00,23.00,8.00,28.00,LOW,,,,,2026-04-24,2027-05-24,365,false,2021-05-28 19:28:24.000,2026-06-24 16:17:32.000
15804,804,24.00,9.00,4.00,24.00,9.00,29.00,LOW,,,,,2026-06-24,2027-02-24,365,false,2018-12-29 21:54:46.000,2026-06-24 16:17:32.000
15805,805,25.00,10.00,2.00,25.00,10.00,30.00,LOW,,,,,2026-01-24,2027-03-24,365,false,2021-01-04 09:55:46.000,2026-06-24 16:17:32.000
15806,806,26.00,11.00,3.00,26.00,11.00,31.00,LOW,,,,,2026-06-24,2027-03-24,365,false,2013-12-05 17:26:03.000,2026-06-24 16:17:32.000
15807,807,27.00,12.00,2.00,27.00,12.00,32.00,LOW,,,,,2026-06-24,2027-01-24,365,false,2019-10-19 15:09:37.000,2026-06-24 16:17:32.000
15809,809,29.00,14.00,5.00,29.00,14.00,34.00,LOW,,,,,2026-05-24,2027-04-24,365,false,1993-11-15 10:15:00.000,2026-06-24 16:17:32.000
15812,812,32.00,17.00,5.00,32.00,17.00,7.00,LOW,,,,,2026-04-24,2027-05-24,365,false,2021-04-22 09:16:19.000,2026-06-24 16:17:32.000
15813,813,33.00,18.00,5.00,33.00,18.00,8.00,LOW,,,,,2026-05-24,2027-02-24,365,false,2025-06-08 12:41:11.000,2026-06-24 16:17:32.000
15814,814,34.00,19.00,5.00,34.00,19.00,9.00,LOW,,,,,2026-03-24,2027-05-24,365,false,2022-02-10 09:05:57.000,2026-06-24 16:17:32.000
15815,815,35.00,20.00,2.00,35.00,20.00,10.00,LOW,,,,,2026-06-24,2026-12-24,365,false,2023-06-08 13:10:56.000,2026-06-24 16:17:32.000
15816,816,36.00,21.00,4.00,36.00,21.00,11.00,LOW,,,,,2026-01-24,2027-05-24,365,false,2023-01-17 21:21:30.000,2026-06-24 16:17:32.000
15817,817,37.00,22.00,5.00,37.00,22.00,12.00,LOW,,,,,2026-01-24,2027-02-24,365,false,2024-10-15 19:26:46.000,2026-06-24 16:17:32.000
15818,818,38.00,23.00,3.00,38.00,23.00,13.00,LOW,,,,,2026-06-24,2026-12-24,365,false,2021-02-13 21:59:16.000,2026-06-24 16:17:32.000
15823,823,8.00,28.00,4.00,8.00,28.00,18.00,LOW,,,,,2026-04-24,2026-12-24,365,false,2012-10-25 10:39:23.000,2026-06-24 16:17:32.000
15824,824,9.00,29.00,2.00,9.00,29.00,19.00,LOW,,,,,2026-04-24,2027-04-24,365,false,2012-06-15 17:13:08.000,2026-06-24 16:17:32.000
15825,825,10.00,30.00,2.00,10.00,30.00,20.00,LOW,,,,,2026-01-24,2027-02-24,365,false,2021-08-16 18:53:37.000,2026-06-24 16:17:32.000
15826,826,11.00,31.00,4.00,11.00,31.00,21.00,LOW,,,,,2026-06-24,2027-05-24,365,false,2023-09-29 11:08:37.000,2026-06-24 16:17:32.000
15828,828,13.00,33.00,2.00,13.00,33.00,23.00,LOW,,,,,2026-03-24,2027-03-24,365,false,2009-03-24 15:14:04.000,2026-06-24 16:17:32.000
15829,829,14.00,34.00,2.00,14.00,34.00,24.00,LOW,,,,,2026-05-24,2027-05-24,365,false,2013-01-18 01:34:37.000,2026-06-24 16:17:32.000
15831,831,16.00,36.00,5.00,16.00,36.00,26.00,LOW,,,,,2026-05-24,2027-04-24,365,false,2024-10-02 21:40:50.000,2026-06-24 16:17:32.000
15836,836,21.00,41.00,4.00,21.00,41.00,31.00,LOW,,,,,2026-06-24,2026-12-24,365,false,2002-01-13 14:30:10.000,2026-06-24 16:17:32.000
15837,837,22.00,42.00,3.00,22.00,42.00,32.00,LOW,,,,,2026-06-24,2027-03-24,365,false,2020-05-07 14:01:41.000,2026-06-24 16:17:32.000
15839,839,24.00,44.00,3.00,24.00,44.00,34.00,LOW,,,,,2026-06-24,2027-01-24,365,false,2021-12-11 17:01:20.000,2026-06-24 16:17:32.000
15841,841,26.00,6.00,5.00,26.00,6.00,6.00,LOW,,,,,2026-04-24,2027-01-24,365,false,1993-11-07 05:47:41.000,2026-06-24 16:17:32.000
15842,842,27.00,7.00,2.00,27.00,7.00,7.00,LOW,,,,,2026-04-24,2027-03-24,365,false,2004-12-28 20:13:41.000,2026-06-24 16:17:32.000
15844,844,29.00,9.00,2.00,29.00,9.00,9.00,LOW,,,,,2026-05-24,2027-01-24,365,false,2026-04-22 13:00:39.000,2026-06-24 16:17:32.000
15845,845,30.00,10.00,2.00,30.00,10.00,10.00,LOW,,,,,2026-04-24,2027-02-24,365,false,2015-07-10 02:00:04.000,2026-06-24 16:17:32.000
15846,846,31.00,11.00,3.00,31.00,11.00,11.00,LOW,,,,,2026-06-24,2027-03-24,365,false,2025-08-21 08:50:09.000,2026-06-24 16:17:32.000
15847,847,32.00,12.00,2.00,32.00,12.00,12.00,LOW,,,,,2026-03-24,2027-02-24,365,false,2021-09-03 16:39:13.000,2026-06-24 16:17:32.000
15848,848,33.00,13.00,2.00,33.00,13.00,13.00,LOW,,,,,2026-02-24,2027-03-24,365,false,2009-04-20 12:37:43.000,2026-06-24 16:17:32.000
15849,849,34.00,14.00,2.00,34.00,14.00,14.00,LOW,,,,,2026-02-24,2027-05-24,365,false,2010-12-14 20:47:25.000,2026-06-24 16:17:32.000
15851,851,36.00,16.00,3.00,36.00,16.00,16.00,LOW,,,,,2026-01-24,2027-03-24,365,false,2024-04-28 21:03:31.000,2026-06-24 16:17:32.000
15852,852,37.00,17.00,4.00,37.00,17.00,17.00,LOW,,,,,2026-06-24,2027-01-24,365,false,2026-04-26 23:07:43.000,2026-06-24 16:17:32.000
15853,853,38.00,18.00,4.00,38.00,18.00,18.00,LOW,,,,,2026-04-24,2027-02-24,365,false,1999-06-06 16:03:35.000,2026-06-24 16:17:32.000
15856,856,6.00,21.00,3.00,6.00,21.00,21.00,LOW,,,,,2026-02-24,2027-02-24,365,false,2016-05-21 06:34:58.000,2026-06-24 16:17:32.000
15857,857,7.00,22.00,4.00,7.00,22.00,22.00,LOW,,,,,2026-06-24,2027-03-24,365,false,2009-12-03 01:17:27.000,2026-06-24 16:17:32.000
15859,859,9.00,24.00,5.00,9.00,24.00,24.00,LOW,,,,,2026-04-24,2027-01-24,365,false,2025-02-11 18:17:14.000,2026-06-24 16:17:32.000
15860,860,10.00,25.00,3.00,10.00,25.00,25.00,LOW,,,,,2026-05-24,2027-04-24,365,false,2026-01-10 09:41:30.000,2026-06-24 16:17:32.000
15861,861,11.00,26.00,2.00,11.00,26.00,26.00,LOW,,,,,2026-03-24,2027-03-24,365,false,2015-06-29 05:57:46.000,2026-06-24 16:17:32.000
15862,862,12.00,27.00,5.00,12.00,27.00,27.00,LOW,,,,,2026-05-24,2027-04-24,365,false,1997-10-10 20:03:57.000,2026-06-24 16:17:32.000
15863,863,13.00,28.00,2.00,13.00,28.00,28.00,LOW,,,,,2026-01-24,2026-12-24,365,false,2017-05-04 15:20:45.000,2026-06-24 16:17:32.000
15864,864,14.00,29.00,3.00,14.00,29.00,29.00,LOW,,,,,2026-06-24,2027-02-24,365,false,2014-11-04 08:25:12.000,2026-06-24 16:17:32.000
15865,865,15.00,30.00,5.00,15.00,30.00,30.00,LOW,,,,,2026-06-24,2027-03-24,365,false,2014-10-05 23:05:35.000,2026-06-24 16:17:32.000
15866,866,16.00,31.00,4.00,16.00,31.00,31.00,LOW,,,,,2026-06-24,2027-03-24,365,false,2015-11-04 16:22:08.000,2026-06-24 16:17:32.000
15869,869,19.00,34.00,3.00,19.00,34.00,34.00,LOW,,,,,2026-06-24,2027-01-24,365,false,2015-08-23 04:27:55.000,2026-06-24 16:17:32.000
15870,870,20.00,35.00,3.00,20.00,35.00,5.00,LOW,,,,,2026-06-24,2027-02-24,365,false,1992-08-25 17:32:05.000,2026-06-24 16:17:32.000
15871,871,21.00,36.00,3.00,21.00,36.00,6.00,LOW,,,,,2026-04-24,2027-03-24,365,false,2008-10-15 20:09:43.000,2026-06-24 16:17:32.000
15872,872,22.00,37.00,4.00,22.00,37.00,7.00,LOW,,,,,2026-05-24,2027-03-24,365,false,2003-06-27 06:30:48.000,2026-06-24 16:17:32.000
15876,876,26.00,41.00,2.00,26.00,41.00,11.00,LOW,,,,,2026-02-24,2027-03-24,365,false,2017-05-06 05:20:08.000,2026-06-24 16:17:32.000
15877,877,27.00,42.00,4.00,27.00,42.00,12.00,LOW,,,,,2026-04-24,2027-05-24,365,false,1999-07-05 18:15:14.000,2026-06-24 16:17:32.000
15878,878,28.00,43.00,3.00,28.00,43.00,13.00,LOW,,,,,2026-04-24,2027-05-24,365,false,2024-10-05 21:21:15.000,2026-06-24 16:17:32.000
15879,879,29.00,44.00,2.00,29.00,44.00,14.00,LOW,,,,,2026-01-24,2027-02-24,365,false,2011-04-23 05:00:09.000,2026-06-24 16:17:32.000
15880,880,30.00,5.00,5.00,30.00,5.00,15.00,LOW,,,,,2026-06-24,2027-02-24,365,false,2022-01-12 16:46:09.000,2026-06-24 16:17:32.000
15881,881,31.00,6.00,3.00,31.00,6.00,16.00,LOW,,,,,2026-05-24,2027-05-24,365,false,2014-10-12 06:33:59.000,2026-06-24 16:17:32.000
15882,882,32.00,7.00,2.00,32.00,7.00,17.00,LOW,,,,,2026-05-24,2027-04-24,365,false,2019-03-13 08:57:42.000,2026-06-24 16:17:32.000
15886,886,36.00,11.00,4.00,36.00,11.00,21.00,LOW,,,,,2026-06-24,2027-04-24,365,false,2025-11-15 14:30:53.000,2026-06-24 16:17:32.000
15887,887,37.00,12.00,5.00,37.00,12.00,22.00,LOW,,,,,2026-04-24,2027-04-24,365,false,2024-09-25 07:47:59.000,2026-06-24 16:17:32.000
15889,889,39.00,14.00,2.00,39.00,14.00,24.00,LOW,,,,,2026-06-24,2027-02-24,365,false,2012-03-26 20:44:10.000,2026-06-24 16:17:32.000
15890,890,5.00,15.00,4.00,5.00,15.00,25.00,LOW,,,,,2026-04-24,2027-05-24,365,false,2002-08-30 08:20:10.000,2026-06-24 16:17:32.000
15891,891,6.00,16.00,5.00,6.00,16.00,26.00,LOW,,,,,2026-06-24,2027-05-24,365,false,2001-01-05 06:19:37.000,2026-06-24 16:17:32.000
15892,892,7.00,17.00,4.00,7.00,17.00,27.00,LOW,,,,,2026-06-24,2027-02-24,365,false,2025-04-29 03:58:45.000,2026-06-24 16:17:32.000
15893,893,8.00,18.00,4.00,8.00,18.00,28.00,LOW,,,,,2026-02-24,2027-05-24,365,false,2022-11-20 05:46:14.000,2026-06-24 16:17:32.000
15894,894,9.00,19.00,3.00,9.00,19.00,29.00,LOW,,,,,2026-02-24,2027-05-24,365,false,2021-02-17 05:27:20.000,2026-06-24 16:17:32.000
15896,896,11.00,21.00,3.00,11.00,21.00,31.00,LOW,,,,,2026-03-24,2027-01-24,365,false,2017-06-13 18:18:54.000,2026-06-24 16:17:32.000
15899,899,14.00,24.00,2.00,14.00,24.00,34.00,LOW,,,,,2026-02-24,2027-05-24,365,false,2024-08-17 19:29:23.000,2026-06-24 16:17:32.000
15901,901,16.00,26.00,2.00,16.00,26.00,6.00,LOW,,,,,2026-02-24,2026-12-24,365,false,2020-11-25 00:58:40.000,2026-06-24 16:17:32.000
15903,903,18.00,28.00,3.00,18.00,28.00,8.00,LOW,,,,,2026-04-24,2026-12-24,365,false,2020-09-26 23:42:37.000,2026-06-24 16:17:32.000
15906,906,21.00,31.00,3.00,21.00,31.00,11.00,LOW,,,,,2026-05-24,2027-05-24,365,false,2016-05-29 17:23:29.000,2026-06-24 16:17:32.000
15910,910,25.00,35.00,2.00,25.00,35.00,15.00,LOW,,,,,2026-03-24,2027-02-24,365,false,2024-04-08 15:45:45.000,2026-06-24 16:17:32.000
15912,912,27.00,37.00,3.00,27.00,37.00,17.00,LOW,,,,,2026-05-24,2027-01-24,365,false,2024-04-22 05:58:24.000,2026-06-24 16:17:32.000
15914,914,29.00,39.00,3.00,29.00,39.00,19.00,LOW,,,,,2026-02-24,2026-12-24,365,false,2006-04-07 21:52:04.000,2026-06-24 16:17:32.000
15917,917,32.00,42.00,4.00,32.00,42.00,22.00,LOW,,,,,2026-04-24,2027-04-24,365,false,2001-09-14 04:26:37.000,2026-06-24 16:17:32.000
15918,918,33.00,43.00,4.00,33.00,43.00,23.00,LOW,,,,,2026-05-24,2027-03-24,365,false,2022-05-29 02:26:32.000,2026-06-24 16:17:32.000
15919,919,34.00,44.00,3.00,34.00,44.00,24.00,LOW,,,,,2026-03-24,2027-04-24,365,false,2022-06-18 10:35:10.000,2026-06-24 16:17:32.000
15920,920,35.00,5.00,4.00,35.00,5.00,25.00,LOW,,,,,2026-06-24,2027-02-24,365,false,2021-02-21 21:50:58.000,2026-06-24 16:17:32.000
15923,923,38.00,8.00,4.00,38.00,8.00,28.00,LOW,,,,,2026-02-24,2027-04-24,365,false,2024-04-25 01:30:35.000,2026-06-24 16:17:32.000
15924,924,39.00,9.00,4.00,39.00,9.00,29.00,LOW,,,,,2026-01-24,2027-04-24,365,false,2016-11-16 15:56:41.000,2026-06-24 16:17:32.000
15925,925,5.00,10.00,3.00,5.00,10.00,30.00,LOW,,,,,2026-02-24,2027-04-24,365,false,2019-02-09 04:34:43.000,2026-06-24 16:17:32.000
15926,926,6.00,11.00,2.00,6.00,11.00,31.00,LOW,,,,,2026-03-24,2027-05-24,365,false,2025-12-05 00:08:15.000,2026-06-24 16:17:32.000
15927,927,7.00,12.00,4.00,7.00,12.00,32.00,LOW,,,,,2026-01-24,2027-05-24,365,false,2026-01-31 16:35:32.000,2026-06-24 16:17:32.000
15928,928,8.00,13.00,3.00,8.00,13.00,33.00,LOW,,,,,2026-02-24,2027-02-24,365,false,2005-10-20 04:57:57.000,2026-06-24 16:17:32.000
15931,931,11.00,16.00,5.00,11.00,16.00,6.00,LOW,,,,,2026-06-24,2027-02-24,365,false,2021-06-19 09:08:33.000,2026-06-24 16:17:32.000
15934,934,14.00,19.00,2.00,14.00,19.00,9.00,LOW,,,,,2026-05-24,2027-05-24,365,false,2018-10-16 17:42:39.000,2026-06-24 16:17:32.000
15935,935,15.00,20.00,3.00,15.00,20.00,10.00,LOW,,,,,2026-06-24,2027-02-24,365,false,2014-07-31 02:46:48.000,2026-06-24 16:17:32.000
15936,936,16.00,21.00,3.00,16.00,21.00,11.00,LOW,,,,,2026-02-24,2027-04-24,365,false,2013-09-18 23:10:13.000,2026-06-24 16:17:32.000
15938,938,18.00,23.00,2.00,18.00,23.00,13.00,LOW,,,,,2026-05-24,2027-01-24,365,false,2017-01-20 09:40:11.000,2026-06-24 16:17:32.000
15940,940,20.00,25.00,3.00,20.00,25.00,15.00,LOW,,,,,2026-03-24,2027-03-24,365,false,2020-11-11 15:39:17.000,2026-06-24 16:17:32.000
15941,941,21.00,26.00,5.00,21.00,26.00,16.00,LOW,,,,,2026-03-24,2027-02-24,365,false,2022-05-05 03:37:42.000,2026-06-24 16:17:32.000
15942,942,22.00,27.00,4.00,22.00,27.00,17.00,LOW,,,,,2026-03-24,2027-05-24,365,false,2025-11-19 11:38:00.000,2026-06-24 16:17:32.000
15943,943,23.00,28.00,2.00,23.00,28.00,18.00,LOW,,,,,2026-01-24,2027-01-24,365,false,2008-06-30 14:20:45.000,2026-06-24 16:17:32.000
15944,944,24.00,29.00,2.00,24.00,29.00,19.00,LOW,,,,,2026-02-24,2027-04-24,365,false,2022-11-07 15:13:39.000,2026-06-24 16:17:32.000
15945,945,25.00,30.00,3.00,25.00,30.00,20.00,LOW,,,,,2026-06-24,2026-12-24,365,false,2022-04-14 20:12:14.000,2026-06-24 16:17:32.000
15946,946,26.00,31.00,3.00,26.00,31.00,21.00,LOW,,,,,2026-04-24,2027-01-24,365,false,2018-10-30 00:06:42.000,2026-06-24 16:17:32.000
15947,947,27.00,32.00,3.00,27.00,32.00,22.00,LOW,,,,,2026-03-24,2027-05-24,365,false,2024-04-24 18:39:24.000,2026-06-24 16:17:32.000
15948,948,28.00,33.00,4.00,28.00,33.00,23.00,LOW,,,,,2026-04-24,2027-01-24,365,false,2015-12-05 05:28:27.000,2026-06-24 16:17:32.000
15949,949,29.00,34.00,5.00,29.00,34.00,24.00,LOW,,,,,2026-04-24,2027-04-24,365,false,2025-10-20 09:46:57.000,2026-06-24 16:17:32.000
15950,950,30.00,35.00,3.00,30.00,35.00,25.00,LOW,,,,,2026-03-24,2027-04-24,365,false,2015-02-27 19:49:42.000,2026-06-24 16:17:32.000
15951,951,31.00,36.00,3.00,31.00,36.00,26.00,LOW,,,,,2026-05-24,2027-04-24,365,false,2017-03-24 15:11:01.000,2026-06-24 16:17:32.000
15952,952,32.00,37.00,3.00,32.00,37.00,27.00,LOW,,,,,2026-01-24,2027-03-24,365,false,2017-04-27 01:14:28.000,2026-06-24 16:17:32.000
15953,953,33.00,38.00,4.00,33.00,38.00,28.00,LOW,,,,,2026-03-24,2027-05-24,365,false,2025-02-21 14:01:12.000,2026-06-24 16:17:32.000
15954,954,34.00,39.00,4.00,34.00,39.00,29.00,LOW,,,,,2026-05-24,2027-03-24,365,false,2018-06-30 17:57:11.000,2026-06-24 16:17:32.000
15955,955,35.00,40.00,3.00,35.00,40.00,30.00,LOW,,,,,2026-02-24,2027-04-24,365,false,2021-04-05 08:16:46.000,2026-06-24 16:17:32.000
15956,956,36.00,41.00,5.00,36.00,41.00,31.00,LOW,,,,,2026-01-24,2027-02-24,365,false,2013-02-27 03:17:24.000,2026-06-24 16:17:32.000
15957,957,37.00,42.00,3.00,37.00,42.00,32.00,LOW,,,,,2026-05-24,2026-12-24,365,false,2012-04-23 14:59:00.000,2026-06-24 16:17:32.000
15958,958,38.00,43.00,4.00,38.00,43.00,33.00,LOW,,,,,2026-05-24,2026-12-24,365,false,2014-08-01 17:19:24.000,2026-06-24 16:17:32.000
15959,959,39.00,44.00,5.00,39.00,44.00,34.00,LOW,,,,,2026-05-24,2027-01-24,365,false,2023-09-17 16:44:52.000,2026-06-24 16:17:32.000
15964,964,9.00,9.00,3.00,9.00,9.00,9.00,LOW,,,,,2026-01-24,2027-01-24,365,false,2002-06-29 15:13:14.000,2026-06-24 16:17:32.000
15965,965,10.00,10.00,4.00,10.00,10.00,10.00,LOW,,,,,2026-06-24,2027-03-24,365,false,2003-03-20 10:12:57.000,2026-06-24 16:17:32.000
15966,966,11.00,11.00,5.00,11.00,11.00,11.00,LOW,,,,,2026-03-24,2027-02-24,365,false,2024-10-19 14:32:28.000,2026-06-24 16:17:32.000
15969,969,14.00,14.00,2.00,14.00,14.00,14.00,LOW,,,,,2026-05-24,2027-04-24,365,false,1996-08-31 04:22:54.000,2026-06-24 16:17:32.000
15970,970,15.00,15.00,3.00,15.00,15.00,15.00,LOW,,,,,2026-01-24,2027-05-24,365,false,2024-08-24 03:19:30.000,2026-06-24 16:17:32.000
15971,971,16.00,16.00,5.00,16.00,16.00,16.00,LOW,,,,,2026-02-24,2027-05-24,365,false,2024-11-15 08:56:33.000,2026-06-24 16:17:32.000
15975,975,20.00,20.00,5.00,20.00,20.00,20.00,LOW,,,,,2026-01-24,2027-02-24,365,false,1996-03-01 16:10:38.000,2026-06-24 16:17:32.000
15976,976,21.00,21.00,5.00,21.00,21.00,21.00,LOW,,,,,2026-04-24,2027-01-24,365,false,2015-05-07 04:57:54.000,2026-06-24 16:17:32.000
15979,979,24.00,24.00,5.00,24.00,24.00,24.00,LOW,,,,,2026-06-24,2027-03-24,365,false,2019-08-28 12:26:36.000,2026-06-24 16:17:32.000
15980,980,25.00,25.00,2.00,25.00,25.00,25.00,LOW,,,,,2026-03-24,2026-12-24,365,false,2010-04-21 12:44:48.000,2026-06-24 16:17:32.000
15981,981,26.00,26.00,4.00,26.00,26.00,26.00,LOW,,,,,2026-01-24,2027-02-24,365,false,2025-07-21 16:29:46.000,2026-06-24 16:17:32.000
15982,982,27.00,27.00,2.00,27.00,27.00,27.00,LOW,,,,,2026-02-24,2027-01-24,365,false,2002-08-29 05:58:36.000,2026-06-24 16:17:32.000
15983,983,28.00,28.00,5.00,28.00,28.00,28.00,LOW,,,,,2026-01-24,2027-03-24,365,false,2009-07-06 15:05:30.000,2026-06-24 16:17:32.000
15988,988,33.00,33.00,4.00,33.00,33.00,33.00,LOW,,,,,2026-02-24,2027-04-24,365,false,2019-07-28 01:01:21.000,2026-06-24 16:17:32.000
15989,989,34.00,34.00,2.00,34.00,34.00,34.00,LOW,,,,,2026-01-24,2027-04-24,365,false,2025-12-21 18:25:31.000,2026-06-24 16:17:32.000
15990,990,35.00,35.00,3.00,35.00,35.00,5.00,LOW,,,,,2026-02-24,2026-12-24,365,false,2020-05-06 01:40:00.000,2026-06-24 16:17:32.000
15991,991,36.00,36.00,2.00,36.00,36.00,6.00,LOW,,,,,2026-04-24,2027-01-24,365,false,2004-05-02 11:14:30.000,2026-06-24 16:17:32.000
15992,992,37.00,37.00,2.00,37.00,37.00,7.00,LOW,,,,,2026-03-24,2027-03-24,365,false,2008-03-13 08:09:48.000,2026-06-24 16:17:32.000
15994,994,39.00,39.00,2.00,39.00,39.00,9.00,LOW,,,,,2026-04-24,2027-03-24,365,false,2002-06-29 16:23:59.000,2026-06-24 16:17:32.000
15995,995,5.00,40.00,3.00,5.00,40.00,10.00,LOW,,,,,2026-02-24,2027-04-24,365,false,2017-06-25 02:57:17.000,2026-06-24 16:17:32.000
15997,997,7.00,42.00,5.00,7.00,42.00,12.00,LOW,,,,,2026-04-24,2026-12-24,365,false,2002-11-16 11:21:26.000,2026-06-24 16:17:32.000
15998,998,8.00,43.00,4.00,8.00,43.00,13.00,LOW,,,,,2026-05-24,2026-12-24,365,false,2011-10-20 21:17:56.000,2026-06-24 16:17:32.000
15999,999,9.00,44.00,2.00,9.00,44.00,14.00,LOW,,,,,2026-02-24,2027-02-24,365,false,2012-03-11 12:24:13.000,2026-06-24 16:17:32.000
16001,1001,11.00,6.00,3.00,11.00,6.00,16.00,LOW,,,,,2026-04-24,2027-04-24,365,false,2020-02-07 08:28:02.000,2026-06-24 16:17:32.000
16002,1002,12.00,7.00,4.00,12.00,7.00,17.00,LOW,,,,,2026-04-24,2027-01-24,365,false,2017-07-02 02:25:00.000,2026-06-24 16:17:32.000
16004,1004,14.00,9.00,2.00,14.00,9.00,19.00,LOW,,,,,2026-01-24,2026-12-24,365,false,1999-03-04 19:48:36.000,2026-06-24 16:17:32.000
16005,1005,15.00,10.00,5.00,15.00,10.00,20.00,LOW,,,,,2026-05-24,2027-01-24,365,false,2014-02-18 19:31:46.000,2026-06-24 16:17:32.000
16007,1007,17.00,12.00,3.00,17.00,12.00,22.00,LOW,,,,,2026-01-24,2027-03-24,365,false,2017-01-11 15:47:39.000,2026-06-24 16:17:32.000
16008,1008,18.00,13.00,5.00,18.00,13.00,23.00,LOW,,,,,2026-04-24,2027-03-24,365,false,2023-06-15 22:50:10.000,2026-06-24 16:17:32.000
16009,1009,19.00,14.00,3.00,19.00,14.00,24.00,LOW,,,,,2026-03-24,2026-12-24,365,false,2015-09-20 09:48:43.000,2026-06-24 16:17:32.000
16010,1010,20.00,15.00,3.00,20.00,15.00,25.00,LOW,,,,,2026-02-24,2026-12-24,365,false,2005-12-12 17:38:35.000,2026-06-24 16:17:32.000
16011,1011,21.00,16.00,2.00,21.00,16.00,26.00,LOW,,,,,2026-01-24,2027-01-24,365,false,2015-10-22 21:29:08.000,2026-06-24 16:17:32.000
16012,1012,22.00,17.00,3.00,22.00,17.00,27.00,LOW,,,,,2026-05-24,2027-03-24,365,false,2024-03-11 05:07:14.000,2026-06-24 16:17:32.000
16013,1013,23.00,18.00,3.00,23.00,18.00,28.00,LOW,,,,,2026-06-24,2027-01-24,365,false,2014-03-29 13:11:49.000,2026-06-24 16:17:32.000
16014,1014,24.00,19.00,3.00,24.00,19.00,29.00,LOW,,,,,2026-01-24,2027-01-24,365,false,2025-09-24 15:28:31.000,2026-06-24 16:17:32.000
16016,1016,26.00,21.00,3.00,26.00,21.00,31.00,LOW,,,,,2026-05-24,2027-05-24,365,false,2023-01-11 05:44:52.000,2026-06-24 16:17:32.000
16017,1017,27.00,22.00,3.00,27.00,22.00,32.00,LOW,,,,,2026-01-24,2027-01-24,365,false,2022-11-03 16:21:11.000,2026-06-24 16:17:32.000
16018,1018,28.00,23.00,2.00,28.00,23.00,33.00,LOW,,,,,2026-05-24,2027-01-24,365,false,2025-04-22 10:56:30.000,2026-06-24 16:17:32.000
16024,1024,34.00,29.00,5.00,34.00,29.00,9.00,LOW,,,,,2026-02-24,2027-01-24,365,false,2023-09-04 06:33:58.000,2026-06-24 16:17:32.000
16025,1025,35.00,30.00,2.00,35.00,30.00,10.00,LOW,,,,,2026-01-24,2027-03-24,365,false,2025-05-21 23:56:53.000,2026-06-24 16:17:32.000
16030,1030,5.00,35.00,5.00,5.00,35.00,15.00,LOW,,,,,2026-01-24,2027-03-24,365,false,2019-06-08 15:10:49.000,2026-06-24 16:17:32.000
16031,1031,6.00,36.00,3.00,6.00,36.00,16.00,LOW,,,,,2026-05-24,2026-12-24,365,false,2020-12-18 15:17:38.000,2026-06-24 16:17:32.000
16033,1033,8.00,38.00,4.00,8.00,38.00,18.00,LOW,,,,,2026-02-24,2027-05-24,365,false,2018-02-22 09:16:11.000,2026-06-24 16:17:32.000
16034,1034,9.00,39.00,5.00,9.00,39.00,19.00,LOW,,,,,2026-01-24,2026-12-24,365,false,2018-04-17 20:41:35.000,2026-06-24 16:17:32.000
16035,1035,10.00,40.00,3.00,10.00,40.00,20.00,LOW,,,,,2026-01-24,2027-01-24,365,false,2008-06-26 23:58:44.000,2026-06-24 16:17:32.000
16036,1036,11.00,41.00,5.00,11.00,41.00,21.00,LOW,,,,,2026-06-24,2027-04-24,365,false,2000-02-25 02:18:32.000,2026-06-24 16:17:32.000
16037,1037,12.00,42.00,5.00,12.00,42.00,22.00,LOW,,,,,2026-01-24,2026-12-24,365,false,2024-06-04 13:14:28.000,2026-06-24 16:17:32.000
16038,1038,13.00,43.00,4.00,13.00,43.00,23.00,LOW,,,,,2026-03-24,2027-04-24,365,false,1997-01-20 01:36:00.000,2026-06-24 16:17:32.000
16040,1040,15.00,5.00,4.00,15.00,5.00,25.00,LOW,,,,,2026-06-24,2027-01-24,365,false,2025-10-24 08:07:05.000,2026-06-24 16:17:32.000
16042,1042,17.00,7.00,4.00,17.00,7.00,27.00,LOW,,,,,2026-06-24,2027-01-24,365,false,2025-02-19 02:08:36.000,2026-06-24 16:17:32.000
16044,1044,19.00,9.00,5.00,19.00,9.00,29.00,LOW,,,,,2026-03-24,2027-03-24,365,false,2023-05-09 08:02:12.000,2026-06-24 16:17:32.000
16048,1048,23.00,13.00,4.00,23.00,13.00,33.00,LOW,,,,,2026-01-24,2027-04-24,365,false,2016-11-28 19:01:33.000,2026-06-24 16:17:32.000
16049,1049,24.00,14.00,2.00,24.00,14.00,34.00,LOW,,,,,2026-03-24,2027-02-24,365,false,2026-03-08 00:40:40.000,2026-06-24 16:17:32.000
16050,1050,25.00,15.00,3.00,25.00,15.00,5.00,LOW,,,,,2026-02-24,2027-04-24,365,false,2023-08-06 19:41:16.000,2026-06-24 16:17:32.000
16051,1051,26.00,16.00,3.00,26.00,16.00,6.00,LOW,,,,,2026-05-24,2027-05-24,365,false,2012-07-11 20:14:04.000,2026-06-24 16:17:32.000
16052,1052,27.00,17.00,3.00,27.00,17.00,7.00,LOW,,,,,2026-04-24,2027-02-24,365,false,2014-06-09 18:55:10.000,2026-06-24 16:17:32.000
16055,1055,30.00,20.00,4.00,30.00,20.00,10.00,LOW,,,,,2026-01-24,2027-04-24,365,false,2018-07-09 23:39:05.000,2026-06-24 16:17:32.000
16057,1057,32.00,22.00,4.00,32.00,22.00,12.00,LOW,,,,,2026-06-24,2027-01-24,365,false,2000-06-16 23:52:41.000,2026-06-24 16:17:32.000
16058,1058,33.00,23.00,2.00,33.00,23.00,13.00,LOW,,,,,2026-01-24,2027-01-24,365,false,2022-12-11 02:16:38.000,2026-06-24 16:17:32.000
16062,1062,37.00,27.00,5.00,37.00,27.00,17.00,LOW,,,,,2026-04-24,2027-01-24,365,false,2014-05-26 05:26:23.000,2026-06-24 16:17:32.000
16063,1063,38.00,28.00,3.00,38.00,28.00,18.00,LOW,,,,,2026-01-24,2027-05-24,365,false,2014-10-15 11:07:46.000,2026-06-24 16:17:32.000
16064,1064,39.00,29.00,2.00,39.00,29.00,19.00,LOW,,,,,2026-06-24,2027-02-24,365,false,2000-07-18 02:35:48.000,2026-06-24 16:17:32.000
16066,1066,6.00,31.00,2.00,6.00,31.00,21.00,LOW,,,,,2026-03-24,2026-12-24,365,false,2017-06-12 11:35:24.000,2026-06-24 16:17:32.000
16069,1069,9.00,34.00,4.00,9.00,34.00,24.00,LOW,,,,,2026-05-24,2027-01-24,365,false,2020-02-18 11:10:21.000,2026-06-24 16:17:32.000
16070,1070,10.00,35.00,3.00,10.00,35.00,25.00,LOW,,,,,2026-02-24,2027-03-24,365,false,2010-08-27 06:47:25.000,2026-06-24 16:17:32.000
16071,1071,11.00,36.00,5.00,11.00,36.00,26.00,LOW,,,,,2026-01-24,2027-02-24,365,false,2005-08-04 20:54:47.000,2026-06-24 16:17:32.000
16072,1072,12.00,37.00,4.00,12.00,37.00,27.00,LOW,,,,,2026-05-24,2027-05-24,365,false,2010-02-06 09:26:03.000,2026-06-24 16:17:32.000
16073,1073,13.00,38.00,2.00,13.00,38.00,28.00,LOW,,,,,2026-06-24,2027-04-24,365,false,2004-09-21 04:54:31.000,2026-06-24 16:17:32.000
16076,1076,16.00,41.00,4.00,16.00,41.00,31.00,LOW,,,,,2026-04-24,2026-12-24,365,false,2021-06-22 21:35:52.000,2026-06-24 16:17:32.000
16077,1077,17.00,42.00,5.00,17.00,42.00,32.00,LOW,,,,,2026-06-24,2027-04-24,365,false,2014-05-31 02:27:05.000,2026-06-24 16:17:32.000
16079,1079,19.00,44.00,5.00,19.00,44.00,34.00,LOW,,,,,2026-05-24,2027-04-24,365,false,2019-01-27 10:14:40.000,2026-06-24 16:17:32.000
16081,1081,21.00,6.00,4.00,21.00,6.00,6.00,LOW,,,,,2026-01-24,2027-03-24,365,false,2025-11-27 03:07:17.000,2026-06-24 16:17:32.000
16086,1086,26.00,11.00,5.00,26.00,11.00,11.00,LOW,,,,,2026-01-24,2027-03-24,365,false,2019-02-18 13:44:22.000,2026-06-24 16:17:32.000
16087,1087,27.00,12.00,4.00,27.00,12.00,12.00,LOW,,,,,2026-04-24,2027-04-24,365,false,2009-07-23 21:45:40.000,2026-06-24 16:17:32.000
16088,1088,28.00,13.00,5.00,28.00,13.00,13.00,LOW,,,,,2026-03-24,2027-02-24,365,false,2016-10-11 11:28:32.000,2026-06-24 16:17:32.000
16089,1089,29.00,14.00,5.00,29.00,14.00,14.00,LOW,,,,,2026-01-24,2027-03-24,365,false,2021-11-25 15:06:53.000,2026-06-24 16:17:32.000
16090,1090,30.00,15.00,3.00,30.00,15.00,15.00,LOW,,,,,2026-04-24,2027-02-24,365,false,2025-09-19 08:23:45.000,2026-06-24 16:17:32.000
16091,1091,31.00,16.00,2.00,31.00,16.00,16.00,LOW,,,,,2026-04-24,2027-05-24,365,false,2022-09-23 05:10:05.000,2026-06-24 16:17:32.000
16092,1092,32.00,17.00,5.00,32.00,17.00,17.00,LOW,,,,,2026-02-24,2027-01-24,365,false,2018-11-18 23:07:34.000,2026-06-24 16:17:32.000
16094,1094,34.00,19.00,5.00,34.00,19.00,19.00,LOW,,,,,2026-04-24,2027-01-24,365,false,2023-12-04 06:41:39.000,2026-06-24 16:17:32.000
16095,1095,35.00,20.00,4.00,35.00,20.00,20.00,LOW,,,,,2026-05-24,2026-12-24,365,false,2012-10-04 06:44:53.000,2026-06-24 16:17:32.000
16096,1096,36.00,21.00,2.00,36.00,21.00,21.00,LOW,,,,,2026-01-24,2027-03-24,365,false,2022-11-06 01:50:32.000,2026-06-24 16:17:32.000
16097,1097,37.00,22.00,4.00,37.00,22.00,22.00,LOW,,,,,2026-04-24,2027-02-24,365,false,2024-06-05 22:33:01.000,2026-06-24 16:17:32.000
16099,1099,39.00,24.00,3.00,39.00,24.00,24.00,LOW,,,,,2026-06-24,2027-03-24,365,false,2019-09-26 08:15:08.000,2026-06-24 16:17:32.000
16101,1101,6.00,26.00,2.00,6.00,26.00,26.00,LOW,,,,,2026-02-24,2027-01-24,365,false,2024-05-12 14:41:18.000,2026-06-24 16:17:32.000
16102,1102,7.00,27.00,2.00,7.00,27.00,27.00,LOW,,,,,2026-06-24,2027-04-24,365,false,2007-05-17 23:17:18.000,2026-06-24 16:17:32.000
16103,1103,8.00,28.00,2.00,8.00,28.00,28.00,LOW,,,,,2026-04-24,2027-05-24,365,false,2022-04-12 21:40:46.000,2026-06-24 16:17:32.000
16104,1104,9.00,29.00,5.00,9.00,29.00,29.00,LOW,,,,,2026-02-24,2027-04-24,365,false,2024-01-15 16:37:33.000,2026-06-24 16:17:32.000
16108,1108,13.00,33.00,5.00,13.00,33.00,33.00,LOW,,,,,2026-01-24,2026-12-24,365,false,2002-09-26 22:54:00.000,2026-06-24 16:17:32.000
16109,1109,14.00,34.00,3.00,14.00,34.00,34.00,LOW,,,,,2026-01-24,2027-05-24,365,false,2024-08-05 09:46:58.000,2026-06-24 16:17:32.000
16110,1110,15.00,35.00,3.00,15.00,35.00,5.00,LOW,,,,,2026-01-24,2027-02-24,365,false,2025-09-15 21:16:29.000,2026-06-24 16:17:32.000
16111,1111,16.00,36.00,2.00,16.00,36.00,6.00,LOW,,,,,2026-06-24,2026-12-24,365,false,1994-07-03 14:35:06.000,2026-06-24 16:17:32.000
16112,1112,17.00,37.00,3.00,17.00,37.00,7.00,LOW,,,,,2026-02-24,2027-05-24,365,false,2021-02-08 23:40:53.000,2026-06-24 16:17:32.000
16114,1114,19.00,39.00,3.00,19.00,39.00,9.00,LOW,,,,,2026-04-24,2027-02-24,365,false,2025-04-27 17:29:16.000,2026-06-24 16:17:32.000
16117,1117,22.00,42.00,3.00,22.00,42.00,12.00,LOW,,,,,2026-03-24,2027-01-24,365,false,2010-06-08 18:18:26.000,2026-06-24 16:17:32.000
16118,1118,23.00,43.00,4.00,23.00,43.00,13.00,LOW,,,,,2026-03-24,2027-02-24,365,false,2021-10-06 14:33:10.000,2026-06-24 16:17:32.000
16119,1119,24.00,44.00,4.00,24.00,44.00,14.00,LOW,,,,,2026-05-24,2027-03-24,365,false,2024-06-19 13:43:30.000,2026-06-24 16:17:32.000
16121,1121,26.00,6.00,5.00,26.00,6.00,16.00,LOW,,,,,2026-01-24,2026-12-24,365,false,2024-12-21 09:28:05.000,2026-06-24 16:17:32.000
16122,1122,27.00,7.00,3.00,27.00,7.00,17.00,LOW,,,,,2026-03-24,2027-01-24,365,false,2004-04-11 15:51:38.000,2026-06-24 16:17:32.000
16123,1123,28.00,8.00,4.00,28.00,8.00,18.00,LOW,,,,,2026-02-24,2027-03-24,365,false,2025-05-11 03:48:34.000,2026-06-24 16:17:32.000
16124,1124,29.00,9.00,2.00,29.00,9.00,19.00,LOW,,,,,2026-06-24,2027-05-24,365,false,2015-10-06 23:24:43.000,2026-06-24 16:17:32.000
16125,1125,30.00,10.00,5.00,30.00,10.00,20.00,LOW,,,,,2026-05-24,2026-12-24,365,false,2024-01-13 02:22:40.000,2026-06-24 16:17:32.000
16126,1126,31.00,11.00,5.00,31.00,11.00,21.00,LOW,,,,,2026-06-24,2027-04-24,365,false,2008-04-25 17:20:37.000,2026-06-24 16:17:32.000
16127,1127,32.00,12.00,4.00,32.00,12.00,22.00,LOW,,,,,2026-06-24,2027-01-24,365,false,2021-06-14 21:04:31.000,2026-06-24 16:17:32.000
16130,1130,35.00,15.00,2.00,35.00,15.00,25.00,LOW,,,,,2026-05-24,2027-02-24,365,false,2020-04-26 05:16:04.000,2026-06-24 16:17:32.000
16131,1131,36.00,16.00,2.00,36.00,16.00,26.00,LOW,,,,,2026-01-24,2027-05-24,365,false,2019-12-05 22:14:36.000,2026-06-24 16:17:32.000
16132,1132,37.00,17.00,4.00,37.00,17.00,27.00,LOW,,,,,2026-05-24,2026-12-24,365,false,2006-01-09 17:25:10.000,2026-06-24 16:17:32.000
16133,1133,38.00,18.00,2.00,38.00,18.00,28.00,LOW,,,,,2026-05-24,2027-01-24,365,false,2025-07-17 04:25:15.000,2026-06-24 16:17:32.000
16134,1134,39.00,19.00,4.00,39.00,19.00,29.00,LOW,,,,,2026-01-24,2026-12-24,365,false,2015-12-26 14:13:46.000,2026-06-24 16:17:32.000
16135,1135,5.00,20.00,4.00,5.00,20.00,30.00,LOW,,,,,2026-02-24,2027-01-24,365,false,2019-11-13 10:24:16.000,2026-06-24 16:17:32.000
16136,1136,6.00,21.00,5.00,6.00,21.00,31.00,LOW,,,,,2026-06-24,2026-12-24,365,false,2025-12-23 15:45:34.000,2026-06-24 16:17:32.000
16138,1138,8.00,23.00,4.00,8.00,23.00,33.00,LOW,,,,,2026-05-24,2027-01-24,365,false,2015-09-22 18:58:19.000,2026-06-24 16:17:32.000
16140,1140,10.00,25.00,3.00,10.00,25.00,5.00,LOW,,,,,2026-03-24,2026-12-24,365,false,2022-06-18 14:29:45.000,2026-06-24 16:17:32.000
16141,1141,11.00,26.00,3.00,11.00,26.00,6.00,LOW,,,,,2026-05-24,2027-02-24,365,false,2010-05-31 13:24:19.000,2026-06-24 16:17:32.000
16142,1142,12.00,27.00,2.00,12.00,27.00,7.00,LOW,,,,,2026-02-24,2027-02-24,365,false,2025-06-08 03:55:01.000,2026-06-24 16:17:32.000
16143,1143,13.00,28.00,2.00,13.00,28.00,8.00,LOW,,,,,2026-01-24,2027-03-24,365,false,2023-02-11 09:37:27.000,2026-06-24 16:17:32.000
16147,1147,17.00,32.00,4.00,17.00,32.00,12.00,LOW,,,,,2026-03-24,2026-12-24,365,false,2008-10-10 07:42:23.000,2026-06-24 16:17:32.000
16148,1148,18.00,33.00,2.00,18.00,33.00,13.00,LOW,,,,,2026-02-24,2027-02-24,365,false,2017-07-29 12:22:03.000,2026-06-24 16:17:32.000
16149,1149,19.00,34.00,5.00,19.00,34.00,14.00,LOW,,,,,2026-06-24,2026-12-24,365,false,2024-04-21 03:44:02.000,2026-06-24 16:17:32.000
16150,1150,20.00,35.00,4.00,20.00,35.00,15.00,LOW,,,,,2026-01-24,2026-12-24,365,false,2022-10-06 21:17:03.000,2026-06-24 16:17:32.000
16153,1153,23.00,38.00,3.00,23.00,38.00,18.00,LOW,,,,,2026-02-24,2026-12-24,365,false,2026-06-15 02:02:20.000,2026-06-24 16:17:32.000
16154,1154,24.00,39.00,2.00,24.00,39.00,19.00,LOW,,,,,2026-05-24,2027-01-24,365,false,2024-06-01 19:55:12.000,2026-06-24 16:17:32.000
16155,1155,25.00,40.00,3.00,25.00,40.00,20.00,LOW,,,,,2026-01-24,2027-05-24,365,false,2025-05-30 12:26:02.000,2026-06-24 16:17:32.000
16158,1158,28.00,43.00,5.00,28.00,43.00,23.00,LOW,,,,,2026-06-24,2027-03-24,365,false,2021-07-14 15:53:27.000,2026-06-24 16:17:32.000
16159,1159,29.00,44.00,2.00,29.00,44.00,24.00,LOW,,,,,2026-02-24,2027-02-24,365,false,2000-01-22 04:38:00.000,2026-06-24 16:17:32.000
16164,1164,34.00,9.00,2.00,34.00,9.00,29.00,LOW,,,,,2026-03-24,2027-01-24,365,false,2002-08-05 21:28:20.000,2026-06-24 16:17:32.000
16165,1165,35.00,10.00,4.00,35.00,10.00,30.00,LOW,,,,,2026-06-24,2027-02-24,365,false,2009-03-22 15:45:27.000,2026-06-24 16:17:32.000
16166,1166,36.00,11.00,2.00,36.00,11.00,31.00,LOW,,,,,2026-02-24,2027-01-24,365,false,2017-12-07 12:41:26.000,2026-06-24 16:17:32.000
16167,1167,37.00,12.00,2.00,37.00,12.00,32.00,LOW,,,,,2026-06-24,2027-01-24,365,false,2021-04-11 07:06:07.000,2026-06-24 16:17:32.000
16168,1168,38.00,13.00,4.00,38.00,13.00,33.00,LOW,,,,,2026-02-24,2026-12-24,365,false,2023-02-10 01:18:01.000,2026-06-24 16:17:32.000
16169,1169,39.00,14.00,3.00,39.00,14.00,34.00,LOW,,,,,2026-01-24,2026-12-24,365,false,2024-09-25 06:48:52.000,2026-06-24 16:17:32.000
16173,1173,8.00,18.00,2.00,8.00,18.00,8.00,LOW,,,,,2026-01-24,2027-05-24,365,false,2018-06-26 01:35:34.000,2026-06-24 16:17:32.000
16175,1175,10.00,20.00,2.00,10.00,20.00,10.00,LOW,,,,,2026-02-24,2027-05-24,365,false,2025-08-05 18:44:23.000,2026-06-24 16:17:32.000
16179,1179,14.00,24.00,3.00,14.00,24.00,14.00,LOW,,,,,2026-03-24,2027-04-24,365,false,2008-02-29 08:27:53.000,2026-06-24 16:17:32.000
16180,1180,15.00,25.00,5.00,15.00,25.00,15.00,LOW,,,,,2026-02-24,2026-12-24,365,false,2011-07-20 07:27:45.000,2026-06-24 16:17:32.000
16182,1182,17.00,27.00,4.00,17.00,27.00,17.00,LOW,,,,,2026-06-24,2026-12-24,365,false,2015-12-21 05:15:54.000,2026-06-24 16:17:32.000
16184,1184,19.00,29.00,2.00,19.00,29.00,19.00,LOW,,,,,2026-06-24,2026-12-24,365,false,2013-12-05 12:35:40.000,2026-06-24 16:17:32.000
16185,1185,20.00,30.00,4.00,20.00,30.00,20.00,LOW,,,,,2026-03-24,2027-02-24,365,false,2021-03-04 14:18:22.000,2026-06-24 16:17:32.000
16186,1186,21.00,31.00,3.00,21.00,31.00,21.00,LOW,,,,,2026-01-24,2027-04-24,365,false,2017-05-26 08:21:12.000,2026-06-24 16:17:32.000
16187,1187,22.00,32.00,3.00,22.00,32.00,22.00,LOW,,,,,2026-04-24,2027-01-24,365,false,2014-03-13 18:59:20.000,2026-06-24 16:17:32.000
16189,1189,24.00,34.00,4.00,24.00,34.00,24.00,LOW,,,,,2026-05-24,2027-03-24,365,false,1992-10-17 03:18:07.000,2026-06-24 16:17:32.000
16190,1190,25.00,35.00,3.00,25.00,35.00,25.00,LOW,,,,,2026-04-24,2027-04-24,365,false,2016-07-02 02:38:22.000,2026-06-24 16:17:32.000
16191,1191,26.00,36.00,5.00,26.00,36.00,26.00,LOW,,,,,2026-04-24,2027-05-24,365,false,2026-04-23 04:40:19.000,2026-06-24 16:17:32.000
16192,1192,27.00,37.00,4.00,27.00,37.00,27.00,LOW,,,,,2026-04-24,2027-03-24,365,false,2024-01-23 01:53:57.000,2026-06-24 16:17:32.000
16193,1193,28.00,38.00,2.00,28.00,38.00,28.00,LOW,,,,,2026-03-24,2027-04-24,365,false,2011-05-28 18:31:49.000,2026-06-24 16:17:32.000
16195,1195,30.00,40.00,4.00,30.00,40.00,30.00,LOW,,,,,2026-05-24,2026-12-24,365,false,2019-06-06 09:58:01.000,2026-06-24 16:17:32.000
16196,1196,31.00,41.00,4.00,31.00,41.00,31.00,LOW,,,,,2026-04-24,2027-01-24,365,false,2025-12-10 14:28:28.000,2026-06-24 16:17:32.000
16197,1197,32.00,42.00,5.00,32.00,42.00,32.00,LOW,,,,,2026-05-24,2027-01-24,365,false,2016-03-07 11:19:26.000,2026-06-24 16:17:32.000
16198,1198,33.00,43.00,3.00,33.00,43.00,33.00,LOW,,,,,2026-01-24,2027-03-24,365,false,2019-07-05 02:35:41.000,2026-06-24 16:17:32.000
16199,1199,34.00,44.00,3.00,34.00,44.00,34.00,LOW,,,,,2026-03-24,2026-12-24,365,false,2011-03-21 06:42:15.000,2026-06-24 16:17:32.000
16200,1200,35.00,5.00,2.00,35.00,5.00,5.00,LOW,,,,,2026-03-24,2026-12-24,365,false,2013-02-18 05:04:25.000,2026-06-24 16:17:32.000
16201,1201,36.00,6.00,3.00,36.00,6.00,6.00,LOW,,,,,2026-01-24,2027-05-24,365,false,2022-10-09 17:10:47.000,2026-06-24 16:17:32.000
16202,1202,37.00,7.00,5.00,37.00,7.00,7.00,LOW,,,,,2026-04-24,2027-05-24,365,false,2023-05-10 23:49:52.000,2026-06-24 16:17:32.000
16204,1204,39.00,9.00,3.00,39.00,9.00,9.00,LOW,,,,,2026-06-24,2027-01-24,365,false,2020-01-15 18:49:31.000,2026-06-24 16:17:32.000
16206,1206,6.00,11.00,5.00,6.00,11.00,11.00,LOW,,,,,2026-04-24,2027-05-24,365,false,2002-12-13 12:33:13.000,2026-06-24 16:17:32.000
16207,1207,7.00,12.00,4.00,7.00,12.00,12.00,LOW,,,,,2026-05-24,2027-04-24,365,false,2011-01-14 17:48:31.000,2026-06-24 16:17:32.000
16209,1209,9.00,14.00,2.00,9.00,14.00,14.00,LOW,,,,,2026-05-24,2026-12-24,365,false,2010-05-05 07:23:18.000,2026-06-24 16:17:32.000
16211,1211,11.00,16.00,2.00,11.00,16.00,16.00,LOW,,,,,2026-06-24,2027-05-24,365,false,2019-08-18 23:04:24.000,2026-06-24 16:17:32.000
16212,1212,12.00,17.00,4.00,12.00,17.00,17.00,LOW,,,,,2026-02-24,2027-02-24,365,false,2011-11-12 05:24:58.000,2026-06-24 16:17:32.000
16214,1214,14.00,19.00,3.00,14.00,19.00,19.00,LOW,,,,,2026-02-24,2027-01-24,365,false,2010-03-24 08:23:04.000,2026-06-24 16:17:32.000
16216,1216,16.00,21.00,4.00,16.00,21.00,21.00,LOW,,,,,2026-05-24,2026-12-24,365,false,2013-09-07 19:42:52.000,2026-06-24 16:17:32.000
16217,1217,17.00,22.00,3.00,17.00,22.00,22.00,LOW,,,,,2026-04-24,2027-02-24,365,false,2011-05-18 09:51:15.000,2026-06-24 16:17:32.000
16218,1218,18.00,23.00,4.00,18.00,23.00,23.00,LOW,,,,,2026-01-24,2027-03-24,365,false,2015-09-10 22:10:38.000,2026-06-24 16:17:32.000
16219,1219,19.00,24.00,5.00,19.00,24.00,24.00,LOW,,,,,2026-05-24,2027-05-24,365,false,2014-03-25 11:16:20.000,2026-06-24 16:17:32.000
16220,1220,20.00,25.00,4.00,20.00,25.00,25.00,LOW,,,,,2026-01-24,2027-03-24,365,false,2022-12-03 15:44:41.000,2026-06-24 16:17:32.000
16222,1222,22.00,27.00,5.00,22.00,27.00,27.00,LOW,,,,,2026-02-24,2026-12-24,365,false,2021-10-29 02:49:53.000,2026-06-24 16:17:32.000
16224,1224,24.00,29.00,2.00,24.00,29.00,29.00,LOW,,,,,2026-03-24,2027-04-24,365,false,2016-07-17 11:01:36.000,2026-06-24 16:17:32.000
16225,1225,25.00,30.00,3.00,25.00,30.00,30.00,LOW,,,,,2026-01-24,2027-02-24,365,false,2002-09-29 02:20:48.000,2026-06-24 16:17:32.000
16226,1226,26.00,31.00,3.00,26.00,31.00,31.00,LOW,,,,,2026-04-24,2027-03-24,365,false,2025-03-31 05:59:27.000,2026-06-24 16:17:32.000
16227,1227,27.00,32.00,5.00,27.00,32.00,32.00,LOW,,,,,2026-06-24,2026-12-24,365,false,2017-01-04 02:43:55.000,2026-06-24 16:17:32.000
16229,1229,29.00,34.00,5.00,29.00,34.00,34.00,LOW,,,,,2026-01-24,2026-12-24,365,false,2012-06-28 20:23:19.000,2026-06-24 16:17:32.000
16230,1230,30.00,35.00,2.00,30.00,35.00,5.00,LOW,,,,,2026-02-24,2026-12-24,365,false,2010-01-16 14:22:13.000,2026-06-24 16:17:32.000
16231,1231,31.00,36.00,4.00,31.00,36.00,6.00,LOW,,,,,2026-01-24,2026-12-24,365,false,2022-03-31 11:46:57.000,2026-06-24 16:17:32.000
16233,1233,33.00,38.00,3.00,33.00,38.00,8.00,LOW,,,,,2026-03-24,2027-02-24,365,false,2006-05-20 03:42:11.000,2026-06-24 16:17:32.000
16234,1234,34.00,39.00,2.00,34.00,39.00,9.00,LOW,,,,,2026-06-24,2027-01-24,365,false,2018-10-02 03:57:08.000,2026-06-24 16:17:32.000
16235,1235,35.00,40.00,2.00,35.00,40.00,10.00,LOW,,,,,2026-05-24,2026-12-24,365,false,2021-11-02 12:34:51.000,2026-06-24 16:17:32.000
16237,1237,37.00,42.00,2.00,37.00,42.00,12.00,LOW,,,,,2026-04-24,2026-12-24,365,false,2025-12-24 10:45:41.000,2026-06-24 16:17:32.000
16238,1238,38.00,43.00,3.00,38.00,43.00,13.00,LOW,,,,,2026-06-24,2027-01-24,365,false,2022-11-02 20:54:20.000,2026-06-24 16:17:32.000
16239,1239,39.00,44.00,5.00,39.00,44.00,14.00,LOW,,,,,2026-02-24,2027-02-24,365,false,2008-02-07 08:51:38.000,2026-06-24 16:17:32.000
16240,1240,5.00,5.00,2.00,5.00,5.00,15.00,LOW,,,,,2026-05-24,2026-12-24,365,false,2001-05-14 02:48:06.000,2026-06-24 16:17:32.000
16241,1241,6.00,6.00,3.00,6.00,6.00,16.00,LOW,,,,,2026-05-24,2027-02-24,365,false,2016-02-13 22:15:41.000,2026-06-24 16:17:32.000
16242,1242,7.00,7.00,3.00,7.00,7.00,17.00,LOW,,,,,2026-03-24,2027-02-24,365,false,2023-01-22 15:11:22.000,2026-06-24 16:17:32.000
16243,1243,8.00,8.00,5.00,8.00,8.00,18.00,LOW,,,,,2026-03-24,2026-12-24,365,false,2023-04-07 17:19:30.000,2026-06-24 16:17:32.000
16244,1244,9.00,9.00,3.00,9.00,9.00,19.00,LOW,,,,,2026-01-24,2027-01-24,365,false,2014-09-13 01:31:39.000,2026-06-24 16:17:32.000
16245,1245,10.00,10.00,5.00,10.00,10.00,20.00,LOW,,,,,2026-06-24,2027-01-24,365,false,2018-05-06 14:38:57.000,2026-06-24 16:17:32.000
16246,1246,11.00,11.00,5.00,11.00,11.00,21.00,LOW,,,,,2026-02-24,2027-02-24,365,false,2022-12-20 01:16:55.000,2026-06-24 16:17:32.000
16250,1250,15.00,15.00,4.00,15.00,15.00,25.00,LOW,,,,,2026-03-24,2027-05-24,365,false,2013-03-13 19:08:04.000,2026-06-24 16:17:32.000
16251,1251,16.00,16.00,2.00,16.00,16.00,26.00,LOW,,,,,2026-05-24,2027-02-24,365,false,2022-01-07 10:11:11.000,2026-06-24 16:17:32.000
16255,1255,20.00,20.00,3.00,20.00,20.00,30.00,LOW,,,,,2026-06-24,2027-04-24,365,false,2011-01-03 03:19:18.000,2026-06-24 16:17:32.000
16256,1256,21.00,21.00,4.00,21.00,21.00,31.00,LOW,,,,,2026-06-24,2027-02-24,365,false,1996-09-15 12:54:02.000,2026-06-24 16:17:32.000
16257,1257,22.00,22.00,4.00,22.00,22.00,32.00,LOW,,,,,2026-02-24,2026-12-24,365,false,2016-04-21 14:01:03.000,2026-06-24 16:17:32.000
16258,1258,23.00,23.00,2.00,23.00,23.00,33.00,LOW,,,,,2026-01-24,2027-05-24,365,false,2003-03-23 22:50:49.000,2026-06-24 16:17:32.000
16259,1259,24.00,24.00,4.00,24.00,24.00,34.00,LOW,,,,,2026-05-24,2027-04-24,365,false,2004-06-10 23:23:50.000,2026-06-24 16:17:32.000
16260,1260,25.00,25.00,4.00,25.00,25.00,5.00,LOW,,,,,2026-01-24,2027-02-24,365,false,2023-05-15 16:39:30.000,2026-06-24 16:17:32.000
16261,1261,26.00,26.00,4.00,26.00,26.00,6.00,LOW,,,,,2026-01-24,2027-01-24,365,false,2018-11-05 17:46:20.000,2026-06-24 16:17:32.000
16262,1262,27.00,27.00,5.00,27.00,27.00,7.00,LOW,,,,,2026-02-24,2027-05-24,365,false,2021-11-24 19:07:27.000,2026-06-24 16:17:32.000
16265,1265,30.00,30.00,2.00,30.00,30.00,10.00,LOW,,,,,2026-03-24,2027-02-24,365,false,2025-01-25 22:12:55.000,2026-06-24 16:17:32.000
16266,1266,31.00,31.00,4.00,31.00,31.00,11.00,LOW,,,,,2026-03-24,2027-05-24,365,false,2018-06-29 12:39:44.000,2026-06-24 16:17:32.000
16270,1270,35.00,35.00,5.00,35.00,35.00,15.00,LOW,,,,,2026-01-24,2027-01-24,365,false,2018-10-15 10:05:55.000,2026-06-24 16:17:32.000
16271,1271,36.00,36.00,4.00,36.00,36.00,16.00,LOW,,,,,2026-02-24,2027-04-24,365,false,2025-01-20 20:56:30.000,2026-06-24 16:17:32.000
16272,1272,37.00,37.00,2.00,37.00,37.00,17.00,LOW,,,,,2026-05-24,2027-04-24,365,false,1998-10-03 07:43:39.000,2026-06-24 16:17:32.000
16274,1274,39.00,39.00,5.00,39.00,39.00,19.00,LOW,,,,,2026-05-24,2027-02-24,365,false,2016-01-09 22:51:34.000,2026-06-24 16:17:32.000
16275,1275,5.00,40.00,4.00,5.00,40.00,20.00,LOW,,,,,2026-03-24,2027-04-24,365,false,2020-01-21 23:57:04.000,2026-06-24 16:17:32.000
16277,1277,7.00,42.00,5.00,7.00,42.00,22.00,LOW,,,,,2026-04-24,2026-12-24,365,false,2023-12-13 13:23:58.000,2026-06-24 16:17:32.000
16278,1278,8.00,43.00,4.00,8.00,43.00,23.00,LOW,,,,,2026-05-24,2027-05-24,365,false,2020-07-30 08:48:24.000,2026-06-24 16:17:32.000
16280,1280,10.00,5.00,2.00,10.00,5.00,25.00,LOW,,,,,2026-03-24,2027-03-24,365,false,2018-07-27 06:43:56.000,2026-06-24 16:17:32.000
16281,1281,11.00,6.00,5.00,11.00,6.00,26.00,LOW,,,,,2026-03-24,2027-04-24,365,false,2002-09-20 11:47:36.000,2026-06-24 16:17:32.000
16282,1282,12.00,7.00,4.00,12.00,7.00,27.00,LOW,,,,,2026-01-24,2027-05-24,365,false,2021-03-15 11:28:19.000,2026-06-24 16:17:32.000
16284,1284,14.00,9.00,5.00,14.00,9.00,29.00,LOW,,,,,2026-04-24,2027-03-24,365,false,2025-07-09 05:29:48.000,2026-06-24 16:17:32.000
16285,1285,15.00,10.00,4.00,15.00,10.00,30.00,LOW,,,,,2026-06-24,2027-01-24,365,false,2019-09-21 09:16:07.000,2026-06-24 16:17:32.000
16286,1286,16.00,11.00,3.00,16.00,11.00,31.00,LOW,,,,,2026-01-24,2027-04-24,365,false,2011-04-06 09:03:38.000,2026-06-24 16:17:32.000
16287,1287,17.00,12.00,2.00,17.00,12.00,32.00,LOW,,,,,2026-03-24,2027-03-24,365,false,1995-06-04 17:41:54.000,2026-06-24 16:17:32.000
16293,1293,23.00,18.00,4.00,23.00,18.00,8.00,LOW,,,,,2026-01-24,2027-02-24,365,false,2019-03-15 07:17:12.000,2026-06-24 16:17:32.000
16294,1294,24.00,19.00,3.00,24.00,19.00,9.00,LOW,,,,,2026-01-24,2027-05-24,365,false,2024-06-24 17:46:05.000,2026-06-24 16:17:32.000
16297,1297,27.00,22.00,5.00,27.00,22.00,12.00,LOW,,,,,2026-04-24,2026-12-24,365,false,2022-04-04 01:46:53.000,2026-06-24 16:17:32.000
16299,1299,29.00,24.00,4.00,29.00,24.00,14.00,LOW,,,,,2026-05-24,2027-01-24,365,false,2012-06-27 21:39:14.000,2026-06-24 16:17:32.000
16302,1302,32.00,27.00,2.00,32.00,27.00,17.00,LOW,,,,,2026-02-24,2027-04-24,365,false,2022-09-17 23:16:05.000,2026-06-24 16:17:32.000
16303,1303,33.00,28.00,2.00,33.00,28.00,18.00,LOW,,,,,2026-01-24,2027-03-24,365,false,2022-06-27 16:53:29.000,2026-06-24 16:17:32.000
16304,1304,34.00,29.00,4.00,34.00,29.00,19.00,LOW,,,,,2026-04-24,2027-01-24,365,false,2015-03-30 19:19:55.000,2026-06-24 16:17:32.000
16305,1305,35.00,30.00,5.00,35.00,30.00,20.00,LOW,,,,,2026-01-24,2027-01-24,365,false,2014-08-07 12:40:08.000,2026-06-24 16:17:32.000
16306,1306,36.00,31.00,5.00,36.00,31.00,21.00,LOW,,,,,2026-04-24,2027-02-24,365,false,2019-09-20 22:55:49.000,2026-06-24 16:17:32.000
16307,1307,37.00,32.00,4.00,37.00,32.00,22.00,LOW,,,,,2026-04-24,2027-05-24,365,false,2025-05-19 14:48:51.000,2026-06-24 16:17:32.000
16308,1308,38.00,33.00,3.00,38.00,33.00,23.00,LOW,,,,,2026-04-24,2027-03-24,365,false,2016-07-16 11:53:17.000,2026-06-24 16:17:32.000
16309,1309,39.00,34.00,5.00,39.00,34.00,24.00,LOW,,,,,2026-06-24,2027-04-24,365,false,2016-05-15 19:22:58.000,2026-06-24 16:17:32.000
16311,1311,6.00,36.00,5.00,6.00,36.00,26.00,LOW,,,,,2026-03-24,2027-03-24,365,false,2019-07-09 18:40:58.000,2026-06-24 16:17:32.000
16313,1313,8.00,38.00,2.00,8.00,38.00,28.00,LOW,,,,,2026-06-24,2027-05-24,365,false,2026-01-20 15:52:03.000,2026-06-24 16:17:32.000
16314,1314,9.00,39.00,4.00,9.00,39.00,29.00,LOW,,,,,2026-05-24,2027-04-24,365,false,2024-12-09 02:44:43.000,2026-06-24 16:17:32.000
16315,1315,10.00,40.00,2.00,10.00,40.00,30.00,LOW,,,,,2026-04-24,2027-05-24,365,false,1995-01-08 19:48:08.000,2026-06-24 16:17:32.000
16316,1316,11.00,41.00,2.00,11.00,41.00,31.00,LOW,,,,,2026-01-24,2027-03-24,365,false,2022-11-25 03:22:06.000,2026-06-24 16:17:32.000
16317,1317,12.00,42.00,5.00,12.00,42.00,32.00,LOW,,,,,2026-01-24,2027-02-24,365,false,2020-09-30 19:49:15.000,2026-06-24 16:17:32.000
16318,1318,13.00,43.00,4.00,13.00,43.00,33.00,LOW,,,,,2026-01-24,2026-12-24,365,false,2020-12-07 00:20:36.000,2026-06-24 16:17:32.000
16319,1319,14.00,44.00,5.00,14.00,44.00,34.00,LOW,,,,,2026-02-24,2027-05-24,365,false,2024-05-04 13:54:13.000,2026-06-24 16:17:32.000
16322,1322,17.00,7.00,5.00,17.00,7.00,7.00,LOW,,,,,2026-04-24,2027-05-24,365,false,2022-05-31 13:27:33.000,2026-06-24 16:17:32.000
16326,1326,21.00,11.00,5.00,21.00,11.00,11.00,LOW,,,,,2026-06-24,2027-01-24,365,false,2025-01-14 12:13:15.000,2026-06-24 16:17:32.000
16330,1330,25.00,15.00,4.00,25.00,15.00,15.00,LOW,,,,,2026-03-24,2026-12-24,365,false,2023-08-10 21:23:52.000,2026-06-24 16:17:32.000
16331,1331,26.00,16.00,3.00,26.00,16.00,16.00,LOW,,,,,2026-06-24,2027-04-24,365,false,2015-04-02 00:03:25.000,2026-06-24 16:17:32.000
16332,1332,27.00,17.00,4.00,27.00,17.00,17.00,LOW,,,,,2026-02-24,2027-03-24,365,false,2018-02-07 10:43:13.000,2026-06-24 16:17:32.000
16333,1333,28.00,18.00,5.00,28.00,18.00,18.00,LOW,,,,,2026-05-24,2026-12-24,365,false,2016-10-23 17:44:10.000,2026-06-24 16:17:32.000
16336,1336,31.00,21.00,2.00,31.00,21.00,21.00,LOW,,,,,2026-03-24,2026-12-24,365,false,2024-08-31 14:15:17.000,2026-06-24 16:17:32.000
16338,1338,33.00,23.00,3.00,33.00,23.00,23.00,LOW,,,,,2026-01-24,2027-02-24,365,false,2020-08-21 12:58:26.000,2026-06-24 16:17:32.000
16340,1340,35.00,25.00,4.00,35.00,25.00,25.00,LOW,,,,,2026-06-24,2027-02-24,365,false,2021-12-15 10:11:29.000,2026-06-24 16:17:32.000
16341,1341,36.00,26.00,3.00,36.00,26.00,26.00,LOW,,,,,2026-02-24,2027-01-24,365,false,2024-05-22 23:28:54.000,2026-06-24 16:17:32.000
16342,1342,37.00,27.00,4.00,37.00,27.00,27.00,LOW,,,,,2026-02-24,2026-12-24,365,false,2024-05-27 06:59:36.000,2026-06-24 16:17:32.000
16345,1345,5.00,30.00,4.00,5.00,30.00,30.00,LOW,,,,,2026-03-24,2027-05-24,365,false,2018-11-11 04:35:05.000,2026-06-24 16:17:32.000
16346,1346,6.00,31.00,4.00,6.00,31.00,31.00,LOW,,,,,2026-02-24,2026-12-24,365,false,2024-08-23 18:11:24.000,2026-06-24 16:17:32.000
16347,1347,7.00,32.00,3.00,7.00,32.00,32.00,LOW,,,,,2026-03-24,2026-12-24,365,false,2019-05-25 19:48:48.000,2026-06-24 16:17:32.000
16348,1348,8.00,33.00,5.00,8.00,33.00,33.00,LOW,,,,,2026-01-24,2027-02-24,365,false,2025-02-19 04:00:30.000,2026-06-24 16:17:32.000
16349,1349,9.00,34.00,4.00,9.00,34.00,34.00,LOW,,,,,2026-04-24,2027-01-24,365,false,2011-12-22 16:11:42.000,2026-06-24 16:17:32.000
16353,1353,13.00,38.00,2.00,13.00,38.00,8.00,LOW,,,,,2026-06-24,2027-03-24,365,false,2018-12-20 16:21:09.000,2026-06-24 16:17:32.000
16357,1357,17.00,42.00,4.00,17.00,42.00,12.00,LOW,,,,,2026-04-24,2027-04-24,365,false,1996-11-06 06:33:41.000,2026-06-24 16:17:32.000
16358,1358,18.00,43.00,4.00,18.00,43.00,13.00,LOW,,,,,2026-05-24,2027-03-24,365,false,2009-10-27 20:29:14.000,2026-06-24 16:17:32.000
16359,1359,19.00,44.00,2.00,19.00,44.00,14.00,LOW,,,,,2026-06-24,2027-02-24,365,false,2013-06-16 21:41:59.000,2026-06-24 16:17:32.000
16360,1360,20.00,5.00,4.00,20.00,5.00,15.00,LOW,,,,,2026-06-24,2027-04-24,365,false,2006-02-24 17:37:24.000,2026-06-24 16:17:32.000
16361,1361,21.00,6.00,2.00,21.00,6.00,16.00,LOW,,,,,2026-01-24,2027-01-24,365,false,2017-08-31 23:43:14.000,2026-06-24 16:17:32.000
16362,1362,22.00,7.00,2.00,22.00,7.00,17.00,LOW,,,,,2026-01-24,2027-02-24,365,false,2019-08-20 23:03:01.000,2026-06-24 16:17:32.000
16363,1363,23.00,8.00,4.00,23.00,8.00,18.00,LOW,,,,,2026-03-24,2027-01-24,365,false,2023-11-15 17:36:27.000,2026-06-24 16:17:32.000
16366,1366,26.00,11.00,4.00,26.00,11.00,21.00,LOW,,,,,2026-05-24,2027-04-24,365,false,2018-06-06 18:16:09.000,2026-06-24 16:17:32.000
16368,1368,28.00,13.00,3.00,28.00,13.00,23.00,LOW,,,,,2026-01-24,2027-04-24,365,false,2015-08-10 02:19:51.000,2026-06-24 16:17:32.000
16372,1372,32.00,17.00,2.00,32.00,17.00,27.00,LOW,,,,,2026-06-24,2027-03-24,365,false,2024-02-11 17:57:29.000,2026-06-24 16:17:32.000
16374,1374,34.00,19.00,2.00,34.00,19.00,29.00,LOW,,,,,2026-02-24,2027-01-24,365,false,2022-04-02 10:25:33.000,2026-06-24 16:17:32.000
16377,1377,37.00,22.00,5.00,37.00,22.00,32.00,LOW,,,,,2026-02-24,2027-03-24,365,false,2019-02-05 03:43:54.000,2026-06-24 16:17:32.000
16379,1379,39.00,24.00,3.00,39.00,24.00,34.00,LOW,,,,,2026-03-24,2027-05-24,365,false,2022-09-09 03:57:47.000,2026-06-24 16:17:32.000
16381,1381,6.00,26.00,4.00,6.00,26.00,6.00,LOW,,,,,2026-06-24,2027-02-24,365,false,2025-08-08 21:23:26.000,2026-06-24 16:17:32.000
16382,1382,7.00,27.00,3.00,7.00,27.00,7.00,LOW,,,,,2026-06-24,2027-05-24,365,false,2025-08-27 09:41:57.000,2026-06-24 16:17:32.000
16385,1385,10.00,30.00,4.00,10.00,30.00,10.00,LOW,,,,,2026-01-24,2027-01-24,365,false,2004-05-19 07:08:12.000,2026-06-24 16:17:32.000
16386,1386,11.00,31.00,2.00,11.00,31.00,11.00,LOW,,,,,2026-06-24,2027-03-24,365,false,2018-02-11 18:34:58.000,2026-06-24 16:17:32.000
16387,1387,12.00,32.00,5.00,12.00,32.00,12.00,LOW,,,,,2026-04-24,2027-01-24,365,false,1994-03-18 13:11:56.000,2026-06-24 16:17:32.000
16391,1391,16.00,36.00,5.00,16.00,36.00,16.00,LOW,,,,,2026-03-24,2026-12-24,365,false,2022-04-24 02:24:49.000,2026-06-24 16:17:32.000
16392,1392,17.00,37.00,4.00,17.00,37.00,17.00,LOW,,,,,2026-04-24,2027-05-24,365,false,2002-12-22 09:41:03.000,2026-06-24 16:17:32.000
16394,1394,19.00,39.00,5.00,19.00,39.00,19.00,LOW,,,,,2026-02-24,2027-01-24,365,false,2025-05-16 21:15:45.000,2026-06-24 16:17:32.000
16396,1396,21.00,41.00,4.00,21.00,41.00,21.00,LOW,,,,,2026-04-24,2027-01-24,365,false,2022-12-02 00:01:24.000,2026-06-24 16:17:32.000
16398,1398,23.00,43.00,4.00,23.00,43.00,23.00,LOW,,,,,2026-04-24,2027-04-24,365,false,2013-03-28 16:29:37.000,2026-06-24 16:17:32.000
16400,1400,25.00,5.00,4.00,25.00,5.00,25.00,LOW,,,,,2026-04-24,2027-04-24,365,false,2021-10-23 05:03:34.000,2026-06-24 16:17:32.000
16403,1403,28.00,8.00,4.00,28.00,8.00,28.00,LOW,,,,,2026-02-24,2026-12-24,365,false,2022-01-27 00:53:47.000,2026-06-24 16:17:32.000
16404,1404,29.00,9.00,4.00,29.00,9.00,29.00,LOW,,,,,2026-02-24,2027-02-24,365,false,2019-12-14 09:50:48.000,2026-06-24 16:17:32.000
16405,1405,30.00,10.00,3.00,30.00,10.00,30.00,LOW,,,,,2026-06-24,2027-04-24,365,false,2009-07-07 22:24:21.000,2026-06-24 16:17:32.000
16407,1407,32.00,12.00,2.00,32.00,12.00,32.00,LOW,,,,,2026-05-24,2026-12-24,365,false,2023-04-16 22:12:18.000,2026-06-24 16:17:32.000
16408,1408,33.00,13.00,2.00,33.00,13.00,33.00,LOW,,,,,2026-05-24,2027-01-24,365,false,2014-11-09 16:57:03.000,2026-06-24 16:17:32.000
16410,1410,35.00,15.00,5.00,35.00,15.00,5.00,LOW,,,,,2026-05-24,2026-12-24,365,false,2025-06-26 05:01:21.000,2026-06-24 16:17:32.000
16411,1411,36.00,16.00,2.00,36.00,16.00,6.00,LOW,,,,,2026-03-24,2027-03-24,365,false,2012-12-23 03:45:59.000,2026-06-24 16:17:32.000
16412,1412,37.00,17.00,4.00,37.00,17.00,7.00,LOW,,,,,2026-02-24,2027-01-24,365,false,2022-05-06 11:51:53.000,2026-06-24 16:17:32.000
16415,1415,5.00,20.00,4.00,5.00,20.00,10.00,LOW,,,,,2026-02-24,2027-03-24,365,false,2020-02-28 15:31:11.000,2026-06-24 16:17:32.000
16416,1416,6.00,21.00,5.00,6.00,21.00,11.00,LOW,,,,,2026-01-24,2027-03-24,365,false,2003-11-05 04:04:55.000,2026-06-24 16:17:32.000
16420,1420,10.00,25.00,3.00,10.00,25.00,15.00,LOW,,,,,2026-02-24,2027-05-24,365,false,2025-08-22 20:49:26.000,2026-06-24 16:17:32.000
16421,1421,11.00,26.00,4.00,11.00,26.00,16.00,LOW,,,,,2026-03-24,2026-12-24,365,false,2025-01-23 02:59:19.000,2026-06-24 16:17:32.000
16422,1422,12.00,27.00,4.00,12.00,27.00,17.00,LOW,,,,,2026-04-24,2026-12-24,365,false,2012-12-13 03:36:31.000,2026-06-24 16:17:32.000
16423,1423,13.00,28.00,3.00,13.00,28.00,18.00,LOW,,,,,2026-05-24,2026-12-24,365,false,2024-02-27 20:37:42.000,2026-06-24 16:17:32.000
16425,1425,15.00,30.00,3.00,15.00,30.00,20.00,LOW,,,,,2026-04-24,2027-03-24,365,false,2022-11-08 20:43:13.000,2026-06-24 16:17:32.000
16427,1427,17.00,32.00,4.00,17.00,32.00,22.00,LOW,,,,,2026-04-24,2027-04-24,365,false,2013-04-30 09:01:06.000,2026-06-24 16:17:32.000
16429,1429,19.00,34.00,3.00,19.00,34.00,24.00,LOW,,,,,2026-01-24,2027-05-24,365,false,2017-01-15 05:18:53.000,2026-06-24 16:17:32.000
16430,1430,20.00,35.00,3.00,20.00,35.00,25.00,LOW,,,,,2026-05-24,2026-12-24,365,false,2021-10-24 23:45:43.000,2026-06-24 16:17:32.000
16431,1431,21.00,36.00,2.00,21.00,36.00,26.00,LOW,,,,,2026-01-24,2027-02-24,365,false,2010-09-20 22:59:21.000,2026-06-24 16:17:32.000
16432,1432,22.00,37.00,5.00,22.00,37.00,27.00,LOW,,,,,2026-01-24,2027-03-24,365,false,2013-01-04 09:05:46.000,2026-06-24 16:17:32.000
16433,1433,23.00,38.00,5.00,23.00,38.00,28.00,LOW,,,,,2026-03-24,2027-02-24,365,false,2024-08-16 15:26:14.000,2026-06-24 16:17:32.000
16435,1435,25.00,40.00,5.00,25.00,40.00,30.00,LOW,,,,,2026-05-24,2027-05-24,365,false,2009-02-24 14:50:47.000,2026-06-24 16:17:32.000
16436,1436,26.00,41.00,3.00,26.00,41.00,31.00,LOW,,,,,2026-02-24,2027-02-24,365,false,2002-05-15 06:58:29.000,2026-06-24 16:17:32.000
16438,1438,28.00,43.00,2.00,28.00,43.00,33.00,LOW,,,,,2026-01-24,2027-03-24,365,false,2024-08-30 16:20:39.000,2026-06-24 16:17:32.000
16439,1439,29.00,44.00,5.00,29.00,44.00,34.00,LOW,,,,,2026-06-24,2026-12-24,365,false,2023-11-19 12:57:41.000,2026-06-24 16:17:32.000
16440,1440,30.00,5.00,5.00,30.00,5.00,5.00,LOW,,,,,2026-05-24,2027-05-24,365,false,2020-11-11 18:59:34.000,2026-06-24 16:17:32.000
16442,1442,32.00,7.00,3.00,32.00,7.00,7.00,LOW,,,,,2026-06-24,2027-05-24,365,false,2026-02-13 21:17:55.000,2026-06-24 16:17:32.000
16444,1444,34.00,9.00,2.00,34.00,9.00,9.00,LOW,,,,,2026-04-24,2027-01-24,365,false,2022-09-14 18:06:49.000,2026-06-24 16:17:32.000
16446,1446,36.00,11.00,2.00,36.00,11.00,11.00,LOW,,,,,2026-03-24,2027-03-24,365,false,2019-03-21 23:10:27.000,2026-06-24 16:17:32.000
16447,1447,37.00,12.00,5.00,37.00,12.00,12.00,LOW,,,,,2026-04-24,2027-05-24,365,false,2005-10-22 06:42:40.000,2026-06-24 16:17:32.000
16448,1448,38.00,13.00,4.00,38.00,13.00,13.00,LOW,,,,,2026-05-24,2027-01-24,365,false,2023-07-09 02:59:52.000,2026-06-24 16:17:32.000
16449,1449,39.00,14.00,2.00,39.00,14.00,14.00,LOW,,,,,2026-06-24,2026-12-24,365,false,2014-12-19 22:20:20.000,2026-06-24 16:17:32.000
16451,1451,6.00,16.00,4.00,6.00,16.00,16.00,LOW,,,,,2026-02-24,2027-01-24,365,false,2016-08-15 01:47:23.000,2026-06-24 16:17:32.000
16452,1452,7.00,17.00,4.00,7.00,17.00,17.00,LOW,,,,,2026-06-24,2027-04-24,365,false,2015-03-06 03:36:39.000,2026-06-24 16:17:32.000
16453,1453,8.00,18.00,2.00,8.00,18.00,18.00,LOW,,,,,2026-01-24,2027-01-24,365,false,2026-01-18 19:29:45.000,2026-06-24 16:17:32.000
16454,1454,9.00,19.00,2.00,9.00,19.00,19.00,LOW,,,,,2026-03-24,2027-04-24,365,false,2005-10-07 13:58:09.000,2026-06-24 16:17:32.000
16455,1455,10.00,20.00,5.00,10.00,20.00,20.00,LOW,,,,,2026-06-24,2027-04-24,365,false,2026-02-26 20:30:47.000,2026-06-24 16:17:32.000
16456,1456,11.00,21.00,4.00,11.00,21.00,21.00,LOW,,,,,2026-02-24,2027-05-24,365,false,2010-03-03 04:43:56.000,2026-06-24 16:17:32.000
16457,1457,12.00,22.00,4.00,12.00,22.00,22.00,LOW,,,,,2026-05-24,2027-02-24,365,false,2013-01-17 01:32:54.000,2026-06-24 16:17:32.000
16458,1458,13.00,23.00,3.00,13.00,23.00,23.00,LOW,,,,,2026-02-24,2026-12-24,365,false,2015-10-31 23:57:33.000,2026-06-24 16:17:32.000
16461,1461,16.00,26.00,3.00,16.00,26.00,26.00,LOW,,,,,2026-02-24,2026-12-24,365,false,2022-04-08 10:50:02.000,2026-06-24 16:17:32.000
16463,1463,18.00,28.00,5.00,18.00,28.00,28.00,LOW,,,,,2026-04-24,2027-03-24,365,false,2018-07-19 04:50:07.000,2026-06-24 16:17:32.000
16464,1464,19.00,29.00,4.00,19.00,29.00,29.00,LOW,,,,,2026-05-24,2027-04-24,365,false,2023-05-04 17:58:49.000,2026-06-24 16:17:32.000
16466,1466,21.00,31.00,5.00,21.00,31.00,31.00,LOW,,,,,2026-04-24,2027-01-24,365,false,2012-11-04 21:16:37.000,2026-06-24 16:17:32.000
16467,1467,22.00,32.00,3.00,22.00,32.00,32.00,LOW,,,,,2026-04-24,2027-01-24,365,false,2013-05-24 09:13:24.000,2026-06-24 16:17:32.000
16468,1468,23.00,33.00,4.00,23.00,33.00,33.00,LOW,,,,,2026-06-24,2026-12-24,365,false,2001-02-16 04:10:42.000,2026-06-24 16:17:32.000
16470,1470,25.00,35.00,3.00,25.00,35.00,5.00,LOW,,,,,2026-01-24,2027-05-24,365,false,2022-09-04 04:31:28.000,2026-06-24 16:17:32.000
16471,1471,26.00,36.00,5.00,26.00,36.00,6.00,LOW,,,,,2026-06-24,2027-04-24,365,false,2012-05-18 04:49:24.000,2026-06-24 16:17:32.000
16472,1472,27.00,37.00,2.00,27.00,37.00,7.00,LOW,,,,,2026-05-24,2027-02-24,365,false,2023-11-16 03:24:45.000,2026-06-24 16:17:32.000
16473,1473,28.00,38.00,4.00,28.00,38.00,8.00,LOW,,,,,2026-01-24,2027-01-24,365,false,2017-09-16 11:37:20.000,2026-06-24 16:17:32.000
16475,1475,30.00,40.00,2.00,30.00,40.00,10.00,LOW,,,,,2026-04-24,2027-01-24,365,false,2020-10-21 03:11:34.000,2026-06-24 16:17:32.000
16476,1476,31.00,41.00,3.00,31.00,41.00,11.00,LOW,,,,,2026-06-24,2027-04-24,365,false,2007-07-21 20:59:08.000,2026-06-24 16:17:32.000
16477,1477,32.00,42.00,3.00,32.00,42.00,12.00,LOW,,,,,2026-01-24,2026-12-24,365,false,2024-08-18 00:46:39.000,2026-06-24 16:17:32.000
16480,1480,35.00,5.00,2.00,35.00,5.00,15.00,LOW,,,,,2026-03-24,2027-03-24,365,false,2020-07-21 13:06:36.000,2026-06-24 16:17:32.000
16481,1481,36.00,6.00,5.00,36.00,6.00,16.00,LOW,,,,,2026-03-24,2026-12-24,365,false,2010-06-20 18:42:39.000,2026-06-24 16:17:32.000
16482,1482,37.00,7.00,3.00,37.00,7.00,17.00,LOW,,,,,2026-04-24,2027-04-24,365,false,2016-04-24 00:51:02.000,2026-06-24 16:17:32.000
16485,1485,5.00,10.00,4.00,5.00,10.00,20.00,LOW,,,,,2026-03-24,2027-05-24,365,false,2022-11-12 23:36:08.000,2026-06-24 16:17:32.000
16486,1486,6.00,11.00,3.00,6.00,11.00,21.00,LOW,,,,,2026-02-24,2027-01-24,365,false,2002-05-25 15:46:01.000,2026-06-24 16:17:32.000
16487,1487,7.00,12.00,3.00,7.00,12.00,22.00,LOW,,,,,2026-04-24,2027-04-24,365,false,2015-09-09 06:05:43.000,2026-06-24 16:17:32.000
16488,1488,8.00,13.00,4.00,8.00,13.00,23.00,LOW,,,,,2026-05-24,2026-12-24,365,false,2014-07-15 17:44:10.000,2026-06-24 16:17:32.000
16490,1490,10.00,15.00,3.00,10.00,15.00,25.00,LOW,,,,,2026-01-24,2027-05-24,365,false,2025-02-09 14:10:50.000,2026-06-24 16:17:32.000
16492,1492,12.00,17.00,2.00,12.00,17.00,27.00,LOW,,,,,2026-03-24,2027-04-24,365,false,2014-10-08 13:23:18.000,2026-06-24 16:17:32.000
16494,1494,14.00,19.00,4.00,14.00,19.00,29.00,LOW,,,,,2026-04-24,2027-04-24,365,false,2022-07-08 13:27:40.000,2026-06-24 16:17:32.000
16495,1495,15.00,20.00,4.00,15.00,20.00,30.00,LOW,,,,,2026-06-24,2027-05-24,365,false,2004-07-27 22:31:57.000,2026-06-24 16:17:32.000
16497,1497,17.00,22.00,4.00,17.00,22.00,32.00,LOW,,,,,2026-05-24,2027-01-24,365,false,2025-12-20 21:12:04.000,2026-06-24 16:17:32.000
16498,1498,18.00,23.00,3.00,18.00,23.00,33.00,LOW,,,,,2026-02-24,2026-12-24,365,false,2013-03-28 03:21:41.000,2026-06-24 16:17:32.000
16499,1499,19.00,24.00,2.00,19.00,24.00,34.00,LOW,,,,,2026-06-24,2027-05-24,365,false,2023-08-13 08:50:41.000,2026-06-24 16:17:32.000
16501,1501,21.00,26.00,4.00,21.00,26.00,6.00,LOW,,,,,2026-01-24,2027-04-24,365,false,2003-08-21 08:50:22.000,2026-06-24 16:17:32.000
16503,1503,23.00,28.00,3.00,23.00,28.00,8.00,LOW,,,,,2026-01-24,2027-05-24,365,false,2005-12-05 23:21:01.000,2026-06-24 16:17:32.000
16504,1504,24.00,29.00,5.00,24.00,29.00,9.00,LOW,,,,,2026-04-24,2027-05-24,365,false,1995-03-09 05:50:39.000,2026-06-24 16:17:32.000
16505,1505,25.00,30.00,5.00,25.00,30.00,10.00,LOW,,,,,2026-03-24,2027-05-24,365,false,2024-04-15 05:33:49.000,2026-06-24 16:17:32.000
16506,1506,26.00,31.00,2.00,26.00,31.00,11.00,LOW,,,,,2026-01-24,2027-01-24,365,false,2020-04-26 22:54:24.000,2026-06-24 16:17:32.000
16507,1507,27.00,32.00,5.00,27.00,32.00,12.00,LOW,,,,,2026-03-24,2026-12-24,365,false,2018-11-12 21:33:56.000,2026-06-24 16:17:32.000
16508,1508,28.00,33.00,3.00,28.00,33.00,13.00,LOW,,,,,2026-02-24,2027-02-24,365,false,2019-01-01 17:15:41.000,2026-06-24 16:17:32.000
16509,1509,29.00,34.00,4.00,29.00,34.00,14.00,LOW,,,,,2026-06-24,2027-03-24,365,false,2024-06-17 14:18:54.000,2026-06-24 16:17:32.000
16510,1510,30.00,35.00,5.00,30.00,35.00,15.00,LOW,,,,,2026-05-24,2027-02-24,365,false,2013-07-21 01:58:54.000,2026-06-24 16:17:32.000
16511,1511,31.00,36.00,3.00,31.00,36.00,16.00,LOW,,,,,2026-05-24,2027-02-24,365,false,2013-08-18 06:35:12.000,2026-06-24 16:17:32.000
16512,1512,32.00,37.00,3.00,32.00,37.00,17.00,LOW,,,,,2026-02-24,2027-05-24,365,false,2020-11-16 13:56:57.000,2026-06-24 16:17:32.000
16514,1514,34.00,39.00,3.00,34.00,39.00,19.00,LOW,,,,,2026-03-24,2027-02-24,365,false,2025-08-26 21:54:07.000,2026-06-24 16:17:32.000
16515,1515,35.00,40.00,2.00,35.00,40.00,20.00,LOW,,,,,2026-01-24,2027-05-24,365,false,2015-05-12 01:37:50.000,2026-06-24 16:17:32.000
16517,1517,37.00,42.00,2.00,37.00,42.00,22.00,LOW,,,,,2026-03-24,2027-03-24,365,false,1998-11-06 14:12:44.000,2026-06-24 16:17:32.000
16518,1518,38.00,43.00,5.00,38.00,43.00,23.00,LOW,,,,,2026-02-24,2027-04-24,365,false,2010-09-13 04:25:21.000,2026-06-24 16:17:32.000
16520,1520,5.00,5.00,2.00,5.00,5.00,25.00,LOW,,,,,2026-01-24,2027-05-24,365,false,1998-08-12 15:47:33.000,2026-06-24 16:17:32.000
16522,1522,7.00,7.00,4.00,7.00,7.00,27.00,LOW,,,,,2026-04-24,2027-02-24,365,false,2009-10-29 07:49:49.000,2026-06-24 16:17:32.000
16523,1523,8.00,8.00,3.00,8.00,8.00,28.00,LOW,,,,,2026-01-24,2027-02-24,365,false,2013-06-28 18:14:44.000,2026-06-24 16:17:32.000
16524,1524,9.00,9.00,2.00,9.00,9.00,29.00,LOW,,,,,2026-01-24,2027-02-24,365,false,2024-08-27 13:48:57.000,2026-06-24 16:17:32.000
16526,1526,11.00,11.00,2.00,11.00,11.00,31.00,LOW,,,,,2026-05-24,2027-03-24,365,false,2017-06-15 18:45:59.000,2026-06-24 16:17:32.000
16527,1527,12.00,12.00,2.00,12.00,12.00,32.00,LOW,,,,,2026-06-24,2027-04-24,365,false,2000-06-13 07:42:50.000,2026-06-24 16:17:32.000
16528,1528,13.00,13.00,2.00,13.00,13.00,33.00,LOW,,,,,2026-04-24,2027-05-24,365,false,2025-02-05 04:04:46.000,2026-06-24 16:17:32.000
16529,1529,14.00,14.00,2.00,14.00,14.00,34.00,LOW,,,,,2026-05-24,2027-04-24,365,false,1999-07-04 20:19:22.000,2026-06-24 16:17:32.000
16530,1530,15.00,15.00,3.00,15.00,15.00,5.00,LOW,,,,,2026-01-24,2027-04-24,365,false,2022-09-01 16:23:03.000,2026-06-24 16:17:32.000
16533,1533,18.00,18.00,3.00,18.00,18.00,8.00,LOW,,,,,2026-05-24,2027-02-24,365,false,2019-01-08 02:14:10.000,2026-06-24 16:17:32.000
16534,1534,19.00,19.00,2.00,19.00,19.00,9.00,LOW,,,,,2026-05-24,2027-04-24,365,false,2007-06-26 04:06:41.000,2026-06-24 16:17:32.000
16537,1537,22.00,22.00,4.00,22.00,22.00,12.00,LOW,,,,,2026-02-24,2027-04-24,365,false,1999-03-22 08:14:11.000,2026-06-24 16:17:32.000
16538,1538,23.00,23.00,4.00,23.00,23.00,13.00,LOW,,,,,2026-02-24,2027-01-24,365,false,1996-04-09 11:29:06.000,2026-06-24 16:17:32.000
16539,1539,24.00,24.00,3.00,24.00,24.00,14.00,LOW,,,,,2026-06-24,2026-12-24,365,false,2024-11-21 09:33:11.000,2026-06-24 16:17:32.000
16540,1540,25.00,25.00,5.00,25.00,25.00,15.00,LOW,,,,,2026-02-24,2027-05-24,365,false,2024-03-25 08:29:20.000,2026-06-24 16:17:32.000
16541,1541,26.00,26.00,5.00,26.00,26.00,16.00,LOW,,,,,2026-02-24,2027-04-24,365,false,2012-02-28 04:06:24.000,2026-06-24 16:17:32.000
16542,1542,27.00,27.00,3.00,27.00,27.00,17.00,LOW,,,,,2026-01-24,2027-02-24,365,false,2025-09-13 23:51:28.000,2026-06-24 16:17:32.000
16544,1544,29.00,29.00,4.00,29.00,29.00,19.00,LOW,,,,,2026-04-24,2027-01-24,365,false,2016-08-18 09:40:00.000,2026-06-24 16:17:32.000
16545,1545,30.00,30.00,2.00,30.00,30.00,20.00,LOW,,,,,2026-02-24,2027-02-24,365,false,2023-08-03 03:24:15.000,2026-06-24 16:17:32.000
16546,1546,31.00,31.00,5.00,31.00,31.00,21.00,LOW,,,,,2026-03-24,2026-12-24,365,false,2025-07-14 15:16:01.000,2026-06-24 16:17:32.000
16547,1547,32.00,32.00,3.00,32.00,32.00,22.00,LOW,,,,,2026-04-24,2027-01-24,365,false,2014-10-24 08:39:00.000,2026-06-24 16:17:32.000
16548,1548,33.00,33.00,4.00,33.00,33.00,23.00,LOW,,,,,2026-05-24,2027-02-24,365,false,2021-05-08 05:32:24.000,2026-06-24 16:17:32.000
16549,1549,34.00,34.00,3.00,34.00,34.00,24.00,LOW,,,,,2026-05-24,2026-12-24,365,false,2021-10-25 17:05:07.000,2026-06-24 16:17:32.000
16551,1551,36.00,36.00,4.00,36.00,36.00,26.00,LOW,,,,,2026-04-24,2027-04-24,365,false,2017-01-24 21:17:14.000,2026-06-24 16:17:32.000
16554,1554,39.00,39.00,3.00,39.00,39.00,29.00,LOW,,,,,2026-04-24,2027-02-24,365,false,2016-01-03 22:25:08.000,2026-06-24 16:17:32.000
16555,1555,5.00,40.00,3.00,5.00,40.00,30.00,LOW,,,,,2026-02-24,2027-04-24,365,false,2024-12-16 06:53:04.000,2026-06-24 16:17:32.000
16557,1557,7.00,42.00,3.00,7.00,42.00,32.00,LOW,,,,,2026-04-24,2027-03-24,365,false,2022-12-17 23:17:28.000,2026-06-24 16:17:32.000
16558,1558,8.00,43.00,4.00,8.00,43.00,33.00,LOW,,,,,2026-04-24,2027-03-24,365,false,2015-01-21 08:39:09.000,2026-06-24 16:17:32.000
16559,1559,9.00,44.00,4.00,9.00,44.00,34.00,LOW,,,,,2026-04-24,2027-04-24,365,false,2003-04-10 17:08:56.000,2026-06-24 16:17:32.000
16560,1560,10.00,5.00,2.00,10.00,5.00,5.00,LOW,,,,,2026-01-24,2027-05-24,365,false,2010-09-23 18:12:09.000,2026-06-24 16:17:32.000
16563,1563,13.00,8.00,4.00,13.00,8.00,8.00,LOW,,,,,2026-05-24,2027-04-24,365,false,2008-06-20 03:40:53.000,2026-06-24 16:17:32.000
16564,1564,14.00,9.00,3.00,14.00,9.00,9.00,LOW,,,,,2026-05-24,2027-05-24,365,false,2023-08-23 11:15:01.000,2026-06-24 16:17:32.000
16566,1566,16.00,11.00,4.00,16.00,11.00,11.00,LOW,,,,,2026-03-24,2027-01-24,365,false,2025-02-18 18:28:58.000,2026-06-24 16:17:32.000
16567,1567,17.00,12.00,5.00,17.00,12.00,12.00,LOW,,,,,2026-01-24,2027-01-24,365,false,2025-04-18 07:10:21.000,2026-06-24 16:17:32.000
16568,1568,18.00,13.00,5.00,18.00,13.00,13.00,LOW,,,,,2026-02-24,2026-12-24,365,false,2014-07-27 04:16:45.000,2026-06-24 16:17:32.000
16571,1571,21.00,16.00,4.00,21.00,16.00,16.00,LOW,,,,,2026-03-24,2027-03-24,365,false,2015-10-22 04:38:25.000,2026-06-24 16:17:32.000
16572,1572,22.00,17.00,2.00,22.00,17.00,17.00,LOW,,,,,2026-01-24,2027-04-24,365,false,2017-03-11 09:03:56.000,2026-06-24 16:17:32.000
16575,1575,25.00,20.00,2.00,25.00,20.00,20.00,LOW,,,,,2026-03-24,2026-12-24,365,false,2024-05-31 04:01:20.000,2026-06-24 16:17:32.000
16576,1576,26.00,21.00,5.00,26.00,21.00,21.00,LOW,,,,,2026-05-24,2027-01-24,365,false,2021-04-17 17:56:27.000,2026-06-24 16:17:32.000
16577,1577,27.00,22.00,3.00,27.00,22.00,22.00,LOW,,,,,2026-06-24,2027-05-24,365,false,2019-08-02 10:06:00.000,2026-06-24 16:17:32.000
16578,1578,28.00,23.00,4.00,28.00,23.00,23.00,LOW,,,,,2026-05-24,2027-01-24,365,false,2024-08-08 22:17:05.000,2026-06-24 16:17:32.000
16580,1580,30.00,25.00,3.00,30.00,25.00,25.00,LOW,,,,,2026-01-24,2027-02-24,365,false,2011-04-04 13:39:30.000,2026-06-24 16:17:32.000
16582,1582,32.00,27.00,5.00,32.00,27.00,27.00,LOW,,,,,2026-03-24,2027-01-24,365,false,2022-02-04 08:32:13.000,2026-06-24 16:17:32.000
16585,1585,35.00,30.00,5.00,35.00,30.00,30.00,LOW,,,,,2026-06-24,2027-01-24,365,false,2013-07-17 06:17:51.000,2026-06-24 16:17:32.000
16586,1586,36.00,31.00,5.00,36.00,31.00,31.00,LOW,,,,,2026-02-24,2027-04-24,365,false,2016-12-07 03:29:35.000,2026-06-24 16:17:32.000
16588,1588,38.00,33.00,2.00,38.00,33.00,33.00,LOW,,,,,2026-01-24,2027-02-24,365,false,2026-03-01 07:50:26.000,2026-06-24 16:17:32.000
16589,1589,39.00,34.00,4.00,39.00,34.00,34.00,LOW,,,,,2026-04-24,2027-03-24,365,false,2015-10-01 23:08:15.000,2026-06-24 16:17:32.000
16590,1590,5.00,35.00,4.00,5.00,35.00,5.00,LOW,,,,,2026-01-24,2027-05-24,365,false,2021-12-28 01:23:53.000,2026-06-24 16:17:32.000
16592,1592,7.00,37.00,4.00,7.00,37.00,7.00,LOW,,,,,2026-06-24,2027-04-24,365,false,2006-04-28 10:00:59.000,2026-06-24 16:17:32.000
16594,1594,9.00,39.00,4.00,9.00,39.00,9.00,LOW,,,,,2026-05-24,2027-02-24,365,false,2014-02-06 12:53:34.000,2026-06-24 16:17:32.000
16595,1595,10.00,40.00,4.00,10.00,40.00,10.00,LOW,,,,,2026-02-24,2027-03-24,365,false,2013-01-13 14:10:45.000,2026-06-24 16:17:32.000
16597,1597,12.00,42.00,5.00,12.00,42.00,12.00,LOW,,,,,2026-01-24,2027-05-24,365,false,2023-11-22 16:33:16.000,2026-06-24 16:17:32.000
16598,1598,13.00,43.00,2.00,13.00,43.00,13.00,LOW,,,,,2026-03-24,2026-12-24,365,false,2000-06-09 00:04:49.000,2026-06-24 16:17:32.000
16599,1599,14.00,44.00,3.00,14.00,44.00,14.00,LOW,,,,,2026-05-24,2026-12-24,365,false,2018-09-20 06:16:22.000,2026-06-24 16:17:32.000
16600,1600,15.00,5.00,4.00,15.00,5.00,15.00,LOW,,,,,2026-03-24,2027-02-24,365,false,2018-10-13 17:42:00.000,2026-06-24 16:17:32.000
16603,1603,18.00,8.00,5.00,18.00,8.00,18.00,LOW,,,,,2026-06-24,2027-05-24,365,false,2024-11-08 17:54:35.000,2026-06-24 16:17:32.000
16604,1604,19.00,9.00,4.00,19.00,9.00,19.00,LOW,,,,,2026-04-24,2027-03-24,365,false,2021-01-06 10:03:31.000,2026-06-24 16:17:32.000
16605,1605,20.00,10.00,4.00,20.00,10.00,20.00,LOW,,,,,2026-05-24,2026-12-24,365,false,2011-03-08 21:17:00.000,2026-06-24 16:17:32.000
16606,1606,21.00,11.00,3.00,21.00,11.00,21.00,LOW,,,,,2026-03-24,2026-12-24,365,false,2016-05-05 13:58:51.000,2026-06-24 16:17:32.000
16608,1608,23.00,13.00,2.00,23.00,13.00,23.00,LOW,,,,,2026-04-24,2027-01-24,365,false,2026-05-12 17:56:35.000,2026-06-24 16:17:32.000
16609,1609,24.00,14.00,4.00,24.00,14.00,24.00,LOW,,,,,2026-01-24,2027-02-24,365,false,2023-04-26 00:37:56.000,2026-06-24 16:17:32.000
16611,1611,26.00,16.00,3.00,26.00,16.00,26.00,LOW,,,,,2026-03-24,2027-04-24,365,false,2017-03-21 13:38:30.000,2026-06-24 16:17:32.000
16612,1612,27.00,17.00,2.00,27.00,17.00,27.00,LOW,,,,,2026-02-24,2027-05-24,365,false,2014-08-18 16:41:07.000,2026-06-24 16:17:32.000
16613,1613,28.00,18.00,4.00,28.00,18.00,28.00,LOW,,,,,2026-03-24,2027-02-24,365,false,2016-10-01 02:15:08.000,2026-06-24 16:17:32.000
16614,1614,29.00,19.00,5.00,29.00,19.00,29.00,LOW,,,,,2026-04-24,2027-03-24,365,false,2024-06-25 15:17:25.000,2026-06-24 16:17:32.000
16615,1615,30.00,20.00,5.00,30.00,20.00,30.00,LOW,,,,,2026-03-24,2027-04-24,365,false,2019-12-17 17:44:00.000,2026-06-24 16:17:32.000
16616,1616,31.00,21.00,3.00,31.00,21.00,31.00,LOW,,,,,2026-05-24,2027-01-24,365,false,2021-06-16 06:52:42.000,2026-06-24 16:17:32.000
16617,1617,32.00,22.00,4.00,32.00,22.00,32.00,LOW,,,,,2026-02-24,2027-04-24,365,false,1996-10-12 02:48:28.000,2026-06-24 16:17:32.000
16618,1618,33.00,23.00,5.00,33.00,23.00,33.00,LOW,,,,,2026-03-24,2027-01-24,365,false,2025-09-02 19:49:28.000,2026-06-24 16:17:32.000
16622,1622,37.00,27.00,2.00,37.00,27.00,7.00,LOW,,,,,2026-03-24,2027-05-24,365,false,2022-04-21 03:08:27.000,2026-06-24 16:17:32.000
16623,1623,38.00,28.00,3.00,38.00,28.00,8.00,LOW,,,,,2026-01-24,2027-01-24,365,false,2026-02-12 15:20:59.000,2026-06-24 16:17:32.000
16624,1624,39.00,29.00,4.00,39.00,29.00,9.00,LOW,,,,,2026-03-24,2027-01-24,365,false,2012-09-03 09:03:10.000,2026-06-24 16:17:32.000
16625,1625,5.00,30.00,3.00,5.00,30.00,10.00,LOW,,,,,2026-04-24,2026-12-24,365,false,2024-07-29 04:14:45.000,2026-06-24 16:17:32.000
16626,1626,6.00,31.00,4.00,6.00,31.00,11.00,LOW,,,,,2026-06-24,2027-05-24,365,false,2012-09-24 01:01:26.000,2026-06-24 16:17:32.000
16628,1628,8.00,33.00,5.00,8.00,33.00,13.00,LOW,,,,,2026-02-24,2027-01-24,365,false,1997-10-17 10:11:54.000,2026-06-24 16:17:32.000
16630,1630,10.00,35.00,3.00,10.00,35.00,15.00,LOW,,,,,2026-04-24,2027-05-24,365,false,2008-08-10 16:57:24.000,2026-06-24 16:17:32.000
16631,1631,11.00,36.00,4.00,11.00,36.00,16.00,LOW,,,,,2026-02-24,2027-03-24,365,false,2007-10-26 07:40:26.000,2026-06-24 16:17:32.000
16634,1634,14.00,39.00,5.00,14.00,39.00,19.00,LOW,,,,,2026-03-24,2027-02-24,365,false,2024-07-07 17:28:00.000,2026-06-24 16:17:32.000
16636,1636,16.00,41.00,2.00,16.00,41.00,21.00,LOW,,,,,2026-06-24,2027-02-24,365,false,2025-09-02 11:06:07.000,2026-06-24 16:17:32.000
16637,1637,17.00,42.00,3.00,17.00,42.00,22.00,LOW,,,,,2026-03-24,2027-05-24,365,false,2016-08-25 05:35:30.000,2026-06-24 16:17:32.000
16638,1638,18.00,43.00,2.00,18.00,43.00,23.00,LOW,,,,,2026-02-24,2027-04-24,365,false,2005-08-04 10:19:37.000,2026-06-24 16:17:32.000
16639,1639,19.00,44.00,4.00,19.00,44.00,24.00,LOW,,,,,2026-06-24,2027-04-24,365,false,2009-04-07 03:05:08.000,2026-06-24 16:17:32.000
16640,1640,20.00,5.00,2.00,20.00,5.00,25.00,LOW,,,,,2026-01-24,2027-04-24,365,false,1999-02-07 01:28:09.000,2026-06-24 16:17:32.000
16641,1641,21.00,6.00,2.00,21.00,6.00,26.00,LOW,,,,,2026-02-24,2027-03-24,365,false,2023-04-06 20:12:32.000,2026-06-24 16:17:32.000
16642,1642,22.00,7.00,3.00,22.00,7.00,27.00,LOW,,,,,2026-04-24,2027-03-24,365,false,2024-12-30 20:15:20.000,2026-06-24 16:17:32.000
16643,1643,23.00,8.00,2.00,23.00,8.00,28.00,LOW,,,,,2026-06-24,2026-12-24,365,false,2014-02-21 18:41:11.000,2026-06-24 16:17:32.000
16645,1645,25.00,10.00,5.00,25.00,10.00,30.00,LOW,,,,,2026-05-24,2027-02-24,365,false,2024-07-29 01:49:13.000,2026-06-24 16:17:32.000
16646,1646,26.00,11.00,3.00,26.00,11.00,31.00,LOW,,,,,2026-01-24,2026-12-24,365,false,2018-12-20 06:36:25.000,2026-06-24 16:17:32.000
16647,1647,27.00,12.00,5.00,27.00,12.00,32.00,LOW,,,,,2026-05-24,2027-04-24,365,false,2020-02-03 00:58:06.000,2026-06-24 16:17:32.000
16649,1649,29.00,14.00,3.00,29.00,14.00,34.00,LOW,,,,,2026-01-24,2027-02-24,365,false,2021-02-12 03:52:46.000,2026-06-24 16:17:32.000
16652,1652,32.00,17.00,5.00,32.00,17.00,7.00,LOW,,,,,2026-06-24,2027-05-24,365,false,2019-01-30 18:50:07.000,2026-06-24 16:17:32.000
16654,1654,34.00,19.00,3.00,34.00,19.00,9.00,LOW,,,,,2026-02-24,2027-04-24,365,false,2021-01-16 05:33:51.000,2026-06-24 16:17:32.000
16655,1655,35.00,20.00,3.00,35.00,20.00,10.00,LOW,,,,,2026-02-24,2027-04-24,365,false,2016-10-14 23:36:38.000,2026-06-24 16:17:32.000
16656,1656,36.00,21.00,3.00,36.00,21.00,11.00,LOW,,,,,2026-05-24,2027-04-24,365,false,2019-04-24 18:08:13.000,2026-06-24 16:17:32.000
16659,1659,39.00,24.00,3.00,39.00,24.00,14.00,LOW,,,,,2026-04-24,2027-05-24,365,false,2024-02-19 18:23:53.000,2026-06-24 16:17:32.000
16660,1660,5.00,25.00,3.00,5.00,25.00,15.00,LOW,,,,,2026-03-24,2027-04-24,365,false,2003-10-03 23:45:07.000,2026-06-24 16:17:32.000
16661,1661,6.00,26.00,4.00,6.00,26.00,16.00,LOW,,,,,2026-06-24,2026-12-24,365,false,2021-11-13 07:47:25.000,2026-06-24 16:17:32.000
16663,1663,8.00,28.00,4.00,8.00,28.00,18.00,LOW,,,,,2026-01-24,2027-04-24,365,false,2024-06-18 00:23:03.000,2026-06-24 16:17:32.000
16664,1664,9.00,29.00,3.00,9.00,29.00,19.00,LOW,,,,,2026-01-24,2026-12-24,365,false,2014-12-04 14:49:28.000,2026-06-24 16:17:32.000
16665,1665,10.00,30.00,3.00,10.00,30.00,20.00,LOW,,,,,2026-03-24,2027-05-24,365,false,2025-05-16 17:14:08.000,2026-06-24 16:17:32.000
16666,1666,11.00,31.00,2.00,11.00,31.00,21.00,LOW,,,,,2026-05-24,2027-04-24,365,false,2018-03-06 03:26:53.000,2026-06-24 16:17:32.000
16667,1667,12.00,32.00,3.00,12.00,32.00,22.00,LOW,,,,,2026-01-24,2027-05-24,365,false,2021-11-14 06:59:30.000,2026-06-24 16:17:32.000
16668,1668,13.00,33.00,5.00,13.00,33.00,23.00,LOW,,,,,2026-03-24,2027-03-24,365,false,2007-10-05 05:49:45.000,2026-06-24 16:17:32.000
16669,1669,14.00,34.00,5.00,14.00,34.00,24.00,LOW,,,,,2026-06-24,2027-04-24,365,false,2025-12-08 05:48:40.000,2026-06-24 16:17:32.000
16671,1671,16.00,36.00,5.00,16.00,36.00,26.00,LOW,,,,,2026-03-24,2027-05-24,365,false,2016-08-16 21:26:22.000,2026-06-24 16:17:32.000
16672,1672,17.00,37.00,4.00,17.00,37.00,27.00,LOW,,,,,2026-03-24,2027-04-24,365,false,2017-03-13 15:42:22.000,2026-06-24 16:17:32.000
16673,1673,18.00,38.00,5.00,18.00,38.00,28.00,LOW,,,,,2026-02-24,2027-04-24,365,false,2020-10-16 04:59:51.000,2026-06-24 16:17:32.000
16675,1675,20.00,40.00,3.00,20.00,40.00,30.00,LOW,,,,,2026-04-24,2027-01-24,365,false,2012-02-13 23:23:42.000,2026-06-24 16:17:32.000
16680,1680,25.00,5.00,3.00,25.00,5.00,5.00,LOW,,,,,2026-05-24,2027-05-24,365,false,2016-12-04 21:57:52.000,2026-06-24 16:17:32.000
16682,1682,27.00,7.00,5.00,27.00,7.00,7.00,LOW,,,,,2026-01-24,2027-02-24,365,false,2022-04-18 23:04:15.000,2026-06-24 16:17:32.000
16683,1683,28.00,8.00,4.00,28.00,8.00,8.00,LOW,,,,,2026-06-24,2027-03-24,365,false,2022-12-08 17:41:49.000,2026-06-24 16:17:32.000
16684,1684,29.00,9.00,4.00,29.00,9.00,9.00,LOW,,,,,2026-05-24,2027-05-24,365,false,2016-11-22 21:23:52.000,2026-06-24 16:17:32.000
16687,1687,32.00,12.00,3.00,32.00,12.00,12.00,LOW,,,,,2026-05-24,2026-12-24,365,false,2016-09-09 04:04:12.000,2026-06-24 16:17:32.000
16688,1688,33.00,13.00,3.00,33.00,13.00,13.00,LOW,,,,,2026-02-24,2026-12-24,365,false,2012-05-14 21:10:20.000,2026-06-24 16:17:32.000
16689,1689,34.00,14.00,5.00,34.00,14.00,14.00,LOW,,,,,2026-03-24,2026-12-24,365,false,1993-11-20 22:30:22.000,2026-06-24 16:17:32.000
16692,1692,37.00,17.00,5.00,37.00,17.00,17.00,LOW,,,,,2026-03-24,2027-03-24,365,false,2013-04-22 01:56:19.000,2026-06-24 16:17:32.000
16693,1693,38.00,18.00,3.00,38.00,18.00,18.00,LOW,,,,,2026-01-24,2027-05-24,365,false,2013-10-24 12:49:28.000,2026-06-24 16:17:32.000
16695,1695,5.00,20.00,5.00,5.00,20.00,20.00,LOW,,,,,2026-05-24,2027-05-24,365,false,2021-08-20 10:37:38.000,2026-06-24 16:17:32.000
16696,1696,6.00,21.00,3.00,6.00,21.00,21.00,LOW,,,,,2026-04-24,2026-12-24,365,false,2010-04-27 06:15:11.000,2026-06-24 16:17:32.000
16697,1697,7.00,22.00,4.00,7.00,22.00,22.00,LOW,,,,,2026-04-24,2027-03-24,365,false,2013-11-26 19:23:59.000,2026-06-24 16:17:32.000
16698,1698,8.00,23.00,4.00,8.00,23.00,23.00,LOW,,,,,2026-02-24,2026-12-24,365,false,2017-09-08 16:07:10.000,2026-06-24 16:17:32.000
16700,1700,10.00,25.00,5.00,10.00,25.00,25.00,LOW,,,,,2026-06-24,2027-02-24,365,false,2026-06-29 08:04:28.000,2026-06-24 16:17:32.000
16701,1701,11.00,26.00,4.00,11.00,26.00,26.00,LOW,,,,,2026-05-24,2027-04-24,365,false,2025-09-19 12:37:24.000,2026-06-24 16:17:32.000
16703,1703,13.00,28.00,2.00,13.00,28.00,28.00,LOW,,,,,2026-06-24,2027-04-24,365,false,2006-03-27 11:16:47.000,2026-06-24 16:17:32.000
16704,1704,14.00,29.00,3.00,14.00,29.00,29.00,LOW,,,,,2026-04-24,2027-03-24,365,false,2021-12-12 23:53:12.000,2026-06-24 16:17:32.000
16705,1705,15.00,30.00,2.00,15.00,30.00,30.00,LOW,,,,,2026-02-24,2027-02-24,365,false,2023-02-12 11:17:24.000,2026-06-24 16:17:32.000
16706,1706,16.00,31.00,5.00,16.00,31.00,31.00,LOW,,,,,2026-06-24,2027-05-24,365,false,2025-02-14 21:06:45.000,2026-06-24 16:17:32.000
16712,1712,22.00,37.00,5.00,22.00,37.00,7.00,LOW,,,,,2026-02-24,2027-03-24,365,false,2019-11-20 16:31:16.000,2026-06-24 16:17:32.000
16713,1713,23.00,38.00,5.00,23.00,38.00,8.00,LOW,,,,,2026-06-24,2027-03-24,365,false,2018-12-15 10:00:20.000,2026-06-24 16:17:32.000
16715,1715,25.00,40.00,3.00,25.00,40.00,10.00,LOW,,,,,2026-03-24,2027-03-24,365,false,2023-12-04 04:09:54.000,2026-06-24 16:17:32.000
16716,1716,26.00,41.00,4.00,26.00,41.00,11.00,LOW,,,,,2026-06-24,2027-05-24,365,false,2023-04-14 18:21:26.000,2026-06-24 16:17:32.000
16717,1717,27.00,42.00,2.00,27.00,42.00,12.00,LOW,,,,,2026-01-24,2027-01-24,365,false,2022-06-04 14:24:09.000,2026-06-24 16:17:32.000
16722,1722,32.00,7.00,4.00,32.00,7.00,17.00,LOW,,,,,2026-01-24,2027-01-24,365,false,2023-02-11 20:56:29.000,2026-06-24 16:17:32.000
16724,1724,34.00,9.00,3.00,34.00,9.00,19.00,LOW,,,,,2026-04-24,2027-03-24,365,false,2021-10-11 18:08:34.000,2026-06-24 16:17:32.000
16727,1727,37.00,12.00,4.00,37.00,12.00,22.00,LOW,,,,,2026-05-24,2027-03-24,365,false,2011-06-19 17:29:07.000,2026-06-24 16:17:32.000
16728,1728,38.00,13.00,5.00,38.00,13.00,23.00,LOW,,,,,2026-01-24,2026-12-24,365,false,2017-10-12 03:45:13.000,2026-06-24 16:17:32.000
16729,1729,39.00,14.00,4.00,39.00,14.00,24.00,LOW,,,,,2026-05-24,2027-02-24,365,false,2014-08-31 19:05:48.000,2026-06-24 16:17:32.000
16730,1730,5.00,15.00,3.00,5.00,15.00,25.00,LOW,,,,,2026-04-24,2027-03-24,365,false,2024-06-18 08:23:25.000,2026-06-24 16:17:32.000
16731,1731,6.00,16.00,2.00,6.00,16.00,26.00,LOW,,,,,2026-06-24,2027-05-24,365,false,2015-04-02 21:05:34.000,2026-06-24 16:17:32.000
16732,1732,7.00,17.00,4.00,7.00,17.00,27.00,LOW,,,,,2026-02-24,2027-02-24,365,false,2026-06-14 22:58:30.000,2026-06-24 16:17:32.000
16733,1733,8.00,18.00,3.00,8.00,18.00,28.00,LOW,,,,,2026-06-24,2026-12-24,365,false,2006-05-29 01:04:25.000,2026-06-24 16:17:32.000
16734,1734,9.00,19.00,4.00,9.00,19.00,29.00,LOW,,,,,2026-01-24,2027-01-24,365,false,2019-06-03 16:59:32.000,2026-06-24 16:17:32.000
16736,1736,11.00,21.00,3.00,11.00,21.00,31.00,LOW,,,,,2026-01-24,2027-02-24,365,false,2013-11-24 10:26:35.000,2026-06-24 16:17:32.000
16737,1737,12.00,22.00,5.00,12.00,22.00,32.00,LOW,,,,,2026-01-24,2027-04-24,365,false,2009-05-09 22:56:49.000,2026-06-24 16:17:32.000
16738,1738,13.00,23.00,2.00,13.00,23.00,33.00,LOW,,,,,2026-02-24,2027-01-24,365,false,2006-03-07 03:58:50.000,2026-06-24 16:17:32.000
16739,1739,14.00,24.00,3.00,14.00,24.00,34.00,LOW,,,,,2026-01-24,2027-04-24,365,false,2003-03-05 06:00:41.000,2026-06-24 16:17:32.000
16740,1740,15.00,25.00,4.00,15.00,25.00,5.00,LOW,,,,,2026-02-24,2027-04-24,365,false,2019-03-31 20:32:34.000,2026-06-24 16:17:32.000
16741,1741,16.00,26.00,3.00,16.00,26.00,6.00,LOW,,,,,2026-01-24,2027-01-24,365,false,2018-09-26 07:30:41.000,2026-06-24 16:17:32.000
16742,1742,17.00,27.00,4.00,17.00,27.00,7.00,LOW,,,,,2026-04-24,2027-05-24,365,false,2020-04-09 14:35:50.000,2026-06-24 16:17:32.000
16743,1743,18.00,28.00,2.00,18.00,28.00,8.00,LOW,,,,,2026-03-24,2027-01-24,365,false,2024-04-29 19:27:18.000,2026-06-24 16:17:32.000
16744,1744,19.00,29.00,4.00,19.00,29.00,9.00,LOW,,,,,2026-01-24,2027-04-24,365,false,2025-06-22 14:21:21.000,2026-06-24 16:17:32.000
16747,1747,22.00,32.00,2.00,22.00,32.00,12.00,LOW,,,,,2026-06-24,2027-01-24,365,false,2023-02-10 11:13:23.000,2026-06-24 16:17:32.000
16748,1748,23.00,33.00,5.00,23.00,33.00,13.00,LOW,,,,,2026-06-24,2026-12-24,365,false,2020-01-03 05:23:26.000,2026-06-24 16:17:32.000
16749,1749,24.00,34.00,3.00,24.00,34.00,14.00,LOW,,,,,2026-01-24,2027-04-24,365,false,2020-07-25 11:53:30.000,2026-06-24 16:17:32.000
16750,1750,25.00,35.00,2.00,25.00,35.00,15.00,LOW,,,,,2026-06-24,2027-02-24,365,false,2017-02-02 03:18:02.000,2026-06-24 16:17:32.000
16751,1751,26.00,36.00,4.00,26.00,36.00,16.00,LOW,,,,,2026-03-24,2027-04-24,365,false,2019-11-10 10:29:41.000,2026-06-24 16:17:32.000
16752,1752,27.00,37.00,4.00,27.00,37.00,17.00,LOW,,,,,2026-03-24,2027-04-24,365,false,2026-06-03 09:02:30.000,2026-06-24 16:17:32.000
16753,1753,28.00,38.00,4.00,28.00,38.00,18.00,LOW,,,,,2026-02-24,2027-04-24,365,false,2018-01-08 00:23:24.000,2026-06-24 16:17:32.000
16755,1755,30.00,40.00,2.00,30.00,40.00,20.00,LOW,,,,,2026-04-24,2027-01-24,365,false,2015-06-15 22:53:40.000,2026-06-24 16:17:32.000
16756,1756,31.00,41.00,2.00,31.00,41.00,21.00,LOW,,,,,2026-06-24,2027-05-24,365,false,2020-04-13 02:03:59.000,2026-06-24 16:17:32.000
16761,1761,36.00,6.00,5.00,36.00,6.00,26.00,LOW,,,,,2026-01-24,2027-05-24,365,false,2002-03-02 06:42:29.000,2026-06-24 16:17:32.000
16762,1762,37.00,7.00,4.00,37.00,7.00,27.00,LOW,,,,,2026-03-24,2027-04-24,365,false,2008-05-28 23:57:54.000,2026-06-24 16:17:32.000
16763,1763,38.00,8.00,2.00,38.00,8.00,28.00,LOW,,,,,2026-02-24,2027-01-24,365,false,2018-12-12 23:02:45.000,2026-06-24 16:17:32.000
16766,1766,6.00,11.00,4.00,6.00,11.00,31.00,LOW,,,,,2026-02-24,2027-02-24,365,false,2025-03-31 02:47:15.000,2026-06-24 16:17:32.000
16771,1771,11.00,16.00,2.00,11.00,16.00,6.00,LOW,,,,,2026-05-24,2027-03-24,365,false,2018-11-19 21:20:32.000,2026-06-24 16:17:32.000
16773,1773,13.00,18.00,3.00,13.00,18.00,8.00,LOW,,,,,2026-02-24,2026-12-24,365,false,2018-05-10 05:12:59.000,2026-06-24 16:17:32.000
16775,1775,15.00,20.00,4.00,15.00,20.00,10.00,LOW,,,,,2026-06-24,2027-04-24,365,false,2017-04-05 16:27:21.000,2026-06-24 16:17:32.000
16780,1780,20.00,25.00,3.00,20.00,25.00,15.00,LOW,,,,,2026-01-24,2027-01-24,365,false,2020-07-08 20:17:51.000,2026-06-24 16:17:32.000
16782,1782,22.00,27.00,5.00,22.00,27.00,17.00,LOW,,,,,2026-06-24,2027-02-24,365,false,2021-12-13 23:19:03.000,2026-06-24 16:17:32.000
16783,1783,23.00,28.00,4.00,23.00,28.00,18.00,LOW,,,,,2026-02-24,2027-04-24,365,false,2013-02-15 05:17:33.000,2026-06-24 16:17:32.000
16784,1784,24.00,29.00,2.00,24.00,29.00,19.00,LOW,,,,,2026-06-24,2027-02-24,365,false,2014-10-14 07:42:16.000,2026-06-24 16:17:32.000
16785,1785,25.00,30.00,2.00,25.00,30.00,20.00,LOW,,,,,2026-05-24,2027-02-24,365,false,2014-06-04 21:18:28.000,2026-06-24 16:17:32.000
16786,1786,26.00,31.00,4.00,26.00,31.00,21.00,LOW,,,,,2026-05-24,2027-02-24,365,false,2016-08-04 21:51:01.000,2026-06-24 16:17:32.000
16787,1787,27.00,32.00,5.00,27.00,32.00,22.00,LOW,,,,,2026-01-24,2027-05-24,365,false,2023-05-14 14:08:02.000,2026-06-24 16:17:32.000
16789,1789,29.00,34.00,5.00,29.00,34.00,24.00,LOW,,,,,2026-01-24,2027-04-24,365,false,2025-12-19 19:30:59.000,2026-06-24 16:17:32.000
16790,1790,30.00,35.00,5.00,30.00,35.00,25.00,LOW,,,,,2026-01-24,2026-12-24,365,false,2019-03-16 18:39:45.000,2026-06-24 16:17:32.000
16791,1791,31.00,36.00,5.00,31.00,36.00,26.00,LOW,,,,,2026-04-24,2027-04-24,365,false,2025-09-12 03:09:47.000,2026-06-24 16:17:32.000
16792,1792,32.00,37.00,4.00,32.00,37.00,27.00,LOW,,,,,2026-05-24,2027-01-24,365,false,2006-07-30 08:27:59.000,2026-06-24 16:17:32.000
16793,1793,33.00,38.00,3.00,33.00,38.00,28.00,LOW,,,,,2026-06-24,2027-02-24,365,false,2009-08-08 05:16:13.000,2026-06-24 16:17:32.000
16794,1794,34.00,39.00,4.00,34.00,39.00,29.00,LOW,,,,,2026-01-24,2027-01-24,365,false,2018-02-08 21:11:17.000,2026-06-24 16:17:32.000
16796,1796,36.00,41.00,5.00,36.00,41.00,31.00,LOW,,,,,2026-06-24,2026-12-24,365,false,2022-07-28 03:37:08.000,2026-06-24 16:17:32.000
16797,1797,37.00,42.00,5.00,37.00,42.00,32.00,LOW,,,,,2026-04-24,2026-12-24,365,false,2023-09-08 02:18:54.000,2026-06-24 16:17:32.000
16798,1798,38.00,43.00,3.00,38.00,43.00,33.00,LOW,,,,,2026-03-24,2026-12-24,365,false,2008-07-23 22:00:58.000,2026-06-24 16:17:32.000
16802,1802,7.00,7.00,3.00,7.00,7.00,7.00,LOW,,,,,2026-01-24,2026-12-24,365,false,2009-09-25 07:00:18.000,2026-06-24 16:17:32.000
16803,1803,8.00,8.00,4.00,8.00,8.00,8.00,LOW,,,,,2026-03-24,2027-05-24,365,false,2018-08-15 22:46:25.000,2026-06-24 16:17:32.000
16804,1804,9.00,9.00,5.00,9.00,9.00,9.00,LOW,,,,,2026-01-24,2027-05-24,365,false,2023-01-31 16:30:54.000,2026-06-24 16:17:32.000
16808,1808,13.00,13.00,3.00,13.00,13.00,13.00,LOW,,,,,2026-05-24,2027-01-24,365,false,2025-05-14 22:50:02.000,2026-06-24 16:17:32.000
16809,1809,14.00,14.00,4.00,14.00,14.00,14.00,LOW,,,,,2026-06-24,2027-03-24,365,false,2016-10-18 05:24:30.000,2026-06-24 16:17:32.000
16810,1810,15.00,15.00,2.00,15.00,15.00,15.00,LOW,,,,,2026-04-24,2027-01-24,365,false,2024-01-03 19:43:40.000,2026-06-24 16:17:32.000
16811,1811,16.00,16.00,4.00,16.00,16.00,16.00,LOW,,,,,2026-02-24,2026-12-24,365,false,2021-06-21 14:29:15.000,2026-06-24 16:17:32.000
16812,1812,17.00,17.00,5.00,17.00,17.00,17.00,LOW,,,,,2026-01-24,2027-05-24,365,false,2018-09-30 21:41:25.000,2026-06-24 16:17:32.000
16813,1813,18.00,18.00,4.00,18.00,18.00,18.00,LOW,,,,,2026-01-24,2027-02-24,365,false,2024-10-13 13:35:21.000,2026-06-24 16:17:32.000
16814,1814,19.00,19.00,2.00,19.00,19.00,19.00,LOW,,,,,2026-01-24,2027-01-24,365,false,2012-12-17 21:30:43.000,2026-06-24 16:17:32.000
16819,1819,24.00,24.00,3.00,24.00,24.00,24.00,LOW,,,,,2026-04-24,2027-04-24,365,false,2019-05-01 10:27:50.000,2026-06-24 16:17:32.000
16820,1820,25.00,25.00,4.00,25.00,25.00,25.00,LOW,,,,,2026-05-24,2026-12-24,365,false,2011-12-05 03:10:36.000,2026-06-24 16:17:32.000
16821,1821,26.00,26.00,4.00,26.00,26.00,26.00,LOW,,,,,2026-02-24,2026-12-24,365,false,2020-09-14 19:45:44.000,2026-06-24 16:17:32.000
16822,1822,27.00,27.00,2.00,27.00,27.00,27.00,LOW,,,,,2026-03-24,2027-03-24,365,false,2009-05-03 20:50:13.000,2026-06-24 16:17:32.000
16823,1823,28.00,28.00,5.00,28.00,28.00,28.00,LOW,,,,,2026-05-24,2027-03-24,365,false,2016-09-05 13:12:30.000,2026-06-24 16:17:32.000
16824,1824,29.00,29.00,2.00,29.00,29.00,29.00,LOW,,,,,2026-04-24,2027-02-24,365,false,2020-06-11 20:35:52.000,2026-06-24 16:17:32.000
16825,1825,30.00,30.00,4.00,30.00,30.00,30.00,LOW,,,,,2026-02-24,2026-12-24,365,false,2023-09-13 13:23:11.000,2026-06-24 16:17:32.000
16827,1827,32.00,32.00,4.00,32.00,32.00,32.00,LOW,,,,,2026-04-24,2027-04-24,365,false,2026-04-22 04:08:28.000,2026-06-24 16:17:32.000
16828,1828,33.00,33.00,5.00,33.00,33.00,33.00,LOW,,,,,2026-06-24,2027-02-24,365,false,2005-07-14 05:16:46.000,2026-06-24 16:17:32.000
16829,1829,34.00,34.00,5.00,34.00,34.00,34.00,LOW,,,,,2026-06-24,2027-04-24,365,false,2018-09-26 18:21:00.000,2026-06-24 16:17:32.000
16830,1830,35.00,35.00,5.00,35.00,35.00,5.00,LOW,,,,,2026-05-24,2027-01-24,365,false,2018-02-17 19:35:46.000,2026-06-24 16:17:32.000
16831,1831,36.00,36.00,3.00,36.00,36.00,6.00,LOW,,,,,2026-04-24,2027-02-24,365,false,2023-06-28 13:04:27.000,2026-06-24 16:17:32.000
16832,1832,37.00,37.00,2.00,37.00,37.00,7.00,LOW,,,,,2026-06-24,2027-02-24,365,false,2018-03-07 00:54:26.000,2026-06-24 16:17:32.000
16836,1836,6.00,41.00,3.00,6.00,41.00,11.00,LOW,,,,,2026-05-24,2027-04-24,365,false,2007-09-27 15:47:33.000,2026-06-24 16:17:32.000
16842,1842,12.00,7.00,2.00,12.00,7.00,17.00,LOW,,,,,2026-06-24,2027-01-24,365,false,2024-05-13 23:02:08.000,2026-06-24 16:17:32.000
16843,1843,13.00,8.00,5.00,13.00,8.00,18.00,LOW,,,,,2026-05-24,2027-01-24,365,false,2025-02-15 06:23:37.000,2026-06-24 16:17:32.000
16845,1845,15.00,10.00,5.00,15.00,10.00,20.00,LOW,,,,,2026-04-24,2027-05-24,365,false,2023-03-26 09:02:38.000,2026-06-24 16:17:32.000
16846,1846,16.00,11.00,2.00,16.00,11.00,21.00,LOW,,,,,2026-03-24,2027-01-24,365,false,2024-07-13 09:20:59.000,2026-06-24 16:17:32.000
16847,1847,17.00,12.00,5.00,17.00,12.00,22.00,LOW,,,,,2026-02-24,2027-01-24,365,false,2026-04-13 04:04:20.000,2026-06-24 16:17:32.000
16851,1851,21.00,16.00,3.00,21.00,16.00,26.00,LOW,,,,,2026-02-24,2027-04-24,365,false,2013-09-24 01:13:32.000,2026-06-24 16:17:32.000
16853,1853,23.00,18.00,5.00,23.00,18.00,28.00,LOW,,,,,2026-01-24,2027-03-24,365,false,2025-01-02 18:19:42.000,2026-06-24 16:17:32.000
16856,1856,26.00,21.00,2.00,26.00,21.00,31.00,LOW,,,,,2026-02-24,2026-12-24,365,false,2013-04-26 02:23:53.000,2026-06-24 16:17:32.000
16857,1857,27.00,22.00,2.00,27.00,22.00,32.00,LOW,,,,,2026-04-24,2027-04-24,365,false,2008-12-17 11:25:29.000,2026-06-24 16:17:32.000
16858,1858,28.00,23.00,3.00,28.00,23.00,33.00,LOW,,,,,2026-05-24,2027-02-24,365,false,2018-06-13 04:34:41.000,2026-06-24 16:17:32.000
16860,1860,30.00,25.00,2.00,30.00,25.00,5.00,LOW,,,,,2026-03-24,2027-01-24,365,false,2019-05-23 15:02:39.000,2026-06-24 16:17:32.000
16863,1863,33.00,28.00,3.00,33.00,28.00,8.00,LOW,,,,,2026-03-24,2026-12-24,365,false,2025-10-08 07:54:22.000,2026-06-24 16:17:32.000
16864,1864,34.00,29.00,4.00,34.00,29.00,9.00,LOW,,,,,2026-03-24,2027-04-24,365,false,2022-02-13 04:48:28.000,2026-06-24 16:17:32.000
16866,1866,36.00,31.00,3.00,36.00,31.00,11.00,LOW,,,,,2026-05-24,2027-04-24,365,false,2022-10-25 12:50:27.000,2026-06-24 16:17:32.000
16867,1867,37.00,32.00,2.00,37.00,32.00,12.00,LOW,,,,,2026-02-24,2026-12-24,365,false,2017-12-14 21:44:07.000,2026-06-24 16:17:32.000
16868,1868,38.00,33.00,5.00,38.00,33.00,13.00,LOW,,,,,2026-03-24,2027-01-24,365,false,2022-10-07 02:17:43.000,2026-06-24 16:17:32.000
16869,1869,39.00,34.00,2.00,39.00,34.00,14.00,LOW,,,,,2026-05-24,2027-03-24,365,false,2024-07-28 03:40:31.000,2026-06-24 16:17:32.000
16871,1871,6.00,36.00,3.00,6.00,36.00,16.00,LOW,,,,,2026-04-24,2027-03-24,365,false,2023-09-24 14:58:57.000,2026-06-24 16:17:32.000
16872,1872,7.00,37.00,4.00,7.00,37.00,17.00,LOW,,,,,2026-01-24,2027-02-24,365,false,2011-11-09 13:39:08.000,2026-06-24 16:17:32.000
16873,1873,8.00,38.00,2.00,8.00,38.00,18.00,LOW,,,,,2026-01-24,2026-12-24,365,false,2023-07-29 17:38:23.000,2026-06-24 16:17:32.000
16874,1874,9.00,39.00,3.00,9.00,39.00,19.00,LOW,,,,,2026-05-24,2027-02-24,365,false,2015-10-12 16:12:35.000,2026-06-24 16:17:32.000
16875,1875,10.00,40.00,5.00,10.00,40.00,20.00,LOW,,,,,2026-05-24,2027-05-24,365,false,2022-06-08 02:15:46.000,2026-06-24 16:17:32.000
16876,1876,11.00,41.00,5.00,11.00,41.00,21.00,LOW,,,,,2026-01-24,2027-05-24,365,false,2012-09-16 23:36:19.000,2026-06-24 16:17:32.000
16879,1879,14.00,44.00,3.00,14.00,44.00,24.00,LOW,,,,,2026-04-24,2027-01-24,365,false,2024-04-19 05:41:15.000,2026-06-24 16:17:32.000
16881,1881,16.00,6.00,4.00,16.00,6.00,26.00,LOW,,,,,2026-02-24,2027-04-24,365,false,2025-02-27 04:27:36.000,2026-06-24 16:17:32.000
16883,1883,18.00,8.00,3.00,18.00,8.00,28.00,LOW,,,,,2026-06-24,2027-02-24,365,false,2013-08-08 23:21:44.000,2026-06-24 16:17:32.000
16886,1886,21.00,11.00,5.00,21.00,11.00,31.00,LOW,,,,,2026-02-24,2026-12-24,365,false,2021-07-14 16:16:35.000,2026-06-24 16:17:32.000
16887,1887,22.00,12.00,5.00,22.00,12.00,32.00,LOW,,,,,2026-06-24,2027-04-24,365,false,2008-04-28 22:22:45.000,2026-06-24 16:17:32.000
16889,1889,24.00,14.00,4.00,24.00,14.00,34.00,LOW,,,,,2026-06-24,2027-02-24,365,false,2026-05-02 01:37:57.000,2026-06-24 16:17:32.000
16890,1890,25.00,15.00,2.00,25.00,15.00,5.00,LOW,,,,,2026-01-24,2027-04-24,365,false,2014-01-06 07:51:03.000,2026-06-24 16:17:32.000
16891,1891,26.00,16.00,2.00,26.00,16.00,6.00,LOW,,,,,2026-04-24,2027-05-24,365,false,2018-05-23 01:56:25.000,2026-06-24 16:17:32.000
16892,1892,27.00,17.00,5.00,27.00,17.00,7.00,LOW,,,,,2026-02-24,2027-01-24,365,false,2015-10-31 10:57:08.000,2026-06-24 16:17:32.000
16893,1893,28.00,18.00,4.00,28.00,18.00,8.00,LOW,,,,,2026-04-24,2027-03-24,365,false,2010-10-28 04:30:17.000,2026-06-24 16:17:32.000
16894,1894,29.00,19.00,4.00,29.00,19.00,9.00,LOW,,,,,2026-02-24,2026-12-24,365,false,2002-12-11 04:55:04.000,2026-06-24 16:17:32.000
16898,1898,33.00,23.00,3.00,33.00,23.00,13.00,LOW,,,,,2026-05-24,2027-02-24,365,false,2023-01-25 04:10:32.000,2026-06-24 16:17:32.000
16899,1899,34.00,24.00,3.00,34.00,24.00,14.00,LOW,,,,,2026-03-24,2027-02-24,365,false,2010-05-15 07:53:29.000,2026-06-24 16:17:32.000
16900,1900,35.00,25.00,3.00,35.00,25.00,15.00,LOW,,,,,2026-06-24,2027-04-24,365,false,2013-01-03 01:04:28.000,2026-06-24 16:17:32.000
16904,1904,39.00,29.00,2.00,39.00,29.00,19.00,LOW,,,,,2026-04-24,2027-01-24,365,false,2019-10-01 07:59:53.000,2026-06-24 16:17:32.000
16905,1905,5.00,30.00,5.00,5.00,30.00,20.00,LOW,,,,,2026-01-24,2027-01-24,365,false,2020-11-26 01:15:09.000,2026-06-24 16:17:32.000
16906,1906,6.00,31.00,3.00,6.00,31.00,21.00,LOW,,,,,2026-01-24,2027-01-24,365,false,2025-07-20 17:03:32.000,2026-06-24 16:17:32.000
16911,1911,11.00,36.00,2.00,11.00,36.00,26.00,LOW,,,,,2026-06-24,2027-05-24,365,false,2018-05-15 01:17:11.000,2026-06-24 16:17:32.000
16913,1913,13.00,38.00,3.00,13.00,38.00,28.00,LOW,,,,,2026-05-24,2026-12-24,365,false,1999-02-01 15:59:35.000,2026-06-24 16:17:32.000
16914,1914,14.00,39.00,5.00,14.00,39.00,29.00,LOW,,,,,2026-04-24,2027-04-24,365,false,2019-04-01 08:22:22.000,2026-06-24 16:17:32.000
16915,1915,15.00,40.00,5.00,15.00,40.00,30.00,LOW,,,,,2026-06-24,2027-02-24,365,false,2025-10-19 20:12:32.000,2026-06-24 16:17:32.000
16917,1917,17.00,42.00,3.00,17.00,42.00,32.00,LOW,,,,,2026-05-24,2027-02-24,365,false,2026-04-02 14:01:13.000,2026-06-24 16:17:32.000
16918,1918,18.00,43.00,4.00,18.00,43.00,33.00,LOW,,,,,2026-06-24,2027-02-24,365,false,2024-05-27 23:25:03.000,2026-06-24 16:17:32.000
16919,1919,19.00,44.00,2.00,19.00,44.00,34.00,LOW,,,,,2026-04-24,2027-04-24,365,false,2018-02-05 19:37:41.000,2026-06-24 16:17:32.000
16920,1920,20.00,5.00,4.00,20.00,5.00,5.00,LOW,,,,,2026-02-24,2027-03-24,365,false,2019-11-09 15:31:59.000,2026-06-24 16:17:32.000
16921,1921,21.00,6.00,4.00,21.00,6.00,6.00,LOW,,,,,2026-03-24,2027-03-24,365,false,2013-06-02 04:11:32.000,2026-06-24 16:17:32.000
16923,1923,23.00,8.00,5.00,23.00,8.00,8.00,LOW,,,,,2026-06-24,2027-02-24,365,false,2026-04-26 12:10:07.000,2026-06-24 16:17:32.000
16924,1924,24.00,9.00,3.00,24.00,9.00,9.00,LOW,,,,,2026-05-24,2027-04-24,365,false,2013-05-17 21:12:42.000,2026-06-24 16:17:32.000
16925,1925,25.00,10.00,3.00,25.00,10.00,10.00,LOW,,,,,2026-02-24,2026-12-24,365,false,2009-01-21 19:28:32.000,2026-06-24 16:17:32.000
16926,1926,26.00,11.00,2.00,26.00,11.00,11.00,LOW,,,,,2026-06-24,2027-01-24,365,false,2021-07-29 00:16:44.000,2026-06-24 16:17:32.000
16927,1927,27.00,12.00,4.00,27.00,12.00,12.00,LOW,,,,,2026-02-24,2026-12-24,365,false,2023-05-05 06:43:38.000,2026-06-24 16:17:32.000
16928,1928,28.00,13.00,3.00,28.00,13.00,13.00,LOW,,,,,2026-06-24,2027-02-24,365,false,2026-01-12 05:46:15.000,2026-06-24 16:17:32.000
16929,1929,29.00,14.00,4.00,29.00,14.00,14.00,LOW,,,,,2026-01-24,2026-12-24,365,false,2012-07-24 23:07:33.000,2026-06-24 16:17:32.000
16930,1930,30.00,15.00,5.00,30.00,15.00,15.00,LOW,,,,,2026-06-24,2027-01-24,365,false,2021-11-16 05:11:25.000,2026-06-24 16:17:32.000
16931,1931,31.00,16.00,4.00,31.00,16.00,16.00,LOW,,,,,2026-04-24,2027-04-24,365,false,2020-12-29 04:31:57.000,2026-06-24 16:17:32.000
16932,1932,32.00,17.00,4.00,32.00,17.00,17.00,LOW,,,,,2026-02-24,2027-02-24,365,false,2023-01-19 05:28:30.000,2026-06-24 16:17:32.000
16933,1933,33.00,18.00,5.00,33.00,18.00,18.00,LOW,,,,,2026-01-24,2027-02-24,365,false,2014-07-11 09:52:11.000,2026-06-24 16:17:32.000
16934,1934,34.00,19.00,4.00,34.00,19.00,19.00,LOW,,,,,2026-04-24,2027-04-24,365,false,2021-12-10 15:48:47.000,2026-06-24 16:17:32.000
16935,1935,35.00,20.00,2.00,35.00,20.00,20.00,LOW,,,,,2026-03-24,2027-03-24,365,false,2022-10-29 07:12:25.000,2026-06-24 16:17:32.000
16936,1936,36.00,21.00,3.00,36.00,21.00,21.00,LOW,,,,,2026-03-24,2027-03-24,365,false,2005-09-07 17:00:13.000,2026-06-24 16:17:32.000
16937,1937,37.00,22.00,3.00,37.00,22.00,22.00,LOW,,,,,2026-06-24,2027-01-24,365,false,2025-05-24 19:32:51.000,2026-06-24 16:17:32.000
16939,1939,39.00,24.00,2.00,39.00,24.00,24.00,LOW,,,,,2026-03-24,2027-04-24,365,false,2020-07-17 02:14:54.000,2026-06-24 16:17:32.000
16940,1940,5.00,25.00,2.00,5.00,25.00,25.00,LOW,,,,,2026-05-24,2027-01-24,365,false,2003-02-20 07:41:24.000,2026-06-24 16:17:32.000
16942,1942,7.00,27.00,2.00,7.00,27.00,27.00,LOW,,,,,2026-03-24,2027-04-24,365,false,2019-04-11 10:54:08.000,2026-06-24 16:17:32.000
16943,1943,8.00,28.00,5.00,8.00,28.00,28.00,LOW,,,,,2026-06-24,2026-12-24,365,false,2013-05-04 01:18:16.000,2026-06-24 16:17:32.000
16944,1944,9.00,29.00,4.00,9.00,29.00,29.00,LOW,,,,,2026-06-24,2026-12-24,365,false,2017-02-18 21:52:39.000,2026-06-24 16:17:32.000
16946,1946,11.00,31.00,2.00,11.00,31.00,31.00,LOW,,,,,2026-01-24,2027-05-24,365,false,2025-10-09 02:56:12.000,2026-06-24 16:17:32.000
16947,1947,12.00,32.00,4.00,12.00,32.00,32.00,LOW,,,,,2026-06-24,2027-02-24,365,false,2021-11-24 23:48:45.000,2026-06-24 16:17:32.000
16948,1948,13.00,33.00,5.00,13.00,33.00,33.00,LOW,,,,,2026-02-24,2026-12-24,365,false,2010-06-01 00:09:24.000,2026-06-24 16:17:32.000
16949,1949,14.00,34.00,5.00,14.00,34.00,34.00,LOW,,,,,2026-03-24,2027-01-24,365,false,2020-05-10 13:44:33.000,2026-06-24 16:17:32.000
16950,1950,15.00,35.00,4.00,15.00,35.00,5.00,LOW,,,,,2026-06-24,2027-04-24,365,false,2024-11-23 21:15:18.000,2026-06-24 16:17:32.000
16951,1951,16.00,36.00,5.00,16.00,36.00,6.00,LOW,,,,,2026-06-24,2027-01-24,365,false,2021-01-31 05:16:37.000,2026-06-24 16:17:32.000
16952,1952,17.00,37.00,2.00,17.00,37.00,7.00,LOW,,,,,2026-02-24,2027-02-24,365,false,2007-10-14 08:44:02.000,2026-06-24 16:17:32.000
16953,1953,18.00,38.00,4.00,18.00,38.00,8.00,LOW,,,,,2026-01-24,2027-01-24,365,false,2023-06-11 19:01:35.000,2026-06-24 16:17:32.000
16954,1954,19.00,39.00,5.00,19.00,39.00,9.00,LOW,,,,,2026-03-24,2027-02-24,365,false,2023-01-07 07:59:42.000,2026-06-24 16:17:32.000
16955,1955,20.00,40.00,4.00,20.00,40.00,10.00,LOW,,,,,2026-05-24,2026-12-24,365,false,2009-09-10 22:18:06.000,2026-06-24 16:17:32.000
16956,1956,21.00,41.00,3.00,21.00,41.00,11.00,LOW,,,,,2026-05-24,2027-01-24,365,false,1996-03-08 12:17:03.000,2026-06-24 16:17:32.000
16957,1957,22.00,42.00,2.00,22.00,42.00,12.00,LOW,,,,,2026-06-24,2026-12-24,365,false,2008-06-15 20:10:18.000,2026-06-24 16:17:32.000
16958,1958,23.00,43.00,3.00,23.00,43.00,13.00,LOW,,,,,2026-04-24,2027-03-24,365,false,2021-12-23 00:30:07.000,2026-06-24 16:17:32.000
16959,1959,24.00,44.00,3.00,24.00,44.00,14.00,LOW,,,,,2026-01-24,2027-04-24,365,false,2025-12-15 02:12:21.000,2026-06-24 16:17:32.000
16960,1960,25.00,5.00,5.00,25.00,5.00,15.00,LOW,,,,,2026-03-24,2027-01-24,365,false,2019-08-24 19:06:26.000,2026-06-24 16:17:32.000
16962,1962,27.00,7.00,3.00,27.00,7.00,17.00,LOW,,,,,2026-04-24,2026-12-24,365,false,2017-04-03 17:08:15.000,2026-06-24 16:17:32.000
16964,1964,29.00,9.00,3.00,29.00,9.00,19.00,LOW,,,,,2026-04-24,2027-01-24,365,false,2012-07-16 01:16:24.000,2026-06-24 16:17:32.000
16965,1965,30.00,10.00,2.00,30.00,10.00,20.00,LOW,,,,,2026-02-24,2026-12-24,365,false,2025-09-11 21:54:42.000,2026-06-24 16:17:32.000
16967,1967,32.00,12.00,2.00,32.00,12.00,22.00,LOW,,,,,2026-02-24,2027-03-24,365,false,2018-02-14 01:56:58.000,2026-06-24 16:17:32.000
16968,1968,33.00,13.00,3.00,33.00,13.00,23.00,LOW,,,,,2026-03-24,2027-02-24,365,false,2019-08-11 01:50:13.000,2026-06-24 16:17:32.000
16969,1969,34.00,14.00,4.00,34.00,14.00,24.00,LOW,,,,,2026-04-24,2027-05-24,365,false,2024-01-12 03:42:15.000,2026-06-24 16:17:32.000
16970,1970,35.00,15.00,5.00,35.00,15.00,25.00,LOW,,,,,2026-02-24,2026-12-24,365,false,2022-07-12 06:57:14.000,2026-06-24 16:17:32.000
16971,1971,36.00,16.00,3.00,36.00,16.00,26.00,LOW,,,,,2026-03-24,2026-12-24,365,false,2022-06-07 12:11:29.000,2026-06-24 16:17:32.000
16973,1973,38.00,18.00,5.00,38.00,18.00,28.00,LOW,,,,,2026-06-24,2027-01-24,365,false,2022-11-06 01:21:25.000,2026-06-24 16:17:32.000
16974,1974,39.00,19.00,2.00,39.00,19.00,29.00,LOW,,,,,2026-01-24,2026-12-24,365,false,2004-02-26 19:10:30.000,2026-06-24 16:17:32.000
16975,1975,5.00,20.00,5.00,5.00,20.00,30.00,LOW,,,,,2026-02-24,2027-04-24,365,false,2022-03-11 19:17:19.000,2026-06-24 16:17:32.000
16976,1976,6.00,21.00,3.00,6.00,21.00,31.00,LOW,,,,,2026-06-24,2027-03-24,365,false,2022-09-27 17:08:06.000,2026-06-24 16:17:32.000
16977,1977,7.00,22.00,2.00,7.00,22.00,32.00,LOW,,,,,2026-02-24,2027-05-24,365,false,2007-04-15 15:55:34.000,2026-06-24 16:17:32.000
16979,1979,9.00,24.00,3.00,9.00,24.00,34.00,LOW,,,,,2026-02-24,2027-04-24,365,false,2003-03-07 02:14:11.000,2026-06-24 16:17:32.000
16980,1980,10.00,25.00,3.00,10.00,25.00,5.00,LOW,,,,,2026-06-24,2027-02-24,365,false,2024-07-17 20:47:54.000,2026-06-24 16:17:32.000
16981,1981,11.00,26.00,5.00,11.00,26.00,6.00,LOW,,,,,2026-05-24,2027-05-24,365,false,2016-03-16 16:45:10.000,2026-06-24 16:17:32.000
16984,1984,14.00,29.00,3.00,14.00,29.00,9.00,LOW,,,,,2026-02-24,2027-04-24,365,false,2024-10-16 11:44:37.000,2026-06-24 16:17:32.000
16986,1986,16.00,31.00,5.00,16.00,31.00,11.00,LOW,,,,,2026-04-24,2027-01-24,365,false,2024-03-03 02:54:43.000,2026-06-24 16:17:32.000
16990,1990,20.00,35.00,5.00,20.00,35.00,15.00,LOW,,,,,2026-04-24,2027-03-24,365,false,2014-01-25 14:54:15.000,2026-06-24 16:17:32.000
16994,1994,24.00,39.00,4.00,24.00,39.00,19.00,LOW,,,,,2026-02-24,2027-01-24,365,false,2013-02-09 17:01:54.000,2026-06-24 16:17:32.000
16995,1995,25.00,40.00,2.00,25.00,40.00,20.00,LOW,,,,,2026-02-24,2027-01-24,365,false,2024-06-19 15:13:59.000,2026-06-24 16:17:32.000
16998,1998,28.00,43.00,4.00,28.00,43.00,23.00,LOW,,,,,2026-05-24,2027-04-24,365,false,2012-12-31 22:52:16.000,2026-06-24 16:17:32.000
16999,1999,29.00,44.00,2.00,29.00,44.00,24.00,LOW,,,,,2026-01-24,2027-01-24,365,false,2022-06-07 07:05:54.000,2026-06-24 16:17:32.000
17000,2000,30.00,5.00,3.00,30.00,5.00,25.00,LOW,,,,,2026-01-24,2027-02-24,365,false,2021-02-19 06:26:44.000,2026-06-24 16:17:32.000
17001,2001,31.00,6.00,5.00,31.00,6.00,26.00,LOW,,,,,2026-06-24,2027-03-24,365,false,2014-06-21 17:06:17.000,2026-06-24 16:17:32.000
17005,2005,35.00,10.00,4.00,35.00,10.00,30.00,LOW,,,,,2026-01-24,2027-04-24,365,false,2016-04-25 00:15:54.000,2026-06-24 16:17:32.000
17006,2006,36.00,11.00,5.00,36.00,11.00,31.00,LOW,,,,,2026-02-24,2027-02-24,365,false,2019-09-12 06:14:10.000,2026-06-24 16:17:32.000
17007,2007,37.00,12.00,5.00,37.00,12.00,32.00,LOW,,,,,2026-05-24,2027-05-24,365,false,2001-11-14 08:19:46.000,2026-06-24 16:17:32.000
17008,2008,38.00,13.00,5.00,38.00,13.00,33.00,LOW,,,,,2026-01-24,2027-01-24,365,false,2024-10-16 23:47:09.000,2026-06-24 16:17:32.000
17009,2009,39.00,14.00,2.00,39.00,14.00,34.00,LOW,,,,,2026-01-24,2027-01-24,365,false,2021-04-28 11:55:17.000,2026-06-24 16:17:32.000
17010,2010,5.00,15.00,2.00,5.00,15.00,5.00,LOW,,,,,2026-05-24,2027-03-24,365,false,2024-09-24 16:07:01.000,2026-06-24 16:17:32.000
17011,2011,6.00,16.00,4.00,6.00,16.00,6.00,LOW,,,,,2026-06-24,2027-03-24,365,false,2019-11-04 12:35:14.000,2026-06-24 16:17:32.000
17014,2014,9.00,19.00,2.00,9.00,19.00,9.00,LOW,,,,,2026-02-24,2027-04-24,365,false,2019-06-14 07:03:50.000,2026-06-24 16:17:32.000
17015,2015,10.00,20.00,3.00,10.00,20.00,10.00,LOW,,,,,2026-04-24,2027-05-24,365,false,2025-11-06 06:29:24.000,2026-06-24 16:17:32.000
17016,2016,11.00,21.00,2.00,11.00,21.00,11.00,LOW,,,,,2026-01-24,2027-03-24,365,false,2024-04-21 15:01:43.000,2026-06-24 16:17:32.000
17018,2018,13.00,23.00,2.00,13.00,23.00,13.00,LOW,,,,,2026-01-24,2027-04-24,365,false,2019-06-07 08:08:24.000,2026-06-24 16:17:32.000
17019,2019,14.00,24.00,4.00,14.00,24.00,14.00,LOW,,,,,2026-01-24,2027-03-24,365,false,2024-02-08 00:07:26.000,2026-06-24 16:17:32.000
17020,2020,15.00,25.00,4.00,15.00,25.00,15.00,LOW,,,,,2026-05-24,2026-12-24,365,false,2009-12-13 22:47:09.000,2026-06-24 16:17:32.000
17022,2022,17.00,27.00,5.00,17.00,27.00,17.00,LOW,,,,,2026-01-24,2026-12-24,365,false,2017-11-01 05:01:20.000,2026-06-24 16:17:32.000
17025,2025,20.00,30.00,4.00,20.00,30.00,20.00,LOW,,,,,2026-05-24,2027-03-24,365,false,2015-02-21 09:03:50.000,2026-06-24 16:17:32.000
17026,2026,21.00,31.00,5.00,21.00,31.00,21.00,LOW,,,,,2026-05-24,2027-02-24,365,false,2025-11-11 22:21:19.000,2026-06-24 16:17:32.000
17029,2029,24.00,34.00,2.00,24.00,34.00,24.00,LOW,,,,,2026-02-24,2027-04-24,365,false,2019-01-04 20:11:18.000,2026-06-24 16:17:32.000
17030,2030,25.00,35.00,2.00,25.00,35.00,25.00,LOW,,,,,2026-02-24,2027-04-24,365,false,2023-09-12 19:43:15.000,2026-06-24 16:17:32.000
17033,2033,28.00,38.00,3.00,28.00,38.00,28.00,LOW,,,,,2026-03-24,2027-01-24,365,false,2020-12-11 06:27:25.000,2026-06-24 16:17:32.000
17034,2034,29.00,39.00,5.00,29.00,39.00,29.00,LOW,,,,,2026-03-24,2027-04-24,365,false,2005-10-20 01:24:55.000,2026-06-24 16:17:32.000
17035,2035,30.00,40.00,2.00,30.00,40.00,30.00,LOW,,,,,2026-01-24,2027-02-24,365,false,2013-07-08 14:29:20.000,2026-06-24 16:17:32.000
17036,2036,31.00,41.00,5.00,31.00,41.00,31.00,LOW,,,,,2026-06-24,2027-04-24,365,false,2017-12-13 23:51:55.000,2026-06-24 16:17:32.000
17038,2038,33.00,43.00,3.00,33.00,43.00,33.00,LOW,,,,,2026-04-24,2027-01-24,365,false,2015-07-05 18:44:08.000,2026-06-24 16:17:32.000
17040,2040,35.00,5.00,4.00,35.00,5.00,5.00,LOW,,,,,2026-01-24,2027-05-24,365,false,2022-03-18 04:49:30.000,2026-06-24 16:17:32.000
17041,2041,36.00,6.00,5.00,36.00,6.00,6.00,LOW,,,,,2026-02-24,2027-04-24,365,false,2026-02-21 06:53:49.000,2026-06-24 16:17:32.000
17042,2042,37.00,7.00,3.00,37.00,7.00,7.00,LOW,,,,,2026-04-24,2027-04-24,365,false,2007-04-10 10:57:59.000,2026-06-24 16:17:32.000
17043,2043,38.00,8.00,4.00,38.00,8.00,8.00,LOW,,,,,2026-01-24,2027-04-24,365,false,2006-04-23 12:35:35.000,2026-06-24 16:17:32.000
17044,2044,39.00,9.00,4.00,39.00,9.00,9.00,LOW,,,,,2026-04-24,2027-03-24,365,false,2019-05-26 05:11:19.000,2026-06-24 16:17:32.000
17045,2045,5.00,10.00,2.00,5.00,10.00,10.00,LOW,,,,,2026-02-24,2027-02-24,365,false,2024-09-20 01:57:48.000,2026-06-24 16:17:32.000
17047,2047,7.00,12.00,2.00,7.00,12.00,12.00,LOW,,,,,2026-01-24,2027-05-24,365,false,2024-10-29 16:55:01.000,2026-06-24 16:17:32.000
17048,2048,8.00,13.00,4.00,8.00,13.00,13.00,LOW,,,,,2026-06-24,2027-03-24,365,false,2023-10-21 14:33:42.000,2026-06-24 16:17:32.000
17050,2050,10.00,15.00,2.00,10.00,15.00,15.00,LOW,,,,,2026-05-24,2027-03-24,365,false,2026-06-29 07:50:32.000,2026-06-24 16:17:32.000
17051,2051,11.00,16.00,3.00,11.00,16.00,16.00,LOW,,,,,2026-03-24,2027-04-24,365,false,2024-03-16 16:02:17.000,2026-06-24 16:17:32.000
17052,2052,12.00,17.00,2.00,12.00,17.00,17.00,LOW,,,,,2026-05-24,2027-02-24,365,false,2023-12-10 19:39:18.000,2026-06-24 16:17:32.000
17053,2053,13.00,18.00,2.00,13.00,18.00,18.00,LOW,,,,,2026-06-24,2027-03-24,365,false,2018-08-05 13:58:11.000,2026-06-24 16:17:32.000
17055,2055,15.00,20.00,5.00,15.00,20.00,20.00,LOW,,,,,2026-02-24,2027-01-24,365,false,2026-03-08 04:48:53.000,2026-06-24 16:17:32.000
17056,2056,16.00,21.00,5.00,16.00,21.00,21.00,LOW,,,,,2026-06-24,2027-02-24,365,false,2007-02-26 06:59:28.000,2026-06-24 16:17:32.000
17057,2057,17.00,22.00,5.00,17.00,22.00,22.00,LOW,,,,,2026-06-24,2027-04-24,365,false,2012-11-19 06:31:16.000,2026-06-24 16:17:32.000
17058,2058,18.00,23.00,4.00,18.00,23.00,23.00,LOW,,,,,2026-05-24,2027-01-24,365,false,2016-11-13 11:27:36.000,2026-06-24 16:17:32.000
17061,2061,21.00,26.00,3.00,21.00,26.00,26.00,LOW,,,,,2026-02-24,2027-03-24,365,false,2024-08-31 18:19:07.000,2026-06-24 16:17:32.000
17062,2062,22.00,27.00,5.00,22.00,27.00,27.00,LOW,,,,,2026-03-24,2027-03-24,365,false,1996-12-20 02:02:07.000,2026-06-24 16:17:32.000
17066,2066,26.00,31.00,4.00,26.00,31.00,31.00,LOW,,,,,2026-06-24,2027-02-24,365,false,2015-09-24 18:36:19.000,2026-06-24 16:17:32.000
17068,2068,28.00,33.00,3.00,28.00,33.00,33.00,LOW,,,,,2026-06-24,2026-12-24,365,false,2026-02-23 03:02:54.000,2026-06-24 16:17:32.000
17069,2069,29.00,34.00,5.00,29.00,34.00,34.00,LOW,,,,,2026-05-24,2027-03-24,365,false,2011-07-19 18:40:19.000,2026-06-24 16:17:32.000
17072,2072,32.00,37.00,2.00,32.00,37.00,7.00,LOW,,,,,2026-05-24,2027-04-24,365,false,1996-12-23 14:44:09.000,2026-06-24 16:17:32.000
17073,2073,33.00,38.00,4.00,33.00,38.00,8.00,LOW,,,,,2026-01-24,2027-01-24,365,false,2025-12-29 21:43:45.000,2026-06-24 16:17:32.000
17074,2074,34.00,39.00,5.00,34.00,39.00,9.00,LOW,,,,,2026-02-24,2027-05-24,365,false,2016-09-18 11:22:01.000,2026-06-24 16:17:32.000
17075,2075,35.00,40.00,2.00,35.00,40.00,10.00,LOW,,,,,2026-06-24,2027-03-24,365,false,2007-10-14 03:16:06.000,2026-06-24 16:17:32.000
17077,2077,37.00,42.00,4.00,37.00,42.00,12.00,LOW,,,,,2026-04-24,2027-01-24,365,false,2019-11-02 11:07:41.000,2026-06-24 16:17:32.000
17078,2078,38.00,43.00,4.00,38.00,43.00,13.00,LOW,,,,,2026-06-24,2027-05-24,365,false,2022-04-18 18:51:27.000,2026-06-24 16:17:32.000
17079,2079,39.00,44.00,2.00,39.00,44.00,14.00,LOW,,,,,2026-03-24,2027-05-24,365,false,2018-04-16 04:07:16.000,2026-06-24 16:17:32.000
17082,2082,7.00,7.00,3.00,7.00,7.00,17.00,LOW,,,,,2026-06-24,2027-02-24,365,false,2014-02-14 02:20:53.000,2026-06-24 16:17:32.000
17083,2083,8.00,8.00,4.00,8.00,8.00,18.00,LOW,,,,,2026-04-24,2027-05-24,365,false,2008-11-06 11:31:14.000,2026-06-24 16:17:32.000
17085,2085,10.00,10.00,2.00,10.00,10.00,20.00,LOW,,,,,2026-04-24,2027-05-24,365,false,1999-01-17 06:07:56.000,2026-06-24 16:17:32.000
17086,2086,11.00,11.00,2.00,11.00,11.00,21.00,LOW,,,,,2026-03-24,2027-02-24,365,false,2019-09-20 11:19:17.000,2026-06-24 16:17:32.000
17088,2088,13.00,13.00,3.00,13.00,13.00,23.00,LOW,,,,,2026-05-24,2027-04-24,365,false,2004-01-23 23:36:27.000,2026-06-24 16:17:32.000
17089,2089,14.00,14.00,5.00,14.00,14.00,24.00,LOW,,,,,2026-03-24,2026-12-24,365,false,2023-08-23 08:04:29.000,2026-06-24 16:17:32.000
17090,2090,15.00,15.00,3.00,15.00,15.00,25.00,LOW,,,,,2026-02-24,2027-03-24,365,false,2025-06-04 00:34:54.000,2026-06-24 16:17:32.000
17092,2092,17.00,17.00,4.00,17.00,17.00,27.00,LOW,,,,,2026-04-24,2027-04-24,365,false,2012-06-27 18:36:46.000,2026-06-24 16:17:32.000
17095,2095,20.00,20.00,4.00,20.00,20.00,30.00,LOW,,,,,2026-05-24,2027-05-24,365,false,2024-09-26 08:55:48.000,2026-06-24 16:17:32.000
17096,2096,21.00,21.00,5.00,21.00,21.00,31.00,LOW,,,,,2026-05-24,2027-04-24,365,false,2025-11-03 17:47:59.000,2026-06-24 16:17:32.000
17097,2097,22.00,22.00,4.00,22.00,22.00,32.00,LOW,,,,,2026-06-24,2027-03-24,365,false,1999-05-02 08:14:16.000,2026-06-24 16:17:32.000
17100,2100,25.00,25.00,2.00,25.00,25.00,5.00,LOW,,,,,2026-06-24,2027-05-24,365,false,2025-09-09 10:51:35.000,2026-06-24 16:17:32.000
17104,2104,29.00,29.00,2.00,29.00,29.00,9.00,LOW,,,,,2026-03-24,2027-03-24,365,false,2024-05-09 12:53:10.000,2026-06-24 16:17:32.000
17105,2105,30.00,30.00,5.00,30.00,30.00,10.00,LOW,,,,,2026-01-24,2026-12-24,365,false,2026-06-28 06:04:49.000,2026-06-24 16:17:32.000
17106,2106,31.00,31.00,2.00,31.00,31.00,11.00,LOW,,,,,2026-03-24,2027-03-24,365,false,2016-05-28 23:25:52.000,2026-06-24 16:17:32.000
17107,2107,32.00,32.00,5.00,32.00,32.00,12.00,LOW,,,,,2026-03-24,2027-03-24,365,false,2011-10-17 07:45:35.000,2026-06-24 16:17:32.000
17108,2108,33.00,33.00,3.00,33.00,33.00,13.00,LOW,,,,,2026-02-24,2027-02-24,365,false,2023-01-07 17:17:50.000,2026-06-24 16:17:32.000
17111,2111,36.00,36.00,4.00,36.00,36.00,16.00,LOW,,,,,2026-01-24,2027-05-24,365,false,2017-04-28 23:30:22.000,2026-06-24 16:17:32.000
17112,2112,37.00,37.00,5.00,37.00,37.00,17.00,LOW,,,,,2026-05-24,2027-03-24,365,false,2021-10-14 00:05:42.000,2026-06-24 16:17:32.000
17113,2113,38.00,38.00,4.00,38.00,38.00,18.00,LOW,,,,,2026-05-24,2027-05-24,365,false,2023-12-27 09:39:12.000,2026-06-24 16:17:32.000
17115,2115,5.00,40.00,4.00,5.00,40.00,20.00,LOW,,,,,2026-05-24,2027-01-24,365,false,2018-04-29 22:15:50.000,2026-06-24 16:17:32.000
17116,2116,6.00,41.00,3.00,6.00,41.00,21.00,LOW,,,,,2026-03-24,2027-02-24,365,false,2014-10-20 19:33:52.000,2026-06-24 16:17:32.000
17117,2117,7.00,42.00,5.00,7.00,42.00,22.00,LOW,,,,,2026-05-24,2027-03-24,365,false,2002-03-07 18:37:46.000,2026-06-24 16:17:32.000
17118,2118,8.00,43.00,5.00,8.00,43.00,23.00,LOW,,,,,2026-02-24,2027-01-24,365,false,2008-12-20 05:47:14.000,2026-06-24 16:17:32.000
17119,2119,9.00,44.00,5.00,9.00,44.00,24.00,LOW,,,,,2026-04-24,2027-03-24,365,false,2004-02-29 12:55:19.000,2026-06-24 16:17:32.000
17120,2120,10.00,5.00,2.00,10.00,5.00,25.00,LOW,,,,,2026-02-24,2026-12-24,365,false,2016-09-18 18:11:31.000,2026-06-24 16:17:32.000
17122,2122,12.00,7.00,3.00,12.00,7.00,27.00,LOW,,,,,2026-04-24,2027-05-24,365,false,2016-10-22 10:42:38.000,2026-06-24 16:17:32.000
17123,2123,13.00,8.00,3.00,13.00,8.00,28.00,LOW,,,,,2026-06-24,2026-12-24,365,false,2024-03-23 13:03:01.000,2026-06-24 16:17:32.000
17124,2124,14.00,9.00,5.00,14.00,9.00,29.00,LOW,,,,,2026-03-24,2027-05-24,365,false,2020-05-10 12:06:43.000,2026-06-24 16:17:32.000
17125,2125,15.00,10.00,3.00,15.00,10.00,30.00,LOW,,,,,2026-04-24,2027-04-24,365,false,2004-05-30 14:26:56.000,2026-06-24 16:17:32.000
17126,2126,16.00,11.00,3.00,16.00,11.00,31.00,LOW,,,,,2026-03-24,2027-03-24,365,false,2025-04-05 17:39:29.000,2026-06-24 16:17:32.000
17128,2128,18.00,13.00,3.00,18.00,13.00,33.00,LOW,,,,,2026-04-24,2026-12-24,365,false,2004-04-15 16:22:52.000,2026-06-24 16:17:32.000
17129,2129,19.00,14.00,5.00,19.00,14.00,34.00,LOW,,,,,2026-03-24,2026-12-24,365,false,2022-10-10 06:56:46.000,2026-06-24 16:17:32.000
17130,2130,20.00,15.00,2.00,20.00,15.00,5.00,LOW,,,,,2026-06-24,2027-03-24,365,false,2013-10-17 03:59:40.000,2026-06-24 16:17:32.000
17131,2131,21.00,16.00,4.00,21.00,16.00,6.00,LOW,,,,,2026-05-24,2026-12-24,365,false,2022-06-23 04:06:09.000,2026-06-24 16:17:32.000
17132,2132,22.00,17.00,4.00,22.00,17.00,7.00,LOW,,,,,2026-04-24,2027-01-24,365,false,2017-09-03 20:32:53.000,2026-06-24 16:17:32.000
17133,2133,23.00,18.00,3.00,23.00,18.00,8.00,LOW,,,,,2026-06-24,2027-02-24,365,false,2007-05-10 21:11:29.000,2026-06-24 16:17:32.000
17136,2136,26.00,21.00,4.00,26.00,21.00,11.00,LOW,,,,,2026-02-24,2027-01-24,365,false,2019-02-26 05:37:17.000,2026-06-24 16:17:32.000
17137,2137,27.00,22.00,5.00,27.00,22.00,12.00,LOW,,,,,2026-03-24,2026-12-24,365,false,2022-04-10 20:47:55.000,2026-06-24 16:17:32.000
17138,2138,28.00,23.00,2.00,28.00,23.00,13.00,LOW,,,,,2026-04-24,2027-04-24,365,false,2024-11-05 18:28:15.000,2026-06-24 16:17:32.000
17140,2140,30.00,25.00,5.00,30.00,25.00,15.00,LOW,,,,,2026-03-24,2027-04-24,365,false,2003-07-08 09:40:07.000,2026-06-24 16:17:32.000
17141,2141,31.00,26.00,5.00,31.00,26.00,16.00,LOW,,,,,2026-05-24,2027-01-24,365,false,2024-08-24 20:23:06.000,2026-06-24 16:17:32.000
17143,2143,33.00,28.00,3.00,33.00,28.00,18.00,LOW,,,,,2026-01-24,2026-12-24,365,false,2014-10-12 23:27:40.000,2026-06-24 16:17:32.000
17145,2145,35.00,30.00,2.00,35.00,30.00,20.00,LOW,,,,,2026-01-24,2026-12-24,365,false,2021-08-03 03:55:07.000,2026-06-24 16:17:32.000
17146,2146,36.00,31.00,3.00,36.00,31.00,21.00,LOW,,,,,2026-02-24,2027-03-24,365,false,2019-03-04 12:54:49.000,2026-06-24 16:17:32.000
17148,2148,38.00,33.00,2.00,38.00,33.00,23.00,LOW,,,,,2026-01-24,2026-12-24,365,false,2025-10-15 17:09:54.000,2026-06-24 16:17:32.000
17151,2151,6.00,36.00,2.00,6.00,36.00,26.00,LOW,,,,,2026-04-24,2026-12-24,365,false,2024-07-08 13:40:39.000,2026-06-24 16:17:32.000
17153,2153,8.00,38.00,2.00,8.00,38.00,28.00,LOW,,,,,2026-03-24,2027-01-24,365,false,2015-09-29 00:44:13.000,2026-06-24 16:17:32.000
17154,2154,9.00,39.00,3.00,9.00,39.00,29.00,LOW,,,,,2026-05-24,2027-02-24,365,false,2000-02-28 00:18:37.000,2026-06-24 16:17:32.000
17155,2155,10.00,40.00,5.00,10.00,40.00,30.00,LOW,,,,,2026-03-24,2027-04-24,365,false,2023-07-01 11:09:05.000,2026-06-24 16:17:32.000
17157,2157,12.00,42.00,5.00,12.00,42.00,32.00,LOW,,,,,2026-02-24,2027-04-24,365,false,2016-06-19 16:51:54.000,2026-06-24 16:17:32.000
17158,2158,13.00,43.00,3.00,13.00,43.00,33.00,LOW,,,,,2026-04-24,2027-03-24,365,false,2012-10-27 19:23:47.000,2026-06-24 16:17:32.000
17159,2159,14.00,44.00,5.00,14.00,44.00,34.00,LOW,,,,,2026-04-24,2027-05-24,365,false,2016-07-04 04:30:22.000,2026-06-24 16:17:32.000
17161,2161,16.00,6.00,3.00,16.00,6.00,6.00,LOW,,,,,2026-01-24,2027-02-24,365,false,2022-11-22 18:48:44.000,2026-06-24 16:17:32.000
17162,2162,17.00,7.00,3.00,17.00,7.00,7.00,LOW,,,,,2026-02-24,2026-12-24,365,false,2000-09-21 12:56:02.000,2026-06-24 16:17:32.000
17163,2163,18.00,8.00,3.00,18.00,8.00,8.00,LOW,,,,,2026-01-24,2027-03-24,365,false,2019-08-15 01:37:39.000,2026-06-24 16:17:32.000
17164,2164,19.00,9.00,5.00,19.00,9.00,9.00,LOW,,,,,2026-04-24,2027-01-24,365,false,2025-04-20 06:10:18.000,2026-06-24 16:17:32.000
17165,2165,20.00,10.00,2.00,20.00,10.00,10.00,LOW,,,,,2026-02-24,2027-01-24,365,false,2025-11-14 20:18:40.000,2026-06-24 16:17:32.000
17166,2166,21.00,11.00,3.00,21.00,11.00,11.00,LOW,,,,,2026-01-24,2027-02-24,365,false,2024-09-08 13:00:10.000,2026-06-24 16:17:32.000
17168,2168,23.00,13.00,5.00,23.00,13.00,13.00,LOW,,,,,2026-04-24,2026-12-24,365,false,2018-06-02 14:21:15.000,2026-06-24 16:17:32.000
17170,2170,25.00,15.00,3.00,25.00,15.00,15.00,LOW,,,,,2026-02-24,2027-01-24,365,false,2017-02-28 05:34:36.000,2026-06-24 16:17:32.000
17171,2171,26.00,16.00,5.00,26.00,16.00,16.00,LOW,,,,,2026-03-24,2027-05-24,365,false,2024-10-19 17:14:35.000,2026-06-24 16:17:32.000
17172,2172,27.00,17.00,3.00,27.00,17.00,17.00,LOW,,,,,2026-01-24,2027-02-24,365,false,2018-04-01 07:24:56.000,2026-06-24 16:17:32.000
17173,2173,28.00,18.00,4.00,28.00,18.00,18.00,LOW,,,,,2026-01-24,2027-03-24,365,false,2020-02-22 22:45:58.000,2026-06-24 16:17:32.000
17174,2174,29.00,19.00,3.00,29.00,19.00,19.00,LOW,,,,,2026-02-24,2027-02-24,365,false,2022-02-28 17:17:20.000,2026-06-24 16:17:32.000
17175,2175,30.00,20.00,4.00,30.00,20.00,20.00,LOW,,,,,2026-04-24,2027-01-24,365,false,2022-11-14 06:33:16.000,2026-06-24 16:17:32.000
17176,2176,31.00,21.00,2.00,31.00,21.00,21.00,LOW,,,,,2026-03-24,2027-02-24,365,false,2018-03-28 06:36:46.000,2026-06-24 16:17:32.000
17177,2177,32.00,22.00,5.00,32.00,22.00,22.00,LOW,,,,,2026-02-24,2027-05-24,365,false,2026-03-17 23:02:23.000,2026-06-24 16:17:32.000
17178,2178,33.00,23.00,2.00,33.00,23.00,23.00,LOW,,,,,2026-06-24,2027-05-24,365,false,2024-02-23 07:51:12.000,2026-06-24 16:17:32.000
17179,2179,34.00,24.00,5.00,34.00,24.00,24.00,LOW,,,,,2026-05-24,2026-12-24,365,false,2016-10-22 20:03:19.000,2026-06-24 16:17:32.000
17185,2185,5.00,30.00,4.00,5.00,30.00,30.00,LOW,,,,,2026-06-24,2027-02-24,365,false,2021-07-25 01:42:45.000,2026-06-24 16:17:32.000
17186,2186,6.00,31.00,4.00,6.00,31.00,31.00,LOW,,,,,2026-02-24,2027-05-24,365,false,2025-12-28 16:35:56.000,2026-06-24 16:17:32.000
17187,2187,7.00,32.00,5.00,7.00,32.00,32.00,LOW,,,,,2026-05-24,2027-03-24,365,false,2017-12-08 01:14:22.000,2026-06-24 16:17:32.000
17188,2188,8.00,33.00,2.00,8.00,33.00,33.00,LOW,,,,,2026-03-24,2026-12-24,365,false,2012-06-17 09:15:45.000,2026-06-24 16:17:32.000
17189,2189,9.00,34.00,4.00,9.00,34.00,34.00,LOW,,,,,2026-03-24,2027-04-24,365,false,2022-01-04 12:27:35.000,2026-06-24 16:17:32.000
17190,2190,10.00,35.00,4.00,10.00,35.00,5.00,LOW,,,,,2026-06-24,2027-04-24,365,false,2012-03-07 21:01:17.000,2026-06-24 16:17:32.000
17193,2193,13.00,38.00,2.00,13.00,38.00,8.00,LOW,,,,,2026-05-24,2027-03-24,365,false,2006-05-24 18:10:12.000,2026-06-24 16:17:32.000
17194,2194,14.00,39.00,5.00,14.00,39.00,9.00,LOW,,,,,2026-04-24,2027-05-24,365,false,2001-07-31 01:23:12.000,2026-06-24 16:17:32.000
17195,2195,15.00,40.00,2.00,15.00,40.00,10.00,LOW,,,,,2026-05-24,2027-04-24,365,false,2015-02-01 06:31:16.000,2026-06-24 16:17:32.000
17196,2196,16.00,41.00,2.00,16.00,41.00,11.00,LOW,,,,,2026-05-24,2027-05-24,365,false,2023-06-12 06:01:14.000,2026-06-24 16:17:32.000
17197,2197,17.00,42.00,2.00,17.00,42.00,12.00,LOW,,,,,2026-05-24,2027-05-24,365,false,2000-04-25 23:58:56.000,2026-06-24 16:17:32.000
17198,2198,18.00,43.00,5.00,18.00,43.00,13.00,LOW,,,,,2026-06-24,2027-04-24,365,false,2023-07-06 23:05:16.000,2026-06-24 16:17:32.000
17200,2200,20.00,5.00,5.00,20.00,5.00,15.00,LOW,,,,,2026-05-24,2027-04-24,365,false,2022-12-17 13:30:14.000,2026-06-24 16:17:32.000
17202,2202,22.00,7.00,4.00,22.00,7.00,17.00,LOW,,,,,2026-04-24,2027-04-24,365,false,2015-09-06 23:09:29.000,2026-06-24 16:17:32.000
17203,2203,23.00,8.00,2.00,23.00,8.00,18.00,LOW,,,,,2026-01-24,2027-04-24,365,false,2022-05-03 20:23:23.000,2026-06-24 16:17:32.000
17205,2205,25.00,10.00,3.00,25.00,10.00,20.00,LOW,,,,,2026-04-24,2027-02-24,365,false,2026-04-09 03:39:52.000,2026-06-24 16:17:32.000
17206,2206,26.00,11.00,5.00,26.00,11.00,21.00,LOW,,,,,2026-04-24,2027-03-24,365,false,2022-06-22 02:54:26.000,2026-06-24 16:17:32.000
17207,2207,27.00,12.00,5.00,27.00,12.00,22.00,LOW,,,,,2026-05-24,2027-04-24,365,false,2012-09-19 13:20:38.000,2026-06-24 16:17:32.000
17211,2211,31.00,16.00,4.00,31.00,16.00,26.00,LOW,,,,,2026-04-24,2027-04-24,365,false,2026-05-21 08:36:06.000,2026-06-24 16:17:32.000
17212,2212,32.00,17.00,4.00,32.00,17.00,27.00,LOW,,,,,2026-06-24,2026-12-24,365,false,2023-03-18 05:49:41.000,2026-06-24 16:17:32.000
17213,2213,33.00,18.00,5.00,33.00,18.00,28.00,LOW,,,,,2026-02-24,2027-01-24,365,false,2008-05-24 04:28:58.000,2026-06-24 16:17:32.000
17214,2214,34.00,19.00,4.00,34.00,19.00,29.00,LOW,,,,,2026-03-24,2027-05-24,365,false,2019-02-23 07:39:41.000,2026-06-24 16:17:32.000
17215,2215,35.00,20.00,5.00,35.00,20.00,30.00,LOW,,,,,2026-02-24,2026-12-24,365,false,2020-05-04 09:05:49.000,2026-06-24 16:17:32.000
17216,2216,36.00,21.00,3.00,36.00,21.00,31.00,LOW,,,,,2026-03-24,2027-01-24,365,false,2024-06-22 03:05:16.000,2026-06-24 16:17:32.000
17217,2217,37.00,22.00,2.00,37.00,22.00,32.00,LOW,,,,,2026-06-24,2027-03-24,365,false,2020-04-27 00:15:43.000,2026-06-24 16:17:32.000
17218,2218,38.00,23.00,3.00,38.00,23.00,33.00,LOW,,,,,2026-05-24,2027-01-24,365,false,2008-11-19 00:57:22.000,2026-06-24 16:17:32.000
17221,2221,6.00,26.00,3.00,6.00,26.00,6.00,LOW,,,,,2026-05-24,2027-03-24,365,false,2022-05-11 12:37:26.000,2026-06-24 16:17:32.000
17224,2224,9.00,29.00,5.00,9.00,29.00,9.00,LOW,,,,,2026-06-24,2027-02-24,365,false,1999-12-18 02:56:38.000,2026-06-24 16:17:32.000
17225,2225,10.00,30.00,4.00,10.00,30.00,10.00,LOW,,,,,2026-01-24,2027-01-24,365,false,2025-07-03 03:19:33.000,2026-06-24 16:17:32.000
17226,2226,11.00,31.00,3.00,11.00,31.00,11.00,LOW,,,,,2026-02-24,2027-04-24,365,false,2016-07-14 08:12:20.000,2026-06-24 16:17:32.000
17228,2228,13.00,33.00,5.00,13.00,33.00,13.00,LOW,,,,,2026-06-24,2027-03-24,365,false,2008-01-10 05:48:56.000,2026-06-24 16:17:32.000
17230,2230,15.00,35.00,4.00,15.00,35.00,15.00,LOW,,,,,2026-06-24,2027-03-24,365,false,2025-07-16 10:25:12.000,2026-06-24 16:17:32.000
17231,2231,16.00,36.00,2.00,16.00,36.00,16.00,LOW,,,,,2026-03-24,2027-05-24,365,false,2015-04-18 17:19:32.000,2026-06-24 16:17:32.000
17234,2234,19.00,39.00,2.00,19.00,39.00,19.00,LOW,,,,,2026-02-24,2027-02-24,365,false,2011-09-10 03:03:10.000,2026-06-24 16:17:32.000
17235,2235,20.00,40.00,3.00,20.00,40.00,20.00,LOW,,,,,2026-03-24,2027-03-24,365,false,2014-09-12 05:22:52.000,2026-06-24 16:17:32.000
17236,2236,21.00,41.00,4.00,21.00,41.00,21.00,LOW,,,,,2026-04-24,2027-01-24,365,false,2020-12-12 18:57:29.000,2026-06-24 16:17:32.000
17238,2238,23.00,43.00,2.00,23.00,43.00,23.00,LOW,,,,,2026-04-24,2027-05-24,365,false,2013-05-30 10:43:55.000,2026-06-24 16:17:32.000
17241,2241,26.00,6.00,3.00,26.00,6.00,26.00,LOW,,,,,2026-01-24,2027-01-24,365,false,2019-08-22 02:19:20.000,2026-06-24 16:17:32.000
17243,2243,28.00,8.00,3.00,28.00,8.00,28.00,LOW,,,,,2026-01-24,2027-04-24,365,false,2024-10-15 16:34:14.000,2026-06-24 16:17:32.000
17244,2244,29.00,9.00,2.00,29.00,9.00,29.00,LOW,,,,,2026-03-24,2027-05-24,365,false,2020-10-16 23:20:03.000,2026-06-24 16:17:32.000
17245,2245,30.00,10.00,2.00,30.00,10.00,30.00,LOW,,,,,2026-06-24,2027-04-24,365,false,2025-12-01 01:39:25.000,2026-06-24 16:17:32.000
17246,2246,31.00,11.00,3.00,31.00,11.00,31.00,LOW,,,,,2026-04-24,2027-05-24,365,false,2023-08-30 12:56:55.000,2026-06-24 16:17:32.000
17247,2247,32.00,12.00,3.00,32.00,12.00,32.00,LOW,,,,,2026-02-24,2027-01-24,365,false,2026-05-27 16:22:28.000,2026-06-24 16:17:32.000
17248,2248,33.00,13.00,3.00,33.00,13.00,33.00,LOW,,,,,2026-06-24,2027-03-24,365,false,2014-04-25 08:11:55.000,2026-06-24 16:17:32.000
17252,2252,37.00,17.00,5.00,37.00,17.00,7.00,LOW,,,,,2026-04-24,2027-04-24,365,false,2002-02-16 18:56:51.000,2026-06-24 16:17:32.000
17256,2256,6.00,21.00,3.00,6.00,21.00,11.00,LOW,,,,,2026-05-24,2027-01-24,365,false,2025-01-31 06:45:57.000,2026-06-24 16:17:32.000
17257,2257,7.00,22.00,5.00,7.00,22.00,12.00,LOW,,,,,2026-03-24,2027-01-24,365,false,2012-12-07 21:08:56.000,2026-06-24 16:17:32.000
17258,2258,8.00,23.00,2.00,8.00,23.00,13.00,LOW,,,,,2026-04-24,2026-12-24,365,false,2025-05-03 15:17:49.000,2026-06-24 16:17:32.000
17260,2260,10.00,25.00,2.00,10.00,25.00,15.00,LOW,,,,,2026-06-24,2026-12-24,365,false,2019-11-08 22:46:15.000,2026-06-24 16:17:32.000
17261,2261,11.00,26.00,3.00,11.00,26.00,16.00,LOW,,,,,2026-01-24,2027-04-24,365,false,2017-01-17 23:31:50.000,2026-06-24 16:17:32.000
17262,2262,12.00,27.00,2.00,12.00,27.00,17.00,LOW,,,,,2026-01-24,2027-05-24,365,false,2026-02-12 04:39:34.000,2026-06-24 16:17:32.000
17263,2263,13.00,28.00,2.00,13.00,28.00,18.00,LOW,,,,,2026-06-24,2027-02-24,365,false,2018-10-17 04:11:00.000,2026-06-24 16:17:32.000
17264,2264,14.00,29.00,3.00,14.00,29.00,19.00,LOW,,,,,2026-03-24,2027-03-24,365,false,2014-10-24 19:19:31.000,2026-06-24 16:17:32.000
17265,2265,15.00,30.00,2.00,15.00,30.00,20.00,LOW,,,,,2026-06-24,2026-12-24,365,false,2024-01-24 23:49:49.000,2026-06-24 16:17:32.000
17266,2266,16.00,31.00,4.00,16.00,31.00,21.00,LOW,,,,,2026-05-24,2026-12-24,365,false,2020-03-24 08:48:17.000,2026-06-24 16:17:32.000
17267,2267,17.00,32.00,2.00,17.00,32.00,22.00,LOW,,,,,2026-06-24,2027-01-24,365,false,2023-11-28 18:00:29.000,2026-06-24 16:17:32.000
17268,2268,18.00,33.00,3.00,18.00,33.00,23.00,LOW,,,,,2026-01-24,2027-05-24,365,false,2024-01-24 15:44:57.000,2026-06-24 16:17:32.000
17270,2270,20.00,35.00,3.00,20.00,35.00,25.00,LOW,,,,,2026-04-24,2027-05-24,365,false,2022-03-20 04:41:46.000,2026-06-24 16:17:32.000
17272,2272,22.00,37.00,2.00,22.00,37.00,27.00,LOW,,,,,2026-03-24,2027-04-24,365,false,2000-04-01 06:05:02.000,2026-06-24 16:17:32.000
17273,2273,23.00,38.00,2.00,23.00,38.00,28.00,LOW,,,,,2026-04-24,2027-01-24,365,false,2021-02-14 23:25:01.000,2026-06-24 16:17:32.000
17278,2278,28.00,43.00,5.00,28.00,43.00,33.00,LOW,,,,,2026-02-24,2027-01-24,365,false,2011-11-24 07:52:33.000,2026-06-24 16:17:32.000
17279,2279,29.00,44.00,2.00,29.00,44.00,34.00,LOW,,,,,2026-03-24,2027-05-24,365,false,2013-11-04 10:56:50.000,2026-06-24 16:17:32.000
17280,2280,30.00,5.00,3.00,30.00,5.00,5.00,LOW,,,,,2026-01-24,2027-01-24,365,false,2012-07-06 09:02:24.000,2026-06-24 16:17:32.000
17281,2281,31.00,6.00,5.00,31.00,6.00,6.00,LOW,,,,,2026-06-24,2027-01-24,365,false,2002-12-23 23:36:43.000,2026-06-24 16:17:32.000
17282,2282,32.00,7.00,3.00,32.00,7.00,7.00,LOW,,,,,2026-06-24,2026-12-24,365,false,2012-10-02 05:30:25.000,2026-06-24 16:17:32.000
17283,2283,33.00,8.00,2.00,33.00,8.00,8.00,LOW,,,,,2026-03-24,2027-01-24,365,false,2025-09-24 23:23:01.000,2026-06-24 16:17:32.000
17284,2284,34.00,9.00,4.00,34.00,9.00,9.00,LOW,,,,,2026-06-24,2027-02-24,365,false,2023-10-27 03:11:02.000,2026-06-24 16:17:32.000
17285,2285,35.00,10.00,3.00,35.00,10.00,10.00,LOW,,,,,2026-04-24,2027-02-24,365,false,2011-02-06 20:32:47.000,2026-06-24 16:17:32.000
17286,2286,36.00,11.00,3.00,36.00,11.00,11.00,LOW,,,,,2026-03-24,2027-05-24,365,false,2017-01-19 18:31:45.000,2026-06-24 16:17:32.000
17287,2287,37.00,12.00,3.00,37.00,12.00,12.00,LOW,,,,,2026-03-24,2027-01-24,365,false,2010-05-22 11:38:41.000,2026-06-24 16:17:32.000
17289,2289,39.00,14.00,5.00,39.00,14.00,14.00,LOW,,,,,2026-03-24,2027-05-24,365,false,2023-10-19 06:19:30.000,2026-06-24 16:17:32.000
17290,2290,5.00,15.00,5.00,5.00,15.00,15.00,LOW,,,,,2026-06-24,2026-12-24,365,false,2019-08-09 21:46:00.000,2026-06-24 16:17:32.000
17291,2291,6.00,16.00,5.00,6.00,16.00,16.00,LOW,,,,,2026-02-24,2027-01-24,365,false,2012-03-15 20:19:02.000,2026-06-24 16:17:32.000
17292,2292,7.00,17.00,2.00,7.00,17.00,17.00,LOW,,,,,2026-06-24,2027-02-24,365,false,1998-11-03 17:32:54.000,2026-06-24 16:17:32.000
17293,2293,8.00,18.00,3.00,8.00,18.00,18.00,LOW,,,,,2026-02-24,2026-12-24,365,false,2006-10-14 08:34:54.000,2026-06-24 16:17:32.000
17294,2294,9.00,19.00,5.00,9.00,19.00,19.00,LOW,,,,,2026-01-24,2027-01-24,365,false,1992-12-31 17:47:00.000,2026-06-24 16:17:32.000
17295,2295,10.00,20.00,5.00,10.00,20.00,20.00,LOW,,,,,2026-03-24,2027-02-24,365,false,2009-07-23 15:36:31.000,2026-06-24 16:17:32.000
17297,2297,12.00,22.00,5.00,12.00,22.00,22.00,LOW,,,,,2026-05-24,2027-03-24,365,false,2021-10-20 19:36:59.000,2026-06-24 16:17:32.000
17300,2300,15.00,25.00,3.00,15.00,25.00,25.00,LOW,,,,,2026-03-24,2027-02-24,365,false,2023-07-07 10:55:05.000,2026-06-24 16:17:32.000
17301,2301,16.00,26.00,3.00,16.00,26.00,26.00,LOW,,,,,2026-02-24,2027-04-24,365,false,2025-02-28 20:04:06.000,2026-06-24 16:17:32.000
17303,2303,18.00,28.00,4.00,18.00,28.00,28.00,LOW,,,,,2026-04-24,2027-01-24,365,false,2024-07-23 16:41:28.000,2026-06-24 16:17:32.000
17304,2304,19.00,29.00,2.00,19.00,29.00,29.00,LOW,,,,,2026-01-24,2027-05-24,365,false,2016-04-05 17:58:24.000,2026-06-24 16:17:32.000
17305,2305,20.00,30.00,5.00,20.00,30.00,30.00,LOW,,,,,2026-05-24,2027-04-24,365,false,2015-01-04 01:52:23.000,2026-06-24 16:17:32.000
17307,2307,22.00,32.00,4.00,22.00,32.00,32.00,LOW,,,,,2026-06-24,2027-05-24,365,false,2024-01-25 14:22:11.000,2026-06-24 16:17:32.000
17310,2310,25.00,35.00,4.00,25.00,35.00,5.00,LOW,,,,,2026-06-24,2027-02-24,365,false,2024-11-17 04:50:18.000,2026-06-24 16:17:32.000
17311,2311,26.00,36.00,4.00,26.00,36.00,6.00,LOW,,,,,2026-02-24,2027-02-24,365,false,2008-12-08 08:48:28.000,2026-06-24 16:17:32.000
17313,2313,28.00,38.00,5.00,28.00,38.00,8.00,LOW,,,,,2026-01-24,2027-01-24,365,false,2023-01-18 11:22:58.000,2026-06-24 16:17:32.000
17314,2314,29.00,39.00,3.00,29.00,39.00,9.00,LOW,,,,,2026-05-24,2026-12-24,365,false,2020-07-01 19:50:51.000,2026-06-24 16:17:32.000
17315,2315,30.00,40.00,4.00,30.00,40.00,10.00,LOW,,,,,2026-04-24,2027-04-24,365,false,2017-06-17 21:34:41.000,2026-06-24 16:17:32.000
17318,2318,33.00,43.00,5.00,33.00,43.00,13.00,LOW,,,,,2026-04-24,2026-12-24,365,false,2021-02-25 19:07:54.000,2026-06-24 16:17:32.000
17320,2320,35.00,5.00,3.00,35.00,5.00,15.00,LOW,,,,,2026-02-24,2027-03-24,365,false,2024-03-26 18:20:19.000,2026-06-24 16:17:32.000
17321,2321,36.00,6.00,2.00,36.00,6.00,16.00,LOW,,,,,2026-03-24,2026-12-24,365,false,2019-09-07 06:48:28.000,2026-06-24 16:17:32.000
17322,2322,37.00,7.00,3.00,37.00,7.00,17.00,LOW,,,,,2026-06-24,2027-03-24,365,false,2025-04-01 12:09:59.000,2026-06-24 16:17:32.000
17323,2323,38.00,8.00,4.00,38.00,8.00,18.00,LOW,,,,,2026-01-24,2026-12-24,365,false,2010-06-18 11:50:16.000,2026-06-24 16:17:32.000
17324,2324,39.00,9.00,3.00,39.00,9.00,19.00,LOW,,,,,2026-04-24,2027-01-24,365,false,2012-09-11 02:32:19.000,2026-06-24 16:17:32.000
17327,2327,7.00,12.00,4.00,7.00,12.00,22.00,LOW,,,,,2026-05-24,2026-12-24,365,false,2009-11-18 09:01:03.000,2026-06-24 16:17:32.000
17332,2332,12.00,17.00,3.00,12.00,17.00,27.00,LOW,,,,,2026-06-24,2027-03-24,365,false,2015-02-13 04:12:45.000,2026-06-24 16:17:32.000
17334,2334,14.00,19.00,2.00,14.00,19.00,29.00,LOW,,,,,2026-06-24,2027-01-24,365,false,2022-07-19 15:59:04.000,2026-06-24 16:17:32.000
17335,2335,15.00,20.00,2.00,15.00,20.00,30.00,LOW,,,,,2026-05-24,2027-03-24,365,false,2024-04-08 16:31:50.000,2026-06-24 16:17:32.000
17337,2337,17.00,22.00,5.00,17.00,22.00,32.00,LOW,,,,,2026-06-24,2027-03-24,365,false,2021-05-11 21:08:25.000,2026-06-24 16:17:32.000
17338,2338,18.00,23.00,4.00,18.00,23.00,33.00,LOW,,,,,2026-02-24,2026-12-24,365,false,2022-06-26 06:16:49.000,2026-06-24 16:17:32.000
17339,2339,19.00,24.00,2.00,19.00,24.00,34.00,LOW,,,,,2026-01-24,2027-01-24,365,false,2018-04-09 09:38:54.000,2026-06-24 16:17:32.000
17340,2340,20.00,25.00,5.00,20.00,25.00,5.00,LOW,,,,,2026-03-24,2027-01-24,365,false,2001-12-19 17:12:31.000,2026-06-24 16:17:32.000
17341,2341,21.00,26.00,4.00,21.00,26.00,6.00,LOW,,,,,2026-02-24,2026-12-24,365,false,2018-10-14 03:08:11.000,2026-06-24 16:17:32.000
17342,2342,22.00,27.00,2.00,22.00,27.00,7.00,LOW,,,,,2026-03-24,2026-12-24,365,false,2018-05-07 20:26:24.000,2026-06-24 16:17:32.000
17343,2343,23.00,28.00,4.00,23.00,28.00,8.00,LOW,,,,,2026-04-24,2027-04-24,365,false,2013-01-10 18:26:19.000,2026-06-24 16:17:32.000
17345,2345,25.00,30.00,5.00,25.00,30.00,10.00,LOW,,,,,2026-06-24,2027-02-24,365,false,2026-03-27 14:52:02.000,2026-06-24 16:17:32.000
17346,2346,26.00,31.00,3.00,26.00,31.00,11.00,LOW,,,,,2026-05-24,2027-02-24,365,false,2023-12-25 04:43:11.000,2026-06-24 16:17:32.000
17347,2347,27.00,32.00,4.00,27.00,32.00,12.00,LOW,,,,,2026-05-24,2027-02-24,365,false,2015-11-24 10:32:20.000,2026-06-24 16:17:32.000
17348,2348,28.00,33.00,2.00,28.00,33.00,13.00,LOW,,,,,2026-06-24,2027-05-24,365,false,2023-12-08 10:48:02.000,2026-06-24 16:17:32.000
17349,2349,29.00,34.00,5.00,29.00,34.00,14.00,LOW,,,,,2026-01-24,2027-05-24,365,false,2022-01-12 00:02:02.000,2026-06-24 16:17:32.000
17350,2350,30.00,35.00,3.00,30.00,35.00,15.00,LOW,,,,,2026-02-24,2026-12-24,365,false,2023-08-02 07:47:37.000,2026-06-24 16:17:32.000
17353,2353,33.00,38.00,3.00,33.00,38.00,18.00,LOW,,,,,2026-04-24,2027-05-24,365,false,2020-12-03 18:48:37.000,2026-06-24 16:17:32.000
17355,2355,35.00,40.00,3.00,35.00,40.00,20.00,LOW,,,,,2026-02-24,2027-01-24,365,false,2003-04-25 22:26:57.000,2026-06-24 16:17:32.000
17356,2356,36.00,41.00,3.00,36.00,41.00,21.00,LOW,,,,,2026-06-24,2027-02-24,365,false,2010-09-30 23:42:26.000,2026-06-24 16:17:32.000
17358,2358,38.00,43.00,4.00,38.00,43.00,23.00,LOW,,,,,2026-04-24,2027-02-24,365,false,2022-10-10 03:48:49.000,2026-06-24 16:17:32.000
17359,2359,39.00,44.00,2.00,39.00,44.00,24.00,LOW,,,,,2026-04-24,2027-01-24,365,false,2020-07-31 13:37:54.000,2026-06-24 16:17:32.000
17360,2360,5.00,5.00,2.00,5.00,5.00,25.00,LOW,,,,,2026-01-24,2027-02-24,365,false,2020-01-24 22:17:26.000,2026-06-24 16:17:32.000
17362,2362,7.00,7.00,4.00,7.00,7.00,27.00,LOW,,,,,2026-04-24,2027-01-24,365,false,2019-07-25 02:13:35.000,2026-06-24 16:17:32.000
17363,2363,8.00,8.00,5.00,8.00,8.00,28.00,LOW,,,,,2026-01-24,2027-04-24,365,false,2023-04-10 15:25:53.000,2026-06-24 16:17:32.000
17366,2366,11.00,11.00,5.00,11.00,11.00,31.00,LOW,,,,,2026-01-24,2027-01-24,365,false,2025-11-30 07:00:11.000,2026-06-24 16:17:32.000
17368,2368,13.00,13.00,5.00,13.00,13.00,33.00,LOW,,,,,2026-01-24,2027-02-24,365,false,2008-10-11 19:27:34.000,2026-06-24 16:17:32.000
17371,2371,16.00,16.00,5.00,16.00,16.00,6.00,LOW,,,,,2026-01-24,2027-04-24,365,false,2022-11-30 20:23:48.000,2026-06-24 16:17:32.000
17372,2372,17.00,17.00,4.00,17.00,17.00,7.00,LOW,,,,,2026-04-24,2027-04-24,365,false,2021-08-28 14:16:12.000,2026-06-24 16:17:32.000
17373,2373,18.00,18.00,5.00,18.00,18.00,8.00,LOW,,,,,2026-04-24,2027-01-24,365,false,2014-09-09 09:21:37.000,2026-06-24 16:17:32.000
17377,2377,22.00,22.00,2.00,22.00,22.00,12.00,LOW,,,,,2026-01-24,2027-02-24,365,false,2016-03-18 22:47:12.000,2026-06-24 16:17:32.000
17378,2378,23.00,23.00,4.00,23.00,23.00,13.00,LOW,,,,,2026-03-24,2027-05-24,365,false,2021-11-19 06:08:24.000,2026-06-24 16:17:32.000
17380,2380,25.00,25.00,5.00,25.00,25.00,15.00,LOW,,,,,2026-01-24,2027-02-24,365,false,2006-05-30 22:39:57.000,2026-06-24 16:17:32.000
17381,2381,26.00,26.00,5.00,26.00,26.00,16.00,LOW,,,,,2026-04-24,2027-02-24,365,false,2024-01-30 12:37:12.000,2026-06-24 16:17:32.000
17382,2382,27.00,27.00,4.00,27.00,27.00,17.00,LOW,,,,,2026-02-24,2027-02-24,365,false,2012-02-10 00:10:37.000,2026-06-24 16:17:32.000
17383,2383,28.00,28.00,2.00,28.00,28.00,18.00,LOW,,,,,2026-01-24,2026-12-24,365,false,2014-10-25 05:50:13.000,2026-06-24 16:17:32.000
17385,2385,30.00,30.00,3.00,30.00,30.00,20.00,LOW,,,,,2026-05-24,2027-03-24,365,false,2017-01-28 23:46:20.000,2026-06-24 16:17:32.000
17386,2386,31.00,31.00,5.00,31.00,31.00,21.00,LOW,,,,,2026-06-24,2027-04-24,365,false,2025-07-21 15:27:33.000,2026-06-24 16:17:32.000
17387,2387,32.00,32.00,2.00,32.00,32.00,22.00,LOW,,,,,2026-03-24,2027-04-24,365,false,2024-02-07 08:20:34.000,2026-06-24 16:17:32.000
17388,2388,33.00,33.00,2.00,33.00,33.00,23.00,LOW,,,,,2026-06-24,2026-12-24,365,false,2012-04-03 07:56:45.000,2026-06-24 16:17:32.000
17391,2391,36.00,36.00,2.00,36.00,36.00,26.00,LOW,,,,,2026-01-24,2027-05-24,365,false,2024-12-28 17:03:37.000,2026-06-24 16:17:32.000
17394,2394,39.00,39.00,4.00,39.00,39.00,29.00,LOW,,,,,2026-03-24,2027-05-24,365,false,2010-09-24 18:36:28.000,2026-06-24 16:17:32.000
17395,2395,5.00,40.00,5.00,5.00,40.00,30.00,LOW,,,,,2026-06-24,2027-02-24,365,false,1995-03-17 03:00:01.000,2026-06-24 16:17:32.000
17396,2396,6.00,41.00,4.00,6.00,41.00,31.00,LOW,,,,,2026-01-24,2027-05-24,365,false,2019-12-11 04:48:40.000,2026-06-24 16:17:32.000
17399,2399,9.00,44.00,3.00,9.00,44.00,34.00,LOW,,,,,2026-03-24,2027-03-24,365,false,2012-01-31 13:19:10.000,2026-06-24 16:17:32.000
17400,2400,10.00,5.00,2.00,10.00,5.00,5.00,LOW,,,,,2026-04-24,2027-01-24,365,false,2006-07-10 18:31:44.000,2026-06-24 16:17:32.000
17402,2402,12.00,7.00,2.00,12.00,7.00,7.00,LOW,,,,,2026-02-24,2026-12-24,365,false,2019-04-05 11:08:46.000,2026-06-24 16:17:32.000
17404,2404,14.00,9.00,5.00,14.00,9.00,9.00,LOW,,,,,2026-06-24,2027-05-24,365,false,2005-03-29 08:52:10.000,2026-06-24 16:17:32.000
17405,2405,15.00,10.00,2.00,15.00,10.00,10.00,LOW,,,,,2026-02-24,2027-05-24,365,false,2022-12-21 02:43:16.000,2026-06-24 16:17:32.000
17406,2406,16.00,11.00,5.00,16.00,11.00,11.00,LOW,,,,,2026-01-24,2027-04-24,365,false,2019-05-18 13:03:20.000,2026-06-24 16:17:32.000
17407,2407,17.00,12.00,4.00,17.00,12.00,12.00,LOW,,,,,2026-01-24,2027-04-24,365,false,2014-06-25 11:09:26.000,2026-06-24 16:17:32.000
17409,2409,19.00,14.00,3.00,19.00,14.00,14.00,LOW,,,,,2026-03-24,2026-12-24,365,false,2024-02-09 12:43:21.000,2026-06-24 16:17:32.000
17410,2410,20.00,15.00,2.00,20.00,15.00,15.00,LOW,,,,,2026-06-24,2027-02-24,365,false,2025-09-10 08:49:08.000,2026-06-24 16:17:32.000
17411,2411,21.00,16.00,2.00,21.00,16.00,16.00,LOW,,,,,2026-06-24,2027-02-24,365,false,2002-08-12 17:54:15.000,2026-06-24 16:17:32.000
17413,2413,23.00,18.00,2.00,23.00,18.00,18.00,LOW,,,,,2026-03-24,2027-04-24,365,false,2020-11-02 03:03:04.000,2026-06-24 16:17:32.000
17416,2416,26.00,21.00,5.00,26.00,21.00,21.00,LOW,,,,,2026-06-24,2027-05-24,365,false,2011-02-02 11:45:08.000,2026-06-24 16:17:32.000
17417,2417,27.00,22.00,3.00,27.00,22.00,22.00,LOW,,,,,2026-04-24,2027-02-24,365,false,2025-04-02 00:00:28.000,2026-06-24 16:17:32.000
17420,2420,30.00,25.00,4.00,30.00,25.00,25.00,LOW,,,,,2026-03-24,2027-05-24,365,false,2015-01-05 02:52:21.000,2026-06-24 16:17:32.000
17421,2421,31.00,26.00,3.00,31.00,26.00,26.00,LOW,,,,,2026-04-24,2027-02-24,365,false,2018-11-16 07:06:00.000,2026-06-24 16:17:32.000
17422,2422,32.00,27.00,3.00,32.00,27.00,27.00,LOW,,,,,2026-03-24,2027-04-24,365,false,2000-06-23 16:55:11.000,2026-06-24 16:17:32.000
17423,2423,33.00,28.00,5.00,33.00,28.00,28.00,LOW,,,,,2026-04-24,2027-03-24,365,false,2024-10-25 16:09:31.000,2026-06-24 16:17:32.000
17424,2424,34.00,29.00,2.00,34.00,29.00,29.00,LOW,,,,,2026-03-24,2027-02-24,365,false,2019-03-22 08:58:51.000,2026-06-24 16:17:32.000
17425,2425,35.00,30.00,2.00,35.00,30.00,30.00,LOW,,,,,2026-03-24,2026-12-24,365,false,2024-10-29 02:42:30.000,2026-06-24 16:17:32.000
17426,2426,36.00,31.00,2.00,36.00,31.00,31.00,LOW,,,,,2026-02-24,2027-01-24,365,false,2025-02-08 20:54:01.000,2026-06-24 16:17:32.000
17427,2427,37.00,32.00,3.00,37.00,32.00,32.00,LOW,,,,,2026-01-24,2027-05-24,365,false,2019-07-31 14:05:41.000,2026-06-24 16:17:32.000
17429,2429,39.00,34.00,2.00,39.00,34.00,34.00,LOW,,,,,2026-02-24,2027-01-24,365,false,2015-04-11 12:36:14.000,2026-06-24 16:17:32.000
17432,2432,7.00,37.00,3.00,7.00,37.00,7.00,LOW,,,,,2026-03-24,2026-12-24,365,false,2015-08-01 22:27:28.000,2026-06-24 16:17:32.000
17433,2433,8.00,38.00,5.00,8.00,38.00,8.00,LOW,,,,,2026-01-24,2026-12-24,365,false,2004-05-12 01:09:47.000,2026-06-24 16:17:32.000
17434,2434,9.00,39.00,2.00,9.00,39.00,9.00,LOW,,,,,2026-05-24,2026-12-24,365,false,2025-08-13 03:33:45.000,2026-06-24 16:17:32.000
17435,2435,10.00,40.00,4.00,10.00,40.00,10.00,LOW,,,,,2026-04-24,2027-04-24,365,false,2001-06-28 01:12:21.000,2026-06-24 16:17:32.000
17436,2436,11.00,41.00,2.00,11.00,41.00,11.00,LOW,,,,,2026-05-24,2027-01-24,365,false,1999-06-21 22:38:39.000,2026-06-24 16:17:32.000
17438,2438,13.00,43.00,4.00,13.00,43.00,13.00,LOW,,,,,2026-03-24,2026-12-24,365,false,2014-06-25 19:08:57.000,2026-06-24 16:17:32.000
17439,2439,14.00,44.00,3.00,14.00,44.00,14.00,LOW,,,,,2026-06-24,2027-01-24,365,false,2014-06-24 19:06:55.000,2026-06-24 16:17:32.000
17440,2440,15.00,5.00,5.00,15.00,5.00,15.00,LOW,,,,,2026-03-24,2027-01-24,365,false,2025-01-14 09:43:41.000,2026-06-24 16:17:32.000
17441,2441,16.00,6.00,4.00,16.00,6.00,16.00,LOW,,,,,2026-04-24,2027-02-24,365,false,2017-06-04 23:11:14.000,2026-06-24 16:17:32.000
17443,2443,18.00,8.00,2.00,18.00,8.00,18.00,LOW,,,,,2026-01-24,2027-03-24,365,false,2024-05-24 18:30:07.000,2026-06-24 16:17:32.000
17446,2446,21.00,11.00,2.00,21.00,11.00,21.00,LOW,,,,,2026-05-24,2027-03-24,365,false,2014-11-10 19:22:26.000,2026-06-24 16:17:32.000
17448,2448,23.00,13.00,3.00,23.00,13.00,23.00,LOW,,,,,2026-01-24,2027-05-24,365,false,2025-07-18 04:46:01.000,2026-06-24 16:17:32.000
17449,2449,24.00,14.00,4.00,24.00,14.00,24.00,LOW,,,,,2026-02-24,2027-03-24,365,false,2025-09-28 06:59:25.000,2026-06-24 16:17:32.000
17450,2450,25.00,15.00,4.00,25.00,15.00,25.00,LOW,,,,,2026-04-24,2027-04-24,365,false,2016-10-17 14:44:48.000,2026-06-24 16:17:32.000
17451,2451,26.00,16.00,2.00,26.00,16.00,26.00,LOW,,,,,2026-05-24,2027-01-24,365,false,2026-04-14 18:42:23.000,2026-06-24 16:17:32.000
17453,2453,28.00,18.00,4.00,28.00,18.00,28.00,LOW,,,,,2026-06-24,2027-02-24,365,false,2017-05-25 04:50:28.000,2026-06-24 16:17:32.000
17454,2454,29.00,19.00,3.00,29.00,19.00,29.00,LOW,,,,,2026-04-24,2027-01-24,365,false,2000-02-25 05:51:02.000,2026-06-24 16:17:32.000
17457,2457,32.00,22.00,3.00,32.00,22.00,32.00,LOW,,,,,2026-01-24,2027-02-24,365,false,2018-12-05 23:14:15.000,2026-06-24 16:17:32.000
17458,2458,33.00,23.00,3.00,33.00,23.00,33.00,LOW,,,,,2026-04-24,2027-01-24,365,false,2017-07-11 13:21:41.000,2026-06-24 16:17:32.000
17459,2459,34.00,24.00,4.00,34.00,24.00,34.00,LOW,,,,,2026-01-24,2026-12-24,365,false,2001-01-29 20:35:30.000,2026-06-24 16:17:32.000
17461,2461,36.00,26.00,2.00,36.00,26.00,6.00,LOW,,,,,2026-01-24,2026-12-24,365,false,2023-02-02 17:42:29.000,2026-06-24 16:17:32.000
17462,2462,37.00,27.00,3.00,37.00,27.00,7.00,LOW,,,,,2026-04-24,2026-12-24,365,false,2021-07-13 03:16:27.000,2026-06-24 16:17:32.000
17463,2463,38.00,28.00,3.00,38.00,28.00,8.00,LOW,,,,,2026-02-24,2027-03-24,365,false,2025-01-28 22:52:17.000,2026-06-24 16:17:32.000
17464,2464,39.00,29.00,2.00,39.00,29.00,9.00,LOW,,,,,2026-04-24,2026-12-24,365,false,1998-11-28 23:48:16.000,2026-06-24 16:17:32.000
17467,2467,7.00,32.00,4.00,7.00,32.00,12.00,LOW,,,,,2026-01-24,2026-12-24,365,false,2021-08-14 01:09:32.000,2026-06-24 16:17:32.000
17469,2469,9.00,34.00,4.00,9.00,34.00,14.00,LOW,,,,,2026-05-24,2027-04-24,365,false,2006-05-12 19:11:54.000,2026-06-24 16:17:32.000
17473,2473,13.00,38.00,5.00,13.00,38.00,18.00,LOW,,,,,2026-04-24,2027-03-24,365,false,2022-02-02 06:30:02.000,2026-06-24 16:17:32.000
17474,2474,14.00,39.00,2.00,14.00,39.00,19.00,LOW,,,,,2026-03-24,2027-02-24,365,false,2023-07-04 09:10:12.000,2026-06-24 16:17:32.000
17475,2475,15.00,40.00,5.00,15.00,40.00,20.00,LOW,,,,,2026-01-24,2027-02-24,365,false,2017-05-09 14:22:38.000,2026-06-24 16:17:32.000
17476,2476,16.00,41.00,4.00,16.00,41.00,21.00,LOW,,,,,2026-06-24,2027-01-24,365,false,2025-02-04 14:10:20.000,2026-06-24 16:17:32.000
17478,2478,18.00,43.00,2.00,18.00,43.00,23.00,LOW,,,,,2026-06-24,2027-02-24,365,false,2011-02-12 19:33:27.000,2026-06-24 16:17:32.000
17479,2479,19.00,44.00,5.00,19.00,44.00,24.00,LOW,,,,,2026-06-24,2026-12-24,365,false,2019-10-10 11:52:56.000,2026-06-24 16:17:32.000
17480,2480,20.00,5.00,2.00,20.00,5.00,25.00,LOW,,,,,2026-02-24,2027-02-24,365,false,2025-10-07 13:42:02.000,2026-06-24 16:17:32.000
17481,2481,21.00,6.00,2.00,21.00,6.00,26.00,LOW,,,,,2026-05-24,2027-01-24,365,false,2023-05-08 12:07:22.000,2026-06-24 16:17:32.000
17483,2483,23.00,8.00,4.00,23.00,8.00,28.00,LOW,,,,,2026-04-24,2027-04-24,365,false,2021-07-04 21:27:40.000,2026-06-24 16:17:32.000
17484,2484,24.00,9.00,5.00,24.00,9.00,29.00,LOW,,,,,2026-06-24,2027-04-24,365,false,2014-04-12 21:24:40.000,2026-06-24 16:17:32.000
17485,2485,25.00,10.00,3.00,25.00,10.00,30.00,LOW,,,,,2026-03-24,2026-12-24,365,false,1997-02-21 12:22:34.000,2026-06-24 16:17:32.000
17486,2486,26.00,11.00,3.00,26.00,11.00,31.00,LOW,,,,,2026-02-24,2027-05-24,365,false,2025-02-12 19:04:52.000,2026-06-24 16:17:32.000
17487,2487,27.00,12.00,2.00,27.00,12.00,32.00,LOW,,,,,2026-02-24,2027-02-24,365,false,2001-01-01 01:56:36.000,2026-06-24 16:17:32.000
17488,2488,28.00,13.00,3.00,28.00,13.00,33.00,LOW,,,,,2026-06-24,2027-02-24,365,false,2012-01-15 06:31:01.000,2026-06-24 16:17:32.000
17489,2489,29.00,14.00,3.00,29.00,14.00,34.00,LOW,,,,,2026-02-24,2027-04-24,365,false,2020-11-09 06:58:17.000,2026-06-24 16:17:32.000
17490,2490,30.00,15.00,3.00,30.00,15.00,5.00,LOW,,,,,2026-04-24,2027-02-24,365,false,2002-06-02 10:58:19.000,2026-06-24 16:17:32.000
17493,2493,33.00,18.00,2.00,33.00,18.00,8.00,LOW,,,,,2026-04-24,2027-05-24,365,false,2019-07-10 01:18:14.000,2026-06-24 16:17:32.000
17494,2494,34.00,19.00,3.00,34.00,19.00,9.00,LOW,,,,,2026-01-24,2026-12-24,365,false,2019-03-20 17:26:14.000,2026-06-24 16:17:32.000
17495,2495,35.00,20.00,5.00,35.00,20.00,10.00,LOW,,,,,2026-06-24,2026-12-24,365,false,2018-10-13 10:50:30.000,2026-06-24 16:17:32.000
17496,2496,36.00,21.00,4.00,36.00,21.00,11.00,LOW,,,,,2026-02-24,2026-12-24,365,false,2013-06-06 20:54:33.000,2026-06-24 16:17:32.000
17498,2498,38.00,23.00,4.00,38.00,23.00,13.00,LOW,,,,,2026-03-24,2027-04-24,365,false,2018-02-24 01:50:15.000,2026-06-24 16:17:32.000
17499,2499,39.00,24.00,2.00,39.00,24.00,14.00,LOW,,,,,2026-05-24,2027-01-24,365,false,2025-11-16 13:01:54.000,2026-06-24 16:17:32.000
17501,2501,6.00,26.00,5.00,6.00,26.00,16.00,LOW,,,,,2026-05-24,2027-04-24,365,false,2020-02-20 07:05:02.000,2026-06-24 16:17:32.000
17502,2502,7.00,27.00,3.00,7.00,27.00,17.00,LOW,,,,,2026-04-24,2026-12-24,365,false,2013-05-07 02:46:47.000,2026-06-24 16:17:32.000
17505,2505,10.00,30.00,5.00,10.00,30.00,20.00,LOW,,,,,2026-01-24,2027-03-24,365,false,2006-02-19 06:08:48.000,2026-06-24 16:17:32.000
17506,2506,11.00,31.00,4.00,11.00,31.00,21.00,LOW,,,,,2026-02-24,2027-05-24,365,false,2019-09-30 17:14:05.000,2026-06-24 16:17:32.000
17507,2507,12.00,32.00,3.00,12.00,32.00,22.00,LOW,,,,,2026-01-24,2027-01-24,365,false,2021-05-19 13:56:29.000,2026-06-24 16:17:32.000
17509,2509,14.00,34.00,4.00,14.00,34.00,24.00,LOW,,,,,2026-03-24,2027-01-24,365,false,2021-08-08 23:08:49.000,2026-06-24 16:17:32.000
17511,2511,16.00,36.00,4.00,16.00,36.00,26.00,LOW,,,,,2026-04-24,2026-12-24,365,false,2021-12-04 04:05:14.000,2026-06-24 16:17:32.000
17512,2512,17.00,37.00,2.00,17.00,37.00,27.00,LOW,,,,,2026-06-24,2026-12-24,365,false,2018-11-05 15:05:06.000,2026-06-24 16:17:32.000
17513,2513,18.00,38.00,3.00,18.00,38.00,28.00,LOW,,,,,2026-01-24,2027-03-24,365,false,2016-02-07 23:47:31.000,2026-06-24 16:17:32.000
17514,2514,19.00,39.00,3.00,19.00,39.00,29.00,LOW,,,,,2026-01-24,2026-12-24,365,false,2022-11-01 18:22:57.000,2026-06-24 16:17:32.000
17516,2516,21.00,41.00,2.00,21.00,41.00,31.00,LOW,,,,,2026-03-24,2027-04-24,365,false,2012-09-13 10:08:33.000,2026-06-24 16:17:32.000
17517,2517,22.00,42.00,4.00,22.00,42.00,32.00,LOW,,,,,2026-03-24,2027-01-24,365,false,2025-07-08 22:22:18.000,2026-06-24 16:17:32.000
17519,2519,24.00,44.00,3.00,24.00,44.00,34.00,LOW,,,,,2026-06-24,2027-01-24,365,false,2026-03-28 19:48:57.000,2026-06-24 16:17:32.000
17520,2520,25.00,5.00,2.00,25.00,5.00,5.00,LOW,,,,,2026-01-24,2026-12-24,365,false,2018-03-14 20:08:36.000,2026-06-24 16:17:32.000
17522,2522,27.00,7.00,2.00,27.00,7.00,7.00,LOW,,,,,2026-02-24,2026-12-24,365,false,2024-04-11 11:35:42.000,2026-06-24 16:17:32.000
17523,2523,28.00,8.00,3.00,28.00,8.00,8.00,LOW,,,,,2026-04-24,2027-02-24,365,false,2020-09-28 06:23:23.000,2026-06-24 16:17:32.000
17524,2524,29.00,9.00,5.00,29.00,9.00,9.00,LOW,,,,,2026-03-24,2027-02-24,365,false,2019-03-06 00:19:06.000,2026-06-24 16:17:32.000
17526,2526,31.00,11.00,3.00,31.00,11.00,11.00,LOW,,,,,2026-01-24,2027-05-24,365,false,2019-08-16 19:58:54.000,2026-06-24 16:17:32.000
17527,2527,32.00,12.00,4.00,32.00,12.00,12.00,LOW,,,,,2026-02-24,2027-05-24,365,false,2024-09-10 03:31:20.000,2026-06-24 16:17:32.000
17529,2529,34.00,14.00,2.00,34.00,14.00,14.00,LOW,,,,,2026-03-24,2027-02-24,365,false,2023-06-09 01:37:19.000,2026-06-24 16:17:32.000
17532,2532,37.00,17.00,4.00,37.00,17.00,17.00,LOW,,,,,2026-02-24,2027-05-24,365,false,2020-07-15 05:30:06.000,2026-06-24 16:17:32.000
17533,2533,38.00,18.00,2.00,38.00,18.00,18.00,LOW,,,,,2026-03-24,2027-03-24,365,false,2023-06-06 18:41:35.000,2026-06-24 16:17:32.000
17534,2534,39.00,19.00,4.00,39.00,19.00,19.00,LOW,,,,,2026-04-24,2027-04-24,365,false,2020-07-01 04:05:36.000,2026-06-24 16:17:32.000
17537,2537,7.00,22.00,4.00,7.00,22.00,22.00,LOW,,,,,2026-02-24,2026-12-24,365,false,2013-03-18 03:40:00.000,2026-06-24 16:17:32.000
17538,2538,8.00,23.00,4.00,8.00,23.00,23.00,LOW,,,,,2026-01-24,2027-03-24,365,false,1996-05-23 01:38:37.000,2026-06-24 16:17:32.000
17539,2539,9.00,24.00,3.00,9.00,24.00,24.00,LOW,,,,,2026-04-24,2027-05-24,365,false,2010-03-13 02:00:46.000,2026-06-24 16:17:32.000
17540,2540,10.00,25.00,5.00,10.00,25.00,25.00,LOW,,,,,2026-01-24,2027-05-24,365,false,2002-11-05 13:47:12.000,2026-06-24 16:17:32.000
17542,2542,12.00,27.00,2.00,12.00,27.00,27.00,LOW,,,,,2026-06-24,2027-02-24,365,false,2025-12-04 10:26:32.000,2026-06-24 16:17:32.000
17543,2543,13.00,28.00,2.00,13.00,28.00,28.00,LOW,,,,,2026-04-24,2027-05-24,365,false,2013-03-12 12:27:20.000,2026-06-24 16:17:32.000
17544,2544,14.00,29.00,3.00,14.00,29.00,29.00,LOW,,,,,2026-01-24,2027-03-24,365,false,2024-12-04 22:07:18.000,2026-06-24 16:17:32.000
17545,2545,15.00,30.00,3.00,15.00,30.00,30.00,LOW,,,,,2026-03-24,2027-05-24,365,false,1997-09-04 17:40:16.000,2026-06-24 16:17:32.000
17546,2546,16.00,31.00,5.00,16.00,31.00,31.00,LOW,,,,,2026-06-24,2027-01-24,365,false,2026-02-15 23:44:36.000,2026-06-24 16:17:32.000
17547,2547,17.00,32.00,4.00,17.00,32.00,32.00,LOW,,,,,2026-03-24,2027-02-24,365,false,2006-02-18 12:55:36.000,2026-06-24 16:17:32.000
17548,2548,18.00,33.00,3.00,18.00,33.00,33.00,LOW,,,,,2026-02-24,2027-03-24,365,false,2015-09-22 08:17:37.000,2026-06-24 16:17:32.000
17549,2549,19.00,34.00,5.00,19.00,34.00,34.00,LOW,,,,,2026-05-24,2027-03-24,365,false,2010-10-31 20:15:27.000,2026-06-24 16:17:32.000
17550,2550,20.00,35.00,2.00,20.00,35.00,5.00,LOW,,,,,2026-01-24,2026-12-24,365,false,2022-12-21 16:47:28.000,2026-06-24 16:17:32.000
17551,2551,21.00,36.00,5.00,21.00,36.00,6.00,LOW,,,,,2026-04-24,2027-05-24,365,false,2026-01-28 03:18:15.000,2026-06-24 16:17:32.000
17553,2553,23.00,38.00,2.00,23.00,38.00,8.00,LOW,,,,,2026-04-24,2027-03-24,365,false,2019-08-11 07:35:17.000,2026-06-24 16:17:32.000
17554,2554,24.00,39.00,3.00,24.00,39.00,9.00,LOW,,,,,2026-04-24,2026-12-24,365,false,2006-06-24 14:39:53.000,2026-06-24 16:17:32.000
17556,2556,26.00,41.00,2.00,26.00,41.00,11.00,LOW,,,,,2026-05-24,2027-05-24,365,false,2025-05-05 20:03:38.000,2026-06-24 16:17:32.000
17557,2557,27.00,42.00,5.00,27.00,42.00,12.00,LOW,,,,,2026-04-24,2027-02-24,365,false,2025-03-29 16:42:46.000,2026-06-24 16:17:32.000
17560,2560,30.00,5.00,2.00,30.00,5.00,15.00,LOW,,,,,2026-03-24,2027-04-24,365,false,1993-07-29 05:20:57.000,2026-06-24 16:17:32.000
17561,2561,31.00,6.00,3.00,31.00,6.00,16.00,LOW,,,,,2026-04-24,2026-12-24,365,false,2024-08-03 20:58:58.000,2026-06-24 16:17:32.000
17565,2565,35.00,10.00,3.00,35.00,10.00,20.00,LOW,,,,,2026-06-24,2027-02-24,365,false,2005-02-22 13:06:24.000,2026-06-24 16:17:32.000
17566,2566,36.00,11.00,4.00,36.00,11.00,21.00,LOW,,,,,2026-01-24,2027-02-24,365,false,2017-07-15 03:08:42.000,2026-06-24 16:17:32.000
17567,2567,37.00,12.00,2.00,37.00,12.00,22.00,LOW,,,,,2026-03-24,2026-12-24,365,false,2016-02-09 02:04:07.000,2026-06-24 16:17:32.000
17568,2568,38.00,13.00,3.00,38.00,13.00,23.00,LOW,,,,,2026-05-24,2027-02-24,365,false,2025-03-24 01:47:29.000,2026-06-24 16:17:32.000
17569,2569,39.00,14.00,3.00,39.00,14.00,24.00,LOW,,,,,2026-05-24,2027-05-24,365,false,2022-10-04 07:25:44.000,2026-06-24 16:17:32.000
17570,2570,5.00,15.00,4.00,5.00,15.00,25.00,LOW,,,,,2026-06-24,2027-03-24,365,false,2008-06-18 18:32:03.000,2026-06-24 16:17:32.000
17572,2572,7.00,17.00,4.00,7.00,17.00,27.00,LOW,,,,,2026-03-24,2027-03-24,365,false,2011-12-08 02:07:56.000,2026-06-24 16:17:32.000
17574,2574,9.00,19.00,4.00,9.00,19.00,29.00,LOW,,,,,2026-06-24,2027-03-24,365,false,2006-08-09 20:12:00.000,2026-06-24 16:17:32.000
17577,2577,12.00,22.00,4.00,12.00,22.00,32.00,LOW,,,,,2026-02-24,2027-05-24,365,false,2021-03-29 23:32:54.000,2026-06-24 16:17:32.000
17578,2578,13.00,23.00,3.00,13.00,23.00,33.00,LOW,,,,,2026-02-24,2027-01-24,365,false,2025-05-28 19:50:03.000,2026-06-24 16:17:32.000
17579,2579,14.00,24.00,3.00,14.00,24.00,34.00,LOW,,,,,2026-06-24,2027-04-24,365,false,2018-04-05 05:58:14.000,2026-06-24 16:17:32.000
17580,2580,15.00,25.00,3.00,15.00,25.00,5.00,LOW,,,,,2026-01-24,2027-02-24,365,false,2015-12-13 16:52:30.000,2026-06-24 16:17:32.000
17581,2581,16.00,26.00,3.00,16.00,26.00,6.00,LOW,,,,,2026-01-24,2027-04-24,365,false,2017-11-26 21:40:49.000,2026-06-24 16:17:32.000
17584,2584,19.00,29.00,5.00,19.00,29.00,9.00,LOW,,,,,2026-06-24,2027-03-24,365,false,2021-09-19 00:18:42.000,2026-06-24 16:17:32.000
17586,2586,21.00,31.00,2.00,21.00,31.00,11.00,LOW,,,,,2026-05-24,2027-01-24,365,false,2009-12-01 09:15:51.000,2026-06-24 16:17:32.000
17588,2588,23.00,33.00,5.00,23.00,33.00,13.00,LOW,,,,,2026-04-24,2027-05-24,365,false,2025-11-07 19:29:55.000,2026-06-24 16:17:32.000
17589,2589,24.00,34.00,4.00,24.00,34.00,14.00,LOW,,,,,2026-02-24,2027-03-24,365,false,2021-07-26 10:38:46.000,2026-06-24 16:17:32.000
17590,2590,25.00,35.00,3.00,25.00,35.00,15.00,LOW,,,,,2026-03-24,2027-02-24,365,false,2013-12-08 03:05:02.000,2026-06-24 16:17:32.000
17591,2591,26.00,36.00,5.00,26.00,36.00,16.00,LOW,,,,,2026-03-24,2027-01-24,365,false,2024-08-15 05:59:56.000,2026-06-24 16:17:32.000
17592,2592,27.00,37.00,3.00,27.00,37.00,17.00,LOW,,,,,2026-05-24,2026-12-24,365,false,2017-06-20 04:56:16.000,2026-06-24 16:17:32.000
17596,2596,31.00,41.00,5.00,31.00,41.00,21.00,LOW,,,,,2026-02-24,2027-01-24,365,false,2002-08-19 12:26:01.000,2026-06-24 16:17:32.000
17597,2597,32.00,42.00,2.00,32.00,42.00,22.00,LOW,,,,,2026-03-24,2027-04-24,365,false,2022-12-05 00:54:23.000,2026-06-24 16:17:32.000
17598,2598,33.00,43.00,4.00,33.00,43.00,23.00,LOW,,,,,2026-02-24,2027-05-24,365,false,2012-09-08 17:22:51.000,2026-06-24 16:17:32.000
17599,2599,34.00,44.00,3.00,34.00,44.00,24.00,LOW,,,,,2026-06-24,2027-02-24,365,false,2024-08-07 14:52:22.000,2026-06-24 16:17:32.000
17601,2601,36.00,6.00,2.00,36.00,6.00,26.00,LOW,,,,,2026-05-24,2027-04-24,365,false,2002-02-22 03:43:01.000,2026-06-24 16:17:32.000
17602,2602,37.00,7.00,4.00,37.00,7.00,27.00,LOW,,,,,2026-01-24,2027-05-24,365,false,2013-03-18 11:06:23.000,2026-06-24 16:17:32.000
17605,2605,5.00,10.00,4.00,5.00,10.00,30.00,LOW,,,,,2026-03-24,2026-12-24,365,false,2018-06-08 19:47:44.000,2026-06-24 16:17:32.000
17607,2607,7.00,12.00,3.00,7.00,12.00,32.00,LOW,,,,,2026-06-24,2027-05-24,365,false,2019-10-22 12:57:29.000,2026-06-24 16:17:32.000
17608,2608,8.00,13.00,3.00,8.00,13.00,33.00,LOW,,,,,2026-03-24,2027-03-24,365,false,2017-11-30 16:29:43.000,2026-06-24 16:17:32.000
17611,2611,11.00,16.00,2.00,11.00,16.00,6.00,LOW,,,,,2026-03-24,2026-12-24,365,false,2011-10-13 15:33:14.000,2026-06-24 16:17:32.000
17613,2613,13.00,18.00,5.00,13.00,18.00,8.00,LOW,,,,,2026-01-24,2027-02-24,365,false,2008-12-14 19:10:31.000,2026-06-24 16:17:32.000
17614,2614,14.00,19.00,2.00,14.00,19.00,9.00,LOW,,,,,2026-03-24,2026-12-24,365,false,2000-02-06 12:27:24.000,2026-06-24 16:17:32.000
17615,2615,15.00,20.00,5.00,15.00,20.00,10.00,LOW,,,,,2026-02-24,2027-02-24,365,false,2009-10-27 18:54:32.000,2026-06-24 16:17:32.000
17617,2617,17.00,22.00,5.00,17.00,22.00,12.00,LOW,,,,,2026-03-24,2026-12-24,365,false,2013-10-23 00:50:07.000,2026-06-24 16:17:32.000
17618,2618,18.00,23.00,4.00,18.00,23.00,13.00,LOW,,,,,2026-03-24,2027-02-24,365,false,2021-11-27 02:51:02.000,2026-06-24 16:17:32.000
17619,2619,19.00,24.00,5.00,19.00,24.00,14.00,LOW,,,,,2026-02-24,2027-04-24,365,false,2002-08-03 09:51:37.000,2026-06-24 16:17:32.000
17620,2620,20.00,25.00,5.00,20.00,25.00,15.00,LOW,,,,,2026-05-24,2027-01-24,365,false,2019-12-13 19:28:17.000,2026-06-24 16:17:32.000
17621,2621,21.00,26.00,4.00,21.00,26.00,16.00,LOW,,,,,2026-03-24,2027-02-24,365,false,2002-10-19 14:53:25.000,2026-06-24 16:17:32.000
17622,2622,22.00,27.00,4.00,22.00,27.00,17.00,LOW,,,,,2026-05-24,2027-03-24,365,false,2024-07-10 09:27:11.000,2026-06-24 16:17:32.000
17623,2623,23.00,28.00,5.00,23.00,28.00,18.00,LOW,,,,,2026-05-24,2026-12-24,365,false,2014-03-23 17:40:34.000,2026-06-24 16:17:32.000
17624,2624,24.00,29.00,3.00,24.00,29.00,19.00,LOW,,,,,2026-06-24,2027-01-24,365,false,2025-05-27 06:38:45.000,2026-06-24 16:17:32.000
17627,2627,27.00,32.00,5.00,27.00,32.00,22.00,LOW,,,,,2026-02-24,2027-01-24,365,false,2016-01-22 17:01:03.000,2026-06-24 16:17:32.000
17628,2628,28.00,33.00,2.00,28.00,33.00,23.00,LOW,,,,,2026-01-24,2026-12-24,365,false,2025-07-07 14:02:59.000,2026-06-24 16:17:32.000
17630,2630,30.00,35.00,5.00,30.00,35.00,25.00,LOW,,,,,2026-06-24,2026-12-24,365,false,2015-12-25 10:21:23.000,2026-06-24 16:17:32.000
17632,2632,32.00,37.00,2.00,32.00,37.00,27.00,LOW,,,,,2026-04-24,2027-01-24,365,false,2022-04-04 08:51:20.000,2026-06-24 16:17:32.000
17635,2635,35.00,40.00,2.00,35.00,40.00,30.00,LOW,,,,,2026-02-24,2027-03-24,365,false,2019-06-14 20:53:30.000,2026-06-24 16:17:32.000
17637,2637,37.00,42.00,4.00,37.00,42.00,32.00,LOW,,,,,2026-06-24,2027-04-24,365,false,2024-07-20 13:13:09.000,2026-06-24 16:17:32.000
17639,2639,39.00,44.00,2.00,39.00,44.00,34.00,LOW,,,,,2026-06-24,2027-05-24,365,false,2016-04-11 17:30:11.000,2026-06-24 16:17:32.000
17640,2640,5.00,5.00,5.00,5.00,5.00,5.00,LOW,,,,,2026-03-24,2027-02-24,365,false,2020-02-25 08:42:46.000,2026-06-24 16:17:32.000
17641,2641,6.00,6.00,3.00,6.00,6.00,6.00,LOW,,,,,2026-01-24,2027-05-24,365,false,2010-01-04 00:25:00.000,2026-06-24 16:17:32.000
17642,2642,7.00,7.00,3.00,7.00,7.00,7.00,LOW,,,,,2026-01-24,2027-03-24,365,false,2025-06-28 10:03:22.000,2026-06-24 16:17:32.000
17643,2643,8.00,8.00,5.00,8.00,8.00,8.00,LOW,,,,,2026-05-24,2027-03-24,365,false,2024-02-11 04:04:56.000,2026-06-24 16:17:32.000
17644,2644,9.00,9.00,3.00,9.00,9.00,9.00,LOW,,,,,2026-03-24,2027-01-24,365,false,2020-07-04 19:12:05.000,2026-06-24 16:17:32.000
17645,2645,10.00,10.00,2.00,10.00,10.00,10.00,LOW,,,,,2026-04-24,2027-03-24,365,false,2018-06-21 04:40:17.000,2026-06-24 16:17:32.000
17647,2647,12.00,12.00,2.00,12.00,12.00,12.00,LOW,,,,,2026-06-24,2027-02-24,365,false,2021-08-05 23:20:07.000,2026-06-24 16:17:32.000
17648,2648,13.00,13.00,3.00,13.00,13.00,13.00,LOW,,,,,2026-06-24,2027-03-24,365,false,2024-09-20 19:38:16.000,2026-06-24 16:17:32.000
17649,2649,14.00,14.00,2.00,14.00,14.00,14.00,LOW,,,,,2026-01-24,2027-05-24,365,false,2025-08-17 09:35:37.000,2026-06-24 16:17:32.000
17651,2651,16.00,16.00,5.00,16.00,16.00,16.00,LOW,,,,,2026-06-24,2027-04-24,365,false,2007-05-02 00:38:08.000,2026-06-24 16:17:32.000
17656,2656,21.00,21.00,5.00,21.00,21.00,21.00,LOW,,,,,2026-04-24,2026-12-24,365,false,2016-09-10 14:11:56.000,2026-06-24 16:17:32.000
17657,2657,22.00,22.00,3.00,22.00,22.00,22.00,LOW,,,,,2026-05-24,2026-12-24,365,false,2000-02-07 06:36:23.000,2026-06-24 16:17:32.000
17659,2659,24.00,24.00,2.00,24.00,24.00,24.00,LOW,,,,,2026-06-24,2027-04-24,365,false,2023-05-21 07:20:21.000,2026-06-24 16:17:32.000
17660,2660,25.00,25.00,3.00,25.00,25.00,25.00,LOW,,,,,2026-03-24,2027-05-24,365,false,2025-05-26 05:23:27.000,2026-06-24 16:17:32.000
17661,2661,26.00,26.00,5.00,26.00,26.00,26.00,LOW,,,,,2026-05-24,2027-02-24,365,false,2019-06-06 00:31:06.000,2026-06-24 16:17:32.000
17663,2663,28.00,28.00,5.00,28.00,28.00,28.00,LOW,,,,,2026-05-24,2026-12-24,365,false,2009-07-03 19:53:52.000,2026-06-24 16:17:32.000
17668,2668,33.00,33.00,2.00,33.00,33.00,33.00,LOW,,,,,2026-05-24,2027-05-24,365,false,2018-05-07 00:35:25.000,2026-06-24 16:17:32.000
17671,2671,36.00,36.00,2.00,36.00,36.00,6.00,LOW,,,,,2026-01-24,2027-03-24,365,false,2013-01-01 03:15:19.000,2026-06-24 16:17:32.000
17672,2672,37.00,37.00,4.00,37.00,37.00,7.00,LOW,,,,,2026-04-24,2027-03-24,365,false,2007-07-10 07:04:38.000,2026-06-24 16:17:32.000
17674,2674,39.00,39.00,5.00,39.00,39.00,9.00,LOW,,,,,2026-02-24,2026-12-24,365,false,2011-06-12 04:24:22.000,2026-06-24 16:17:32.000
17675,2675,5.00,40.00,4.00,5.00,40.00,10.00,LOW,,,,,2026-04-24,2027-04-24,365,false,2019-07-03 09:58:27.000,2026-06-24 16:17:32.000
17677,2677,7.00,42.00,3.00,7.00,42.00,12.00,LOW,,,,,2026-05-24,2027-03-24,365,false,2021-05-20 04:07:47.000,2026-06-24 16:17:32.000
17680,2680,10.00,5.00,2.00,10.00,5.00,15.00,LOW,,,,,2026-03-24,2027-05-24,365,false,2016-08-25 10:57:50.000,2026-06-24 16:17:32.000
17682,2682,12.00,7.00,2.00,12.00,7.00,17.00,LOW,,,,,2026-02-24,2027-02-24,365,false,2001-03-02 17:41:36.000,2026-06-24 16:17:32.000
17683,2683,13.00,8.00,5.00,13.00,8.00,18.00,LOW,,,,,2026-01-24,2027-03-24,365,false,2022-11-25 22:17:31.000,2026-06-24 16:17:32.000
17684,2684,14.00,9.00,2.00,14.00,9.00,19.00,LOW,,,,,2026-06-24,2026-12-24,365,false,2009-01-26 16:44:39.000,2026-06-24 16:17:32.000
17686,2686,16.00,11.00,5.00,16.00,11.00,21.00,LOW,,,,,2026-05-24,2027-03-24,365,false,2021-02-23 20:54:56.000,2026-06-24 16:17:32.000
17687,2687,17.00,12.00,4.00,17.00,12.00,22.00,LOW,,,,,2026-01-24,2027-05-24,365,false,2025-05-11 12:37:29.000,2026-06-24 16:17:32.000
17688,2688,18.00,13.00,5.00,18.00,13.00,23.00,LOW,,,,,2026-02-24,2027-01-24,365,false,2007-09-18 11:02:45.000,2026-06-24 16:17:32.000
17690,2690,20.00,15.00,2.00,20.00,15.00,25.00,LOW,,,,,2026-05-24,2026-12-24,365,false,2024-07-02 04:37:55.000,2026-06-24 16:17:32.000
17692,2692,22.00,17.00,4.00,22.00,17.00,27.00,LOW,,,,,2026-04-24,2027-05-24,365,false,2021-11-16 14:33:08.000,2026-06-24 16:17:32.000
17695,2695,25.00,20.00,5.00,25.00,20.00,30.00,LOW,,,,,2026-02-24,2027-01-24,365,false,2017-12-25 01:35:58.000,2026-06-24 16:17:32.000
17696,2696,26.00,21.00,2.00,26.00,21.00,31.00,LOW,,,,,2026-01-24,2027-04-24,365,false,1998-05-14 10:12:43.000,2026-06-24 16:17:32.000
17697,2697,27.00,22.00,2.00,27.00,22.00,32.00,LOW,,,,,2026-02-24,2027-05-24,365,false,2002-10-27 16:58:48.000,2026-06-24 16:17:32.000
17701,2701,31.00,26.00,5.00,31.00,26.00,6.00,LOW,,,,,2026-02-24,2027-02-24,365,false,2016-07-31 11:30:07.000,2026-06-24 16:17:32.000
17702,2702,32.00,27.00,4.00,32.00,27.00,7.00,LOW,,,,,2026-02-24,2027-05-24,365,false,2026-05-21 21:13:26.000,2026-06-24 16:17:32.000
17703,2703,33.00,28.00,2.00,33.00,28.00,8.00,LOW,,,,,2026-04-24,2027-03-24,365,false,2026-01-02 06:37:07.000,2026-06-24 16:17:32.000
17704,2704,34.00,29.00,4.00,34.00,29.00,9.00,LOW,,,,,2026-01-24,2027-01-24,365,false,2013-11-19 11:27:34.000,2026-06-24 16:17:32.000
17706,2706,36.00,31.00,5.00,36.00,31.00,11.00,LOW,,,,,2026-02-24,2026-12-24,365,false,2007-08-16 11:59:55.000,2026-06-24 16:17:32.000
17707,2707,37.00,32.00,3.00,37.00,32.00,12.00,LOW,,,,,2026-04-24,2026-12-24,365,false,2021-04-19 23:14:30.000,2026-06-24 16:17:32.000
17708,2708,38.00,33.00,4.00,38.00,33.00,13.00,LOW,,,,,2026-04-24,2027-05-24,365,false,2011-08-16 21:44:02.000,2026-06-24 16:17:32.000
17709,2709,39.00,34.00,2.00,39.00,34.00,14.00,LOW,,,,,2026-05-24,2027-04-24,365,false,2017-11-09 10:22:01.000,2026-06-24 16:17:32.000
17711,2711,6.00,36.00,4.00,6.00,36.00,16.00,LOW,,,,,2026-04-24,2027-05-24,365,false,2022-03-28 09:26:07.000,2026-06-24 16:17:32.000
17712,2712,7.00,37.00,4.00,7.00,37.00,17.00,LOW,,,,,2026-01-24,2027-05-24,365,false,2012-04-12 21:25:28.000,2026-06-24 16:17:32.000
17713,2713,8.00,38.00,2.00,8.00,38.00,18.00,LOW,,,,,2026-05-24,2027-05-24,365,false,2025-02-27 19:17:35.000,2026-06-24 16:17:32.000
17715,2715,10.00,40.00,3.00,10.00,40.00,20.00,LOW,,,,,2026-03-24,2027-04-24,365,false,2020-04-15 11:07:37.000,2026-06-24 16:17:32.000
17720,2720,15.00,5.00,5.00,15.00,5.00,25.00,LOW,,,,,2026-06-24,2027-05-24,365,false,2016-01-24 19:58:59.000,2026-06-24 16:17:32.000
17722,2722,17.00,7.00,4.00,17.00,7.00,27.00,LOW,,,,,2026-06-24,2027-04-24,365,false,2019-12-29 16:14:28.000,2026-06-24 16:17:32.000
17723,2723,18.00,8.00,4.00,18.00,8.00,28.00,LOW,,,,,2026-02-24,2027-02-24,365,false,2024-09-10 00:16:52.000,2026-06-24 16:17:32.000
17726,2726,21.00,11.00,3.00,21.00,11.00,31.00,LOW,,,,,2026-02-24,2026-12-24,365,false,2007-02-11 02:30:37.000,2026-06-24 16:17:32.000
17727,2727,22.00,12.00,4.00,22.00,12.00,32.00,LOW,,,,,2026-06-24,2026-12-24,365,false,2023-11-21 17:47:51.000,2026-06-24 16:17:32.000
17728,2728,23.00,13.00,4.00,23.00,13.00,33.00,LOW,,,,,2026-02-24,2027-04-24,365,false,2018-03-25 14:17:37.000,2026-06-24 16:17:32.000
17729,2729,24.00,14.00,5.00,24.00,14.00,34.00,LOW,,,,,2026-05-24,2027-03-24,365,false,2026-06-03 03:28:12.000,2026-06-24 16:17:32.000
17732,2732,27.00,17.00,2.00,27.00,17.00,7.00,LOW,,,,,2026-04-24,2027-05-24,365,false,2017-05-14 21:04:11.000,2026-06-24 16:17:32.000
17733,2733,28.00,18.00,4.00,28.00,18.00,8.00,LOW,,,,,2026-02-24,2027-02-24,365,false,2021-08-20 15:33:42.000,2026-06-24 16:17:32.000
17736,2736,31.00,21.00,3.00,31.00,21.00,11.00,LOW,,,,,2026-05-24,2027-03-24,365,false,2024-08-05 00:43:41.000,2026-06-24 16:17:32.000
17737,2737,32.00,22.00,2.00,32.00,22.00,12.00,LOW,,,,,2026-02-24,2026-12-24,365,false,2001-11-14 01:41:57.000,2026-06-24 16:17:32.000
17738,2738,33.00,23.00,2.00,33.00,23.00,13.00,LOW,,,,,2026-06-24,2027-01-24,365,false,2020-01-30 16:39:53.000,2026-06-24 16:17:32.000
17739,2739,34.00,24.00,2.00,34.00,24.00,14.00,LOW,,,,,2026-02-24,2027-04-24,365,false,2015-09-29 11:29:50.000,2026-06-24 16:17:32.000
17740,2740,35.00,25.00,3.00,35.00,25.00,15.00,LOW,,,,,2026-04-24,2027-01-24,365,false,2023-06-09 02:34:36.000,2026-06-24 16:17:32.000
17741,2741,36.00,26.00,2.00,36.00,26.00,16.00,LOW,,,,,2026-05-24,2027-05-24,365,false,1998-10-31 22:19:42.000,2026-06-24 16:17:32.000
17742,2742,37.00,27.00,3.00,37.00,27.00,17.00,LOW,,,,,2026-01-24,2026-12-24,365,false,2024-10-07 16:19:53.000,2026-06-24 16:17:32.000
17743,2743,38.00,28.00,3.00,38.00,28.00,18.00,LOW,,,,,2026-03-24,2027-05-24,365,false,2025-09-19 08:22:34.000,2026-06-24 16:17:32.000
17744,2744,39.00,29.00,3.00,39.00,29.00,19.00,LOW,,,,,2026-04-24,2027-04-24,365,false,2013-06-18 02:10:11.000,2026-06-24 16:17:32.000
17746,2746,6.00,31.00,5.00,6.00,31.00,21.00,LOW,,,,,2026-03-24,2027-01-24,365,false,2023-08-11 00:33:20.000,2026-06-24 16:17:32.000
17747,2747,7.00,32.00,4.00,7.00,32.00,22.00,LOW,,,,,2026-06-24,2027-01-24,365,false,2018-11-15 15:08:32.000,2026-06-24 16:17:32.000
17748,2748,8.00,33.00,5.00,8.00,33.00,23.00,LOW,,,,,2026-02-24,2027-01-24,365,false,2024-09-19 05:28:03.000,2026-06-24 16:17:32.000
17750,2750,10.00,35.00,3.00,10.00,35.00,25.00,LOW,,,,,2026-05-24,2027-01-24,365,false,2020-06-11 22:57:59.000,2026-06-24 16:17:32.000
17754,2754,14.00,39.00,3.00,14.00,39.00,29.00,LOW,,,,,2026-02-24,2027-02-24,365,false,2009-01-02 14:09:36.000,2026-06-24 16:17:32.000
17756,2756,16.00,41.00,2.00,16.00,41.00,31.00,LOW,,,,,2026-05-24,2027-03-24,365,false,2003-05-25 21:14:34.000,2026-06-24 16:17:32.000
17760,2760,20.00,5.00,5.00,20.00,5.00,5.00,LOW,,,,,2026-05-24,2027-02-24,365,false,2017-07-31 10:11:45.000,2026-06-24 16:17:32.000
17761,2761,21.00,6.00,2.00,21.00,6.00,6.00,LOW,,,,,2026-06-24,2027-02-24,365,false,2006-12-04 09:42:33.000,2026-06-24 16:17:32.000
17763,2763,23.00,8.00,5.00,23.00,8.00,8.00,LOW,,,,,2026-03-24,2027-01-24,365,false,2022-03-28 23:37:05.000,2026-06-24 16:17:32.000
17765,2765,25.00,10.00,4.00,25.00,10.00,10.00,LOW,,,,,2026-03-24,2027-01-24,365,false,2025-05-19 10:06:48.000,2026-06-24 16:17:32.000
17766,2766,26.00,11.00,2.00,26.00,11.00,11.00,LOW,,,,,2026-05-24,2027-01-24,365,false,2002-05-23 06:29:05.000,2026-06-24 16:17:32.000
17767,2767,27.00,12.00,5.00,27.00,12.00,12.00,LOW,,,,,2026-01-24,2027-04-24,365,false,2005-05-06 00:01:34.000,2026-06-24 16:17:32.000
17768,2768,28.00,13.00,5.00,28.00,13.00,13.00,LOW,,,,,2026-05-24,2027-04-24,365,false,2022-08-25 13:09:45.000,2026-06-24 16:17:32.000
17769,2769,29.00,14.00,5.00,29.00,14.00,14.00,LOW,,,,,2026-01-24,2027-02-24,365,false,2018-11-03 05:52:01.000,2026-06-24 16:17:32.000
17775,2775,35.00,20.00,4.00,35.00,20.00,20.00,LOW,,,,,2026-02-24,2027-04-24,365,false,2025-04-24 14:51:35.000,2026-06-24 16:17:32.000
17776,2776,36.00,21.00,2.00,36.00,21.00,21.00,LOW,,,,,2026-01-24,2027-01-24,365,false,2021-12-11 16:06:39.000,2026-06-24 16:17:32.000
17777,2777,37.00,22.00,4.00,37.00,22.00,22.00,LOW,,,,,2026-02-24,2027-03-24,365,false,2018-04-27 11:04:21.000,2026-06-24 16:17:32.000
17780,2780,5.00,25.00,2.00,5.00,25.00,25.00,LOW,,,,,2026-04-24,2027-05-24,365,false,2015-10-31 08:12:05.000,2026-06-24 16:17:32.000
17782,2782,7.00,27.00,5.00,7.00,27.00,27.00,LOW,,,,,2026-04-24,2027-01-24,365,false,2025-11-27 21:48:26.000,2026-06-24 16:17:32.000
17783,2783,8.00,28.00,5.00,8.00,28.00,28.00,LOW,,,,,2026-05-24,2027-01-24,365,false,2020-10-03 13:17:27.000,2026-06-24 16:17:32.000
17784,2784,9.00,29.00,4.00,9.00,29.00,29.00,LOW,,,,,2026-04-24,2027-04-24,365,false,1997-05-22 13:35:22.000,2026-06-24 16:17:32.000
17786,2786,11.00,31.00,2.00,11.00,31.00,31.00,LOW,,,,,2026-01-24,2027-01-24,365,false,2022-07-19 11:06:07.000,2026-06-24 16:17:32.000
17790,2790,15.00,35.00,5.00,15.00,35.00,5.00,LOW,,,,,2026-06-24,2027-04-24,365,false,2020-06-19 01:43:53.000,2026-06-24 16:17:32.000
17792,2792,17.00,37.00,5.00,17.00,37.00,7.00,LOW,,,,,2026-05-24,2027-02-24,365,false,2023-10-26 05:33:52.000,2026-06-24 16:17:32.000
17793,2793,18.00,38.00,3.00,18.00,38.00,8.00,LOW,,,,,2026-01-24,2027-04-24,365,false,1999-12-25 11:18:25.000,2026-06-24 16:17:32.000
17794,2794,19.00,39.00,5.00,19.00,39.00,9.00,LOW,,,,,2026-04-24,2027-05-24,365,false,2024-02-24 17:20:28.000,2026-06-24 16:17:32.000
17795,2795,20.00,40.00,3.00,20.00,40.00,10.00,LOW,,,,,2026-05-24,2027-02-24,365,false,2000-05-24 10:22:13.000,2026-06-24 16:17:32.000
17797,2797,22.00,42.00,2.00,22.00,42.00,12.00,LOW,,,,,2026-02-24,2026-12-24,365,false,1998-10-20 19:51:46.000,2026-06-24 16:17:32.000
17798,2798,23.00,43.00,2.00,23.00,43.00,13.00,LOW,,,,,2026-06-24,2027-04-24,365,false,2024-12-08 18:16:06.000,2026-06-24 16:17:32.000
17800,2800,25.00,5.00,3.00,25.00,5.00,15.00,LOW,,,,,2026-04-24,2027-04-24,365,false,2008-07-02 21:25:43.000,2026-06-24 16:17:32.000
17802,2802,27.00,7.00,5.00,27.00,7.00,17.00,LOW,,,,,2026-03-24,2027-02-24,365,false,2025-08-13 10:15:19.000,2026-06-24 16:17:32.000
17803,2803,28.00,8.00,4.00,28.00,8.00,18.00,LOW,,,,,2026-04-24,2027-03-24,365,false,2021-01-30 21:12:45.000,2026-06-24 16:17:32.000
17804,2804,29.00,9.00,5.00,29.00,9.00,19.00,LOW,,,,,2026-02-24,2026-12-24,365,false,2022-06-20 01:36:25.000,2026-06-24 16:17:32.000
17805,2805,30.00,10.00,2.00,30.00,10.00,20.00,LOW,,,,,2026-06-24,2027-03-24,365,false,2023-09-26 14:06:19.000,2026-06-24 16:17:32.000
17806,2806,31.00,11.00,4.00,31.00,11.00,21.00,LOW,,,,,2026-02-24,2027-01-24,365,false,2025-04-28 14:25:45.000,2026-06-24 16:17:32.000
17807,2807,32.00,12.00,4.00,32.00,12.00,22.00,LOW,,,,,2026-03-24,2027-02-24,365,false,2020-05-03 22:50:08.000,2026-06-24 16:17:32.000
17808,2808,33.00,13.00,2.00,33.00,13.00,23.00,LOW,,,,,2026-02-24,2027-03-24,365,false,2016-07-06 22:29:45.000,2026-06-24 16:17:32.000
17810,2810,35.00,15.00,5.00,35.00,15.00,25.00,LOW,,,,,2026-02-24,2027-03-24,365,false,2022-10-28 19:33:41.000,2026-06-24 16:17:32.000
17812,2812,37.00,17.00,3.00,37.00,17.00,27.00,LOW,,,,,2026-06-24,2026-12-24,365,false,2020-12-21 07:50:29.000,2026-06-24 16:17:32.000
17813,2813,38.00,18.00,5.00,38.00,18.00,28.00,LOW,,,,,2026-05-24,2027-05-24,365,false,2023-10-14 16:47:25.000,2026-06-24 16:17:32.000
17814,2814,39.00,19.00,3.00,39.00,19.00,29.00,LOW,,,,,2026-04-24,2027-02-24,365,false,1994-12-02 06:52:49.000,2026-06-24 16:17:32.000
17815,2815,5.00,20.00,2.00,5.00,20.00,30.00,LOW,,,,,2026-05-24,2027-04-24,365,false,2021-04-25 01:43:12.000,2026-06-24 16:17:32.000
17816,2816,6.00,21.00,4.00,6.00,21.00,31.00,LOW,,,,,2026-02-24,2027-01-24,365,false,2022-07-10 03:42:20.000,2026-06-24 16:17:32.000
17819,2819,9.00,24.00,5.00,9.00,24.00,34.00,LOW,,,,,2026-06-24,2026-12-24,365,false,2025-05-27 22:56:02.000,2026-06-24 16:17:32.000
17820,2820,10.00,25.00,2.00,10.00,25.00,5.00,LOW,,,,,2026-01-24,2027-01-24,365,false,2025-02-02 16:37:38.000,2026-06-24 16:17:32.000
17821,2821,11.00,26.00,2.00,11.00,26.00,6.00,LOW,,,,,2026-03-24,2027-04-24,365,false,2024-10-03 01:41:28.000,2026-06-24 16:17:32.000
17822,2822,12.00,27.00,3.00,12.00,27.00,7.00,LOW,,,,,2026-03-24,2027-02-24,365,false,2024-04-05 06:42:06.000,2026-06-24 16:17:32.000
17823,2823,13.00,28.00,2.00,13.00,28.00,8.00,LOW,,,,,2026-06-24,2027-05-24,365,false,2024-06-04 03:52:32.000,2026-06-24 16:17:32.000
17824,2824,14.00,29.00,5.00,14.00,29.00,9.00,LOW,,,,,2026-02-24,2026-12-24,365,false,2025-02-07 09:14:08.000,2026-06-24 16:17:32.000
17825,2825,15.00,30.00,2.00,15.00,30.00,10.00,LOW,,,,,2026-06-24,2027-03-24,365,false,2025-09-22 21:47:02.000,2026-06-24 16:17:32.000
17826,2826,16.00,31.00,4.00,16.00,31.00,11.00,LOW,,,,,2026-02-24,2026-12-24,365,false,2023-05-05 09:30:53.000,2026-06-24 16:17:32.000
17828,2828,18.00,33.00,4.00,18.00,33.00,13.00,LOW,,,,,2026-02-24,2027-01-24,365,false,2013-07-03 18:37:55.000,2026-06-24 16:17:32.000
17830,2830,20.00,35.00,3.00,20.00,35.00,15.00,LOW,,,,,2026-05-24,2027-01-24,365,false,2009-05-21 09:35:44.000,2026-06-24 16:17:32.000
17832,2832,22.00,37.00,2.00,22.00,37.00,17.00,LOW,,,,,2026-01-24,2027-02-24,365,false,2003-11-18 20:03:23.000,2026-06-24 16:17:32.000
17833,2833,23.00,38.00,5.00,23.00,38.00,18.00,LOW,,,,,2026-01-24,2027-05-24,365,false,2026-03-12 05:18:27.000,2026-06-24 16:17:32.000
17834,2834,24.00,39.00,2.00,24.00,39.00,19.00,LOW,,,,,2026-05-24,2027-04-24,365,false,2025-07-05 06:12:54.000,2026-06-24 16:17:32.000
17835,2835,25.00,40.00,4.00,25.00,40.00,20.00,LOW,,,,,2026-01-24,2027-01-24,365,false,2014-09-25 19:17:40.000,2026-06-24 16:17:32.000
17836,2836,26.00,41.00,3.00,26.00,41.00,21.00,LOW,,,,,2026-05-24,2027-01-24,365,false,2020-05-06 03:12:09.000,2026-06-24 16:17:32.000
17837,2837,27.00,42.00,4.00,27.00,42.00,22.00,LOW,,,,,2026-03-24,2027-03-24,365,false,2019-08-04 14:46:57.000,2026-06-24 16:17:32.000
17838,2838,28.00,43.00,4.00,28.00,43.00,23.00,LOW,,,,,2026-05-24,2027-04-24,365,false,2022-03-28 03:38:14.000,2026-06-24 16:17:32.000
17839,2839,29.00,44.00,5.00,29.00,44.00,24.00,LOW,,,,,2026-03-24,2027-05-24,365,false,2015-03-11 09:52:35.000,2026-06-24 16:17:32.000
17840,2840,30.00,5.00,3.00,30.00,5.00,25.00,LOW,,,,,2026-03-24,2027-04-24,365,false,1996-01-28 02:38:36.000,2026-06-24 16:17:32.000
17841,2841,31.00,6.00,3.00,31.00,6.00,26.00,LOW,,,,,2026-02-24,2027-04-24,365,false,2016-03-24 23:56:31.000,2026-06-24 16:17:32.000
17844,2844,34.00,9.00,2.00,34.00,9.00,29.00,LOW,,,,,2026-06-24,2026-12-24,365,false,2018-10-21 16:32:15.000,2026-06-24 16:17:32.000
17845,2845,35.00,10.00,4.00,35.00,10.00,30.00,LOW,,,,,2026-06-24,2027-01-24,365,false,2023-08-26 22:05:59.000,2026-06-24 16:17:32.000
17846,2846,36.00,11.00,3.00,36.00,11.00,31.00,LOW,,,,,2026-04-24,2027-04-24,365,false,2023-11-22 02:08:19.000,2026-06-24 16:17:32.000
17847,2847,37.00,12.00,5.00,37.00,12.00,32.00,LOW,,,,,2026-01-24,2027-04-24,365,false,2025-01-21 08:17:26.000,2026-06-24 16:17:32.000
17850,2850,5.00,15.00,3.00,5.00,15.00,5.00,LOW,,,,,2026-01-24,2027-05-24,365,false,2016-02-18 11:53:43.000,2026-06-24 16:17:32.000
17851,2851,6.00,16.00,2.00,6.00,16.00,6.00,LOW,,,,,2026-01-24,2027-04-24,365,false,2015-12-19 02:42:49.000,2026-06-24 16:17:32.000
17852,2852,7.00,17.00,3.00,7.00,17.00,7.00,LOW,,,,,2026-02-24,2027-04-24,365,false,1997-03-18 18:29:42.000,2026-06-24 16:17:32.000
17853,2853,8.00,18.00,3.00,8.00,18.00,8.00,LOW,,,,,2026-05-24,2026-12-24,365,false,2023-10-19 23:59:24.000,2026-06-24 16:17:32.000
17854,2854,9.00,19.00,5.00,9.00,19.00,9.00,LOW,,,,,2026-04-24,2027-02-24,365,false,2020-03-15 03:18:02.000,2026-06-24 16:17:32.000
17855,2855,10.00,20.00,3.00,10.00,20.00,10.00,LOW,,,,,2026-03-24,2027-01-24,365,false,2017-07-23 21:48:55.000,2026-06-24 16:17:32.000
17856,2856,11.00,21.00,2.00,11.00,21.00,11.00,LOW,,,,,2026-04-24,2027-04-24,365,false,2002-12-26 10:16:30.000,2026-06-24 16:17:32.000
17857,2857,12.00,22.00,2.00,12.00,22.00,12.00,LOW,,,,,2026-02-24,2027-05-24,365,false,2024-01-17 04:37:18.000,2026-06-24 16:17:32.000
17858,2858,13.00,23.00,3.00,13.00,23.00,13.00,LOW,,,,,2026-06-24,2026-12-24,365,false,2025-12-25 02:05:52.000,2026-06-24 16:17:32.000
17861,2861,16.00,26.00,4.00,16.00,26.00,16.00,LOW,,,,,2026-03-24,2027-05-24,365,false,2026-02-25 19:00:08.000,2026-06-24 16:17:32.000
17862,2862,17.00,27.00,4.00,17.00,27.00,17.00,LOW,,,,,2026-04-24,2027-03-24,365,false,2023-02-03 20:48:18.000,2026-06-24 16:17:32.000
17865,2865,20.00,30.00,2.00,20.00,30.00,20.00,LOW,,,,,2026-01-24,2026-12-24,365,false,2024-11-13 03:21:16.000,2026-06-24 16:17:32.000
17867,2867,22.00,32.00,2.00,22.00,32.00,22.00,LOW,,,,,2026-02-24,2027-04-24,365,false,2022-09-01 19:49:47.000,2026-06-24 16:17:32.000
17868,2868,23.00,33.00,2.00,23.00,33.00,23.00,LOW,,,,,2026-05-24,2027-03-24,365,false,2004-11-12 12:05:43.000,2026-06-24 16:17:32.000
17869,2869,24.00,34.00,5.00,24.00,34.00,24.00,LOW,,,,,2026-03-24,2027-01-24,365,false,2025-02-05 03:39:16.000,2026-06-24 16:17:32.000
17870,2870,25.00,35.00,2.00,25.00,35.00,25.00,LOW,,,,,2026-02-24,2026-12-24,365,false,2010-09-24 08:49:43.000,2026-06-24 16:17:32.000
17871,2871,26.00,36.00,2.00,26.00,36.00,26.00,LOW,,,,,2026-04-24,2026-12-24,365,false,2026-05-12 14:32:53.000,2026-06-24 16:17:32.000
17872,2872,27.00,37.00,5.00,27.00,37.00,27.00,LOW,,,,,2026-06-24,2027-02-24,365,false,1992-08-05 03:23:16.000,2026-06-24 16:17:32.000
17874,2874,29.00,39.00,2.00,29.00,39.00,29.00,LOW,,,,,2026-05-24,2027-01-24,365,false,2018-07-06 15:24:10.000,2026-06-24 16:17:32.000
17875,2875,30.00,40.00,3.00,30.00,40.00,30.00,LOW,,,,,2026-03-24,2026-12-24,365,false,2003-01-11 02:43:22.000,2026-06-24 16:17:32.000
17877,2877,32.00,42.00,2.00,32.00,42.00,32.00,LOW,,,,,2026-03-24,2027-03-24,365,false,2018-04-01 04:51:15.000,2026-06-24 16:17:32.000
17878,2878,33.00,43.00,5.00,33.00,43.00,33.00,LOW,,,,,2026-05-24,2027-05-24,365,false,2022-08-15 11:07:38.000,2026-06-24 16:17:32.000
17879,2879,34.00,44.00,4.00,34.00,44.00,34.00,LOW,,,,,2026-06-24,2027-05-24,365,false,2003-05-18 13:25:57.000,2026-06-24 16:17:32.000
17882,2882,37.00,7.00,3.00,37.00,7.00,7.00,LOW,,,,,2026-01-24,2027-05-24,365,false,2023-05-12 20:00:40.000,2026-06-24 16:17:32.000
17883,2883,38.00,8.00,3.00,38.00,8.00,8.00,LOW,,,,,2026-06-24,2027-01-24,365,false,2011-04-16 21:26:39.000,2026-06-24 16:17:32.000
17884,2884,39.00,9.00,5.00,39.00,9.00,9.00,LOW,,,,,2026-01-24,2027-02-24,365,false,2024-05-03 17:33:34.000,2026-06-24 16:17:32.000
17886,2886,6.00,11.00,3.00,6.00,11.00,11.00,LOW,,,,,2026-01-24,2027-03-24,365,false,2022-08-26 04:05:59.000,2026-06-24 16:17:32.000
17887,2887,7.00,12.00,4.00,7.00,12.00,12.00,LOW,,,,,2026-03-24,2027-01-24,365,false,2017-08-31 05:18:01.000,2026-06-24 16:17:32.000
17889,2889,9.00,14.00,4.00,9.00,14.00,14.00,LOW,,,,,2026-01-24,2026-12-24,365,false,2007-03-08 01:20:07.000,2026-06-24 16:17:32.000
17892,2892,12.00,17.00,4.00,12.00,17.00,17.00,LOW,,,,,2026-02-24,2026-12-24,365,false,2006-01-17 17:32:46.000,2026-06-24 16:17:32.000
17893,2893,13.00,18.00,2.00,13.00,18.00,18.00,LOW,,,,,2026-02-24,2027-02-24,365,false,2011-10-09 05:36:19.000,2026-06-24 16:17:32.000
17895,2895,15.00,20.00,2.00,15.00,20.00,20.00,LOW,,,,,2026-05-24,2027-04-24,365,false,2011-11-20 10:15:09.000,2026-06-24 16:17:32.000
17896,2896,16.00,21.00,5.00,16.00,21.00,21.00,LOW,,,,,2026-06-24,2026-12-24,365,false,2008-12-16 08:16:30.000,2026-06-24 16:17:32.000
17897,2897,17.00,22.00,2.00,17.00,22.00,22.00,LOW,,,,,2026-01-24,2027-01-24,365,false,2004-03-25 19:20:44.000,2026-06-24 16:17:32.000
17898,2898,18.00,23.00,3.00,18.00,23.00,23.00,LOW,,,,,2026-03-24,2026-12-24,365,false,2026-02-19 18:26:09.000,2026-06-24 16:17:32.000
17900,2900,20.00,25.00,3.00,20.00,25.00,25.00,LOW,,,,,2026-01-24,2027-01-24,365,false,2008-11-13 06:37:03.000,2026-06-24 16:17:32.000
17902,2902,22.00,27.00,2.00,22.00,27.00,27.00,LOW,,,,,2026-02-24,2027-04-24,365,false,2015-09-01 20:25:07.000,2026-06-24 16:17:32.000
17903,2903,23.00,28.00,5.00,23.00,28.00,28.00,LOW,,,,,2026-04-24,2027-03-24,365,false,2014-08-03 03:24:27.000,2026-06-24 16:17:32.000
17904,2904,24.00,29.00,4.00,24.00,29.00,29.00,LOW,,,,,2026-01-24,2027-04-24,365,false,2024-08-10 01:38:10.000,2026-06-24 16:17:32.000
17907,2907,27.00,32.00,5.00,27.00,32.00,32.00,LOW,,,,,2026-01-24,2027-01-24,365,false,2014-08-10 19:34:28.000,2026-06-24 16:17:32.000
17911,2911,31.00,36.00,4.00,31.00,36.00,6.00,LOW,,,,,2026-01-24,2027-03-24,365,false,2003-04-26 02:05:49.000,2026-06-24 16:17:32.000
17912,2912,32.00,37.00,3.00,32.00,37.00,7.00,LOW,,,,,2026-03-24,2027-04-24,365,false,2021-07-27 07:09:37.000,2026-06-24 16:17:32.000
17913,2913,33.00,38.00,2.00,33.00,38.00,8.00,LOW,,,,,2026-01-24,2027-02-24,365,false,1998-05-21 17:50:52.000,2026-06-24 16:17:32.000
17914,2914,34.00,39.00,3.00,34.00,39.00,9.00,LOW,,,,,2026-04-24,2027-03-24,365,false,2004-08-06 08:26:07.000,2026-06-24 16:17:32.000
17915,2915,35.00,40.00,4.00,35.00,40.00,10.00,LOW,,,,,2026-05-24,2026-12-24,365,false,2011-01-30 20:19:25.000,2026-06-24 16:17:32.000
17917,2917,37.00,42.00,3.00,37.00,42.00,12.00,LOW,,,,,2026-06-24,2027-04-24,365,false,2019-12-13 11:16:33.000,2026-06-24 16:17:32.000
17918,2918,38.00,43.00,4.00,38.00,43.00,13.00,LOW,,,,,2026-02-24,2027-02-24,365,false,2021-07-27 22:38:33.000,2026-06-24 16:17:32.000
17921,2921,6.00,6.00,2.00,6.00,6.00,16.00,LOW,,,,,2026-02-24,2027-04-24,365,false,1996-01-19 16:49:23.000,2026-06-24 16:17:32.000
17922,2922,7.00,7.00,5.00,7.00,7.00,17.00,LOW,,,,,2026-04-24,2027-02-24,365,false,2008-01-21 07:10:08.000,2026-06-24 16:17:32.000
17923,2923,8.00,8.00,2.00,8.00,8.00,18.00,LOW,,,,,2026-06-24,2027-03-24,365,false,2018-07-29 08:29:31.000,2026-06-24 16:17:32.000
17924,2924,9.00,9.00,5.00,9.00,9.00,19.00,LOW,,,,,2026-01-24,2027-04-24,365,false,2025-10-20 04:02:30.000,2026-06-24 16:17:32.000
17925,2925,10.00,10.00,5.00,10.00,10.00,20.00,LOW,,,,,2026-06-24,2026-12-24,365,false,2018-07-13 09:12:46.000,2026-06-24 16:17:32.000
17927,2927,12.00,12.00,2.00,12.00,12.00,22.00,LOW,,,,,2026-01-24,2027-05-24,365,false,2014-12-23 22:31:25.000,2026-06-24 16:17:32.000
17928,2928,13.00,13.00,4.00,13.00,13.00,23.00,LOW,,,,,2026-02-24,2027-01-24,365,false,2003-11-08 00:06:43.000,2026-06-24 16:17:32.000
17929,2929,14.00,14.00,2.00,14.00,14.00,24.00,LOW,,,,,2026-04-24,2027-02-24,365,false,2024-08-02 06:35:29.000,2026-06-24 16:17:32.000
17930,2930,15.00,15.00,3.00,15.00,15.00,25.00,LOW,,,,,2026-01-24,2027-01-24,365,false,2017-10-19 15:37:19.000,2026-06-24 16:17:32.000
17931,2931,16.00,16.00,5.00,16.00,16.00,26.00,LOW,,,,,2026-06-24,2026-12-24,365,false,2007-11-01 14:46:00.000,2026-06-24 16:17:32.000
17934,2934,19.00,19.00,2.00,19.00,19.00,29.00,LOW,,,,,2026-02-24,2027-05-24,365,false,2025-02-26 22:45:06.000,2026-06-24 16:17:32.000
17935,2935,20.00,20.00,2.00,20.00,20.00,30.00,LOW,,,,,2026-04-24,2026-12-24,365,false,2007-03-07 21:38:37.000,2026-06-24 16:17:32.000
17938,2938,23.00,23.00,2.00,23.00,23.00,33.00,LOW,,,,,2026-05-24,2027-02-24,365,false,2020-02-17 15:10:23.000,2026-06-24 16:17:32.000
17939,2939,24.00,24.00,2.00,24.00,24.00,34.00,LOW,,,,,2026-06-24,2026-12-24,365,false,2013-07-07 20:51:58.000,2026-06-24 16:17:32.000
17940,2940,25.00,25.00,2.00,25.00,25.00,5.00,LOW,,,,,2026-04-24,2027-04-24,365,false,2021-09-25 06:37:00.000,2026-06-24 16:17:32.000
17944,2944,29.00,29.00,5.00,29.00,29.00,9.00,LOW,,,,,2026-04-24,2027-05-24,365,false,2015-01-03 05:25:06.000,2026-06-24 16:17:32.000
17945,2945,30.00,30.00,5.00,30.00,30.00,10.00,LOW,,,,,2026-04-24,2027-05-24,365,false,2016-09-21 08:22:54.000,2026-06-24 16:17:32.000
17947,2947,32.00,32.00,3.00,32.00,32.00,12.00,LOW,,,,,2026-02-24,2027-05-24,365,false,2016-07-09 10:22:07.000,2026-06-24 16:17:32.000
17948,2948,33.00,33.00,5.00,33.00,33.00,13.00,LOW,,,,,2026-06-24,2027-01-24,365,false,2024-03-20 15:52:45.000,2026-06-24 16:17:32.000
17950,2950,35.00,35.00,4.00,35.00,35.00,15.00,LOW,,,,,2026-02-24,2027-02-24,365,false,2008-06-14 15:38:50.000,2026-06-24 16:17:32.000
17951,2951,36.00,36.00,5.00,36.00,36.00,16.00,LOW,,,,,2026-01-24,2027-02-24,365,false,2011-11-09 06:17:05.000,2026-06-24 16:17:32.000
17953,2953,38.00,38.00,5.00,38.00,38.00,18.00,LOW,,,,,2026-02-24,2026-12-24,365,false,2023-04-23 11:54:11.000,2026-06-24 16:17:32.000
17954,2954,39.00,39.00,3.00,39.00,39.00,19.00,LOW,,,,,2026-02-24,2027-03-24,365,false,2025-06-27 12:18:55.000,2026-06-24 16:17:32.000
17956,2956,6.00,41.00,3.00,6.00,41.00,21.00,LOW,,,,,2026-03-24,2027-05-24,365,false,2018-10-03 14:50:27.000,2026-06-24 16:17:32.000
17957,2957,7.00,42.00,5.00,7.00,42.00,22.00,LOW,,,,,2026-06-24,2026-12-24,365,false,2016-12-13 07:15:39.000,2026-06-24 16:17:32.000
17958,2958,8.00,43.00,3.00,8.00,43.00,23.00,LOW,,,,,2026-04-24,2026-12-24,365,false,2010-07-21 00:22:16.000,2026-06-24 16:17:32.000
17959,2959,9.00,44.00,2.00,9.00,44.00,24.00,LOW,,,,,2026-05-24,2027-03-24,365,false,2006-10-25 08:40:14.000,2026-06-24 16:17:32.000
17960,2960,10.00,5.00,5.00,10.00,5.00,25.00,LOW,,,,,2026-04-24,2027-05-24,365,false,2016-05-20 08:43:52.000,2026-06-24 16:17:32.000
17961,2961,11.00,6.00,3.00,11.00,6.00,26.00,LOW,,,,,2026-04-24,2027-01-24,365,false,2026-01-03 19:29:15.000,2026-06-24 16:17:32.000
17962,2962,12.00,7.00,2.00,12.00,7.00,27.00,LOW,,,,,2026-01-24,2027-01-24,365,false,2016-08-06 07:42:57.000,2026-06-24 16:17:32.000
17964,2964,14.00,9.00,2.00,14.00,9.00,29.00,LOW,,,,,2026-06-24,2027-04-24,365,false,2021-09-23 14:47:43.000,2026-06-24 16:17:32.000
17968,2968,18.00,13.00,5.00,18.00,13.00,33.00,LOW,,,,,2026-01-24,2026-12-24,365,false,2020-09-16 02:40:39.000,2026-06-24 16:17:32.000
17969,2969,19.00,14.00,5.00,19.00,14.00,34.00,LOW,,,,,2026-06-24,2026-12-24,365,false,1998-03-20 14:51:34.000,2026-06-24 16:17:32.000
17970,2970,20.00,15.00,2.00,20.00,15.00,5.00,LOW,,,,,2026-05-24,2027-05-24,365,false,2011-03-12 12:01:41.000,2026-06-24 16:17:32.000
17971,2971,21.00,16.00,4.00,21.00,16.00,6.00,LOW,,,,,2026-02-24,2026-12-24,365,false,2017-03-05 11:26:37.000,2026-06-24 16:17:32.000
17972,2972,22.00,17.00,4.00,22.00,17.00,7.00,LOW,,,,,2026-04-24,2027-01-24,365,false,2023-05-23 05:45:10.000,2026-06-24 16:17:32.000
17973,2973,23.00,18.00,3.00,23.00,18.00,8.00,LOW,,,,,2026-04-24,2027-02-24,365,false,1999-05-10 06:51:57.000,2026-06-24 16:17:32.000
17975,2975,25.00,20.00,4.00,25.00,20.00,10.00,LOW,,,,,2026-01-24,2026-12-24,365,false,2024-12-24 08:06:24.000,2026-06-24 16:17:32.000
17976,2976,26.00,21.00,3.00,26.00,21.00,11.00,LOW,,,,,2026-03-24,2027-04-24,365,false,2016-10-02 08:16:23.000,2026-06-24 16:17:32.000
17977,2977,27.00,22.00,4.00,27.00,22.00,12.00,LOW,,,,,2026-01-24,2027-05-24,365,false,2024-09-14 13:04:12.000,2026-06-24 16:17:32.000
17979,2979,29.00,24.00,3.00,29.00,24.00,14.00,LOW,,,,,2026-04-24,2026-12-24,365,false,2023-06-23 08:02:28.000,2026-06-24 16:17:32.000
17980,2980,30.00,25.00,5.00,30.00,25.00,15.00,LOW,,,,,2026-06-24,2027-01-24,365,false,2024-05-03 07:21:00.000,2026-06-24 16:17:32.000
17982,2982,32.00,27.00,2.00,32.00,27.00,17.00,LOW,,,,,2026-05-24,2027-01-24,365,false,2020-11-21 01:31:27.000,2026-06-24 16:17:32.000
17986,2986,36.00,31.00,4.00,36.00,31.00,21.00,LOW,,,,,2026-01-24,2027-01-24,365,false,2016-02-07 23:56:49.000,2026-06-24 16:17:32.000
17988,2988,38.00,33.00,4.00,38.00,33.00,23.00,LOW,,,,,2026-05-24,2027-04-24,365,false,2019-06-21 01:37:20.000,2026-06-24 16:17:32.000
17989,2989,39.00,34.00,2.00,39.00,34.00,24.00,LOW,,,,,2026-04-24,2026-12-24,365,false,2022-12-16 07:39:26.000,2026-06-24 16:17:32.000
17990,2990,5.00,35.00,4.00,5.00,35.00,25.00,LOW,,,,,2026-05-24,2026-12-24,365,false,2007-05-16 19:39:57.000,2026-06-24 16:17:32.000
17991,2991,6.00,36.00,4.00,6.00,36.00,26.00,LOW,,,,,2026-03-24,2027-03-24,365,false,2022-07-01 17:55:22.000,2026-06-24 16:17:32.000
17992,2992,7.00,37.00,5.00,7.00,37.00,27.00,LOW,,,,,2026-03-24,2027-01-24,365,false,2015-09-07 18:49:55.000,2026-06-24 16:17:32.000
17995,2995,10.00,40.00,4.00,10.00,40.00,30.00,LOW,,,,,2026-05-24,2026-12-24,365,false,2021-10-17 03:44:47.000,2026-06-24 16:17:32.000
17996,2996,11.00,41.00,5.00,11.00,41.00,31.00,LOW,,,,,2026-03-24,2027-01-24,365,false,2020-07-09 03:40:17.000,2026-06-24 16:17:32.000
17997,2997,12.00,42.00,5.00,12.00,42.00,32.00,LOW,,,,,2026-02-24,2027-04-24,365,false,2024-08-16 18:30:24.000,2026-06-24 16:17:32.000
18000,3000,15.00,5.00,3.00,15.00,5.00,5.00,LOW,,,,,2026-03-24,2027-05-24,365,false,2025-08-04 02:49:30.000,2026-06-24 16:17:32.000
18001,3001,16.00,6.00,3.00,16.00,6.00,6.00,LOW,,,,,2026-03-24,2026-12-24,365,false,2015-05-16 18:10:44.000,2026-06-24 16:17:32.000
18002,3002,17.00,7.00,4.00,17.00,7.00,7.00,LOW,,,,,2026-04-24,2026-12-24,365,false,2018-01-28 12:48:09.000,2026-06-24 16:17:32.000
18003,3003,18.00,8.00,2.00,18.00,8.00,8.00,LOW,,,,,2026-03-24,2026-12-24,365,false,2023-07-29 13:10:50.000,2026-06-24 16:17:32.000
18005,3005,20.00,10.00,2.00,20.00,10.00,10.00,LOW,,,,,2026-05-24,2027-01-24,365,false,2000-08-01 04:38:52.000,2026-06-24 16:17:32.000
18006,3006,21.00,11.00,2.00,21.00,11.00,11.00,LOW,,,,,2026-03-24,2027-03-24,365,false,2025-06-11 19:41:03.000,2026-06-24 16:17:32.000
18009,3009,24.00,14.00,2.00,24.00,14.00,14.00,LOW,,,,,2026-03-24,2027-02-24,365,false,1994-12-27 05:22:50.000,2026-06-24 16:17:32.000
18010,3010,25.00,15.00,2.00,25.00,15.00,15.00,LOW,,,,,2026-01-24,2027-02-24,365,false,2010-08-14 18:05:20.000,2026-06-24 16:17:32.000
18011,3011,26.00,16.00,3.00,26.00,16.00,16.00,LOW,,,,,2026-06-24,2027-03-24,365,false,2012-02-13 01:33:37.000,2026-06-24 16:17:32.000
18012,3012,27.00,17.00,2.00,27.00,17.00,17.00,LOW,,,,,2026-03-24,2027-04-24,365,false,2018-06-27 05:43:50.000,2026-06-24 16:17:32.000
18014,3014,29.00,19.00,2.00,29.00,19.00,19.00,LOW,,,,,2026-06-24,2027-01-24,365,false,2022-06-26 16:05:37.000,2026-06-24 16:17:32.000
18016,3016,31.00,21.00,2.00,31.00,21.00,21.00,LOW,,,,,2026-04-24,2027-02-24,365,false,2007-05-07 20:11:27.000,2026-06-24 16:17:32.000
18017,3017,32.00,22.00,4.00,32.00,22.00,22.00,LOW,,,,,2026-01-24,2027-04-24,365,false,2020-07-30 13:04:08.000,2026-06-24 16:17:32.000
18021,3021,36.00,26.00,3.00,36.00,26.00,26.00,LOW,,,,,2026-05-24,2027-05-24,365,false,2022-12-12 03:40:03.000,2026-06-24 16:17:32.000
18022,3022,37.00,27.00,2.00,37.00,27.00,27.00,LOW,,,,,2026-06-24,2027-01-24,365,false,2008-08-11 06:00:06.000,2026-06-24 16:17:32.000
18023,3023,38.00,28.00,3.00,38.00,28.00,28.00,LOW,,,,,2026-06-24,2027-05-24,365,false,2011-04-28 19:33:51.000,2026-06-24 16:17:32.000
18024,3024,39.00,29.00,4.00,39.00,29.00,29.00,LOW,,,,,2026-03-24,2027-02-24,365,false,2011-11-24 14:11:45.000,2026-06-24 16:17:32.000
18027,3027,7.00,32.00,5.00,7.00,32.00,32.00,LOW,,,,,2026-06-24,2027-03-24,365,false,2019-02-17 00:24:09.000,2026-06-24 16:17:32.000
18028,3028,8.00,33.00,2.00,8.00,33.00,33.00,LOW,,,,,2026-02-24,2026-12-24,365,false,2017-01-29 21:56:47.000,2026-06-24 16:17:32.000
18029,3029,9.00,34.00,5.00,9.00,34.00,34.00,LOW,,,,,2026-01-24,2026-12-24,365,false,2025-02-08 14:54:56.000,2026-06-24 16:17:32.000
18030,3030,10.00,35.00,2.00,10.00,35.00,5.00,LOW,,,,,2026-03-24,2027-05-24,365,false,2024-07-31 14:24:58.000,2026-06-24 16:17:32.000
18031,3031,11.00,36.00,2.00,11.00,36.00,6.00,LOW,,,,,2026-01-24,2027-03-24,365,false,2025-03-22 05:56:21.000,2026-06-24 16:17:32.000
18032,3032,12.00,37.00,4.00,12.00,37.00,7.00,LOW,,,,,2026-04-24,2027-03-24,365,false,2013-05-15 00:13:47.000,2026-06-24 16:17:32.000
18033,3033,13.00,38.00,4.00,13.00,38.00,8.00,LOW,,,,,2026-02-24,2027-05-24,365,false,2011-10-05 08:02:08.000,2026-06-24 16:17:32.000
18034,3034,14.00,39.00,4.00,14.00,39.00,9.00,LOW,,,,,2026-04-24,2027-03-24,365,false,2017-03-17 09:42:33.000,2026-06-24 16:17:32.000
18035,3035,15.00,40.00,3.00,15.00,40.00,10.00,LOW,,,,,2026-01-24,2027-03-24,365,false,2017-09-08 00:35:19.000,2026-06-24 16:17:32.000
18036,3036,16.00,41.00,2.00,16.00,41.00,11.00,LOW,,,,,2026-04-24,2027-03-24,365,false,2020-11-24 09:18:32.000,2026-06-24 16:17:32.000
18037,3037,17.00,42.00,5.00,17.00,42.00,12.00,LOW,,,,,2026-04-24,2027-02-24,365,false,2011-10-21 23:58:34.000,2026-06-24 16:17:32.000
18038,3038,18.00,43.00,2.00,18.00,43.00,13.00,LOW,,,,,2026-04-24,2027-05-24,365,false,2021-04-24 03:25:22.000,2026-06-24 16:17:32.000
18039,3039,19.00,44.00,2.00,19.00,44.00,14.00,LOW,,,,,2026-04-24,2027-05-24,365,false,2013-06-27 01:14:55.000,2026-06-24 16:17:32.000
18042,3042,22.00,7.00,4.00,22.00,7.00,17.00,LOW,,,,,2026-01-24,2027-03-24,365,false,2025-06-21 21:47:00.000,2026-06-24 16:17:32.000
18043,3043,23.00,8.00,4.00,23.00,8.00,18.00,LOW,,,,,2026-02-24,2027-01-24,365,false,2005-12-01 17:41:43.000,2026-06-24 16:17:32.000
18044,3044,24.00,9.00,2.00,24.00,9.00,19.00,LOW,,,,,2026-02-24,2027-05-24,365,false,1993-06-17 21:03:42.000,2026-06-24 16:17:32.000
18045,3045,25.00,10.00,3.00,25.00,10.00,20.00,LOW,,,,,2026-06-24,2027-01-24,365,false,2022-12-22 15:17:24.000,2026-06-24 16:17:32.000
18046,3046,26.00,11.00,2.00,26.00,11.00,21.00,LOW,,,,,2026-06-24,2027-05-24,365,false,2020-06-23 15:45:02.000,2026-06-24 16:17:32.000
18047,3047,27.00,12.00,5.00,27.00,12.00,22.00,LOW,,,,,2026-02-24,2027-02-24,365,false,2020-10-17 07:36:22.000,2026-06-24 16:17:32.000
18048,3048,28.00,13.00,2.00,28.00,13.00,23.00,LOW,,,,,2026-02-24,2027-01-24,365,false,2013-12-05 13:23:54.000,2026-06-24 16:17:32.000
18049,3049,29.00,14.00,5.00,29.00,14.00,24.00,LOW,,,,,2026-02-24,2027-04-24,365,false,2015-05-17 18:21:30.000,2026-06-24 16:17:32.000
18050,3050,30.00,15.00,3.00,30.00,15.00,25.00,LOW,,,,,2026-01-24,2027-05-24,365,false,2011-01-28 14:45:33.000,2026-06-24 16:17:32.000
18052,3052,32.00,17.00,5.00,32.00,17.00,27.00,LOW,,,,,2026-05-24,2026-12-24,365,false,2006-03-10 10:16:53.000,2026-06-24 16:17:32.000
18053,3053,33.00,18.00,5.00,33.00,18.00,28.00,LOW,,,,,2026-06-24,2027-04-24,365,false,2002-04-21 12:05:55.000,2026-06-24 16:17:32.000
18054,3054,34.00,19.00,5.00,34.00,19.00,29.00,LOW,,,,,2026-06-24,2027-01-24,365,false,2019-04-03 09:19:45.000,2026-06-24 16:17:32.000
18055,3055,35.00,20.00,3.00,35.00,20.00,30.00,LOW,,,,,2026-01-24,2027-05-24,365,false,2023-05-26 20:08:25.000,2026-06-24 16:17:32.000
18056,3056,36.00,21.00,5.00,36.00,21.00,31.00,LOW,,,,,2026-02-24,2027-01-24,365,false,2023-03-09 15:50:59.000,2026-06-24 16:17:32.000
18057,3057,37.00,22.00,3.00,37.00,22.00,32.00,LOW,,,,,2026-01-24,2026-12-24,365,false,2004-04-09 15:36:11.000,2026-06-24 16:17:32.000
18058,3058,38.00,23.00,4.00,38.00,23.00,33.00,LOW,,,,,2026-04-24,2026-12-24,365,false,2022-11-26 16:25:24.000,2026-06-24 16:17:32.000
18059,3059,39.00,24.00,5.00,39.00,24.00,34.00,LOW,,,,,2026-03-24,2026-12-24,365,false,2022-01-21 06:06:57.000,2026-06-24 16:17:32.000
18060,3060,5.00,25.00,5.00,5.00,25.00,5.00,LOW,,,,,2026-01-24,2027-01-24,365,false,2019-04-29 20:46:17.000,2026-06-24 16:17:32.000
18061,3061,6.00,26.00,5.00,6.00,26.00,6.00,LOW,,,,,2026-02-24,2027-03-24,365,false,2007-09-30 14:18:30.000,2026-06-24 16:17:32.000
18062,3062,7.00,27.00,4.00,7.00,27.00,7.00,LOW,,,,,2026-06-24,2027-01-24,365,false,2015-03-15 16:49:15.000,2026-06-24 16:17:32.000
18065,3065,10.00,30.00,4.00,10.00,30.00,10.00,LOW,,,,,2026-03-24,2027-04-24,365,false,2015-08-30 00:46:07.000,2026-06-24 16:17:32.000
18067,3067,12.00,32.00,5.00,12.00,32.00,12.00,LOW,,,,,2026-05-24,2026-12-24,365,false,2022-06-02 12:42:32.000,2026-06-24 16:17:32.000
18068,3068,13.00,33.00,3.00,13.00,33.00,13.00,LOW,,,,,2026-06-24,2027-03-24,365,false,2005-08-20 14:22:26.000,2026-06-24 16:17:32.000
18073,3073,18.00,38.00,5.00,18.00,38.00,18.00,LOW,,,,,2026-06-24,2027-01-24,365,false,2017-03-27 23:30:25.000,2026-06-24 16:17:32.000
18074,3074,19.00,39.00,2.00,19.00,39.00,19.00,LOW,,,,,2026-05-24,2027-03-24,365,false,2018-02-24 21:41:14.000,2026-06-24 16:17:32.000
18076,3076,21.00,41.00,4.00,21.00,41.00,21.00,LOW,,,,,2026-06-24,2027-05-24,365,false,2026-01-31 08:47:22.000,2026-06-24 16:17:32.000
18077,3077,22.00,42.00,4.00,22.00,42.00,22.00,LOW,,,,,2026-01-24,2027-05-24,365,false,2017-11-19 10:20:51.000,2026-06-24 16:17:32.000
18081,3081,26.00,6.00,3.00,26.00,6.00,26.00,LOW,,,,,2026-06-24,2027-03-24,365,false,2016-05-01 20:51:09.000,2026-06-24 16:17:32.000
18082,3082,27.00,7.00,5.00,27.00,7.00,27.00,LOW,,,,,2026-06-24,2026-12-24,365,false,2018-07-18 23:00:57.000,2026-06-24 16:17:32.000
18083,3083,28.00,8.00,3.00,28.00,8.00,28.00,LOW,,,,,2026-04-24,2027-04-24,365,false,1994-09-08 03:55:02.000,2026-06-24 16:17:32.000
18084,3084,29.00,9.00,5.00,29.00,9.00,29.00,LOW,,,,,2026-05-24,2026-12-24,365,false,2007-01-04 14:21:20.000,2026-06-24 16:17:32.000
18086,3086,31.00,11.00,3.00,31.00,11.00,31.00,LOW,,,,,2026-02-24,2027-04-24,365,false,2009-04-19 17:14:09.000,2026-06-24 16:17:32.000
18087,3087,32.00,12.00,4.00,32.00,12.00,32.00,LOW,,,,,2026-03-24,2027-05-24,365,false,2023-01-22 23:01:23.000,2026-06-24 16:17:32.000
18091,3091,36.00,16.00,4.00,36.00,16.00,6.00,LOW,,,,,2026-06-24,2027-05-24,365,false,2012-01-19 05:23:46.000,2026-06-24 16:17:32.000
18093,3093,38.00,18.00,4.00,38.00,18.00,8.00,LOW,,,,,2026-05-24,2027-01-24,365,false,2022-10-23 16:34:56.000,2026-06-24 16:17:32.000
18094,3094,39.00,19.00,5.00,39.00,19.00,9.00,LOW,,,,,2026-04-24,2027-01-24,365,false,2004-07-05 20:08:04.000,2026-06-24 16:17:32.000
18095,3095,5.00,20.00,3.00,5.00,20.00,10.00,LOW,,,,,2026-05-24,2027-04-24,365,false,2025-09-10 23:16:30.000,2026-06-24 16:17:32.000
18097,3097,7.00,22.00,2.00,7.00,22.00,12.00,LOW,,,,,2026-06-24,2027-03-24,365,false,2016-02-09 07:47:11.000,2026-06-24 16:17:32.000
18098,3098,8.00,23.00,3.00,8.00,23.00,13.00,LOW,,,,,2026-02-24,2027-03-24,365,false,2001-07-02 03:55:14.000,2026-06-24 16:17:32.000
18099,3099,9.00,24.00,5.00,9.00,24.00,14.00,LOW,,,,,2026-05-24,2026-12-24,365,false,2021-01-19 00:32:01.000,2026-06-24 16:17:32.000
18103,3103,13.00,28.00,5.00,13.00,28.00,18.00,LOW,,,,,2026-06-24,2026-12-24,365,false,2009-08-01 23:48:35.000,2026-06-24 16:17:32.000
18105,3105,15.00,30.00,3.00,15.00,30.00,20.00,LOW,,,,,2026-06-24,2027-01-24,365,false,2026-02-11 08:03:21.000,2026-06-24 16:17:32.000
18106,3106,16.00,31.00,4.00,16.00,31.00,21.00,LOW,,,,,2026-04-24,2027-03-24,365,false,2021-10-09 07:29:06.000,2026-06-24 16:17:32.000
18111,3111,21.00,36.00,4.00,21.00,36.00,26.00,LOW,,,,,2026-02-24,2027-02-24,365,false,1994-02-06 18:19:10.000,2026-06-24 16:17:32.000
18113,3113,23.00,38.00,5.00,23.00,38.00,28.00,LOW,,,,,2026-03-24,2027-02-24,365,false,2001-08-18 14:49:50.000,2026-06-24 16:17:32.000
18114,3114,24.00,39.00,3.00,24.00,39.00,29.00,LOW,,,,,2026-02-24,2027-05-24,365,false,2025-05-05 13:27:45.000,2026-06-24 16:17:32.000
18116,3116,26.00,41.00,2.00,26.00,41.00,31.00,LOW,,,,,2026-03-24,2027-05-24,365,false,2010-05-11 00:43:57.000,2026-06-24 16:17:32.000
18119,3119,29.00,44.00,3.00,29.00,44.00,34.00,LOW,,,,,2026-05-24,2027-04-24,365,false,2022-07-13 02:02:00.000,2026-06-24 16:17:32.000
18120,3120,30.00,5.00,2.00,30.00,5.00,5.00,LOW,,,,,2026-05-24,2027-02-24,365,false,2023-05-30 12:58:16.000,2026-06-24 16:17:32.000
18121,3121,31.00,6.00,3.00,31.00,6.00,6.00,LOW,,,,,2026-05-24,2027-01-24,365,false,2009-08-17 04:55:57.000,2026-06-24 16:17:32.000
18122,3122,32.00,7.00,5.00,32.00,7.00,7.00,LOW,,,,,2026-01-24,2027-03-24,365,false,2026-05-08 17:22:37.000,2026-06-24 16:17:32.000
18123,3123,33.00,8.00,3.00,33.00,8.00,8.00,LOW,,,,,2026-01-24,2027-01-24,365,false,1996-11-17 19:26:50.000,2026-06-24 16:17:32.000
18126,3126,36.00,11.00,5.00,36.00,11.00,11.00,LOW,,,,,2026-01-24,2027-04-24,365,false,2019-08-30 00:14:03.000,2026-06-24 16:17:32.000
18127,3127,37.00,12.00,4.00,37.00,12.00,12.00,LOW,,,,,2026-03-24,2027-01-24,365,false,2008-02-25 01:39:36.000,2026-06-24 16:17:32.000
18129,3129,39.00,14.00,3.00,39.00,14.00,14.00,LOW,,,,,2026-02-24,2027-02-24,365,false,2009-02-27 08:53:30.000,2026-06-24 16:17:32.000
18130,3130,5.00,15.00,4.00,5.00,15.00,15.00,LOW,,,,,2026-02-24,2027-03-24,365,false,2018-12-11 02:10:55.000,2026-06-24 16:17:32.000
18131,3131,6.00,16.00,2.00,6.00,16.00,16.00,LOW,,,,,2026-02-24,2027-05-24,365,false,1993-03-08 02:18:40.000,2026-06-24 16:17:32.000
18132,3132,7.00,17.00,4.00,7.00,17.00,17.00,LOW,,,,,2026-04-24,2027-02-24,365,false,2004-07-26 14:16:42.000,2026-06-24 16:17:32.000
18136,3136,11.00,21.00,5.00,11.00,21.00,21.00,LOW,,,,,2026-05-24,2027-01-24,365,false,2025-10-01 10:36:35.000,2026-06-24 16:17:32.000
18137,3137,12.00,22.00,2.00,12.00,22.00,22.00,LOW,,,,,2026-06-24,2027-04-24,365,false,2023-04-15 10:00:44.000,2026-06-24 16:17:32.000
18138,3138,13.00,23.00,4.00,13.00,23.00,23.00,LOW,,,,,2026-03-24,2026-12-24,365,false,2004-11-02 23:40:19.000,2026-06-24 16:17:32.000
18140,3140,15.00,25.00,4.00,15.00,25.00,25.00,LOW,,,,,2026-01-24,2026-12-24,365,false,1995-05-06 20:38:54.000,2026-06-24 16:17:32.000
18141,3141,16.00,26.00,2.00,16.00,26.00,26.00,LOW,,,,,2026-05-24,2027-05-24,365,false,2017-08-14 01:56:05.000,2026-06-24 16:17:32.000
18142,3142,17.00,27.00,3.00,17.00,27.00,27.00,LOW,,,,,2026-05-24,2027-02-24,365,false,2020-11-14 05:37:22.000,2026-06-24 16:17:32.000
18144,3144,19.00,29.00,5.00,19.00,29.00,29.00,LOW,,,,,2026-03-24,2027-03-24,365,false,2006-06-20 01:21:14.000,2026-06-24 16:17:32.000
18150,3150,25.00,35.00,4.00,25.00,35.00,5.00,LOW,,,,,2026-03-24,2027-01-24,365,false,2022-05-14 05:52:30.000,2026-06-24 16:17:32.000
18151,3151,26.00,36.00,3.00,26.00,36.00,6.00,LOW,,,,,2026-04-24,2026-12-24,365,false,2025-04-11 07:52:16.000,2026-06-24 16:17:32.000
18152,3152,27.00,37.00,3.00,27.00,37.00,7.00,LOW,,,,,2026-03-24,2027-05-24,365,false,2012-10-05 18:00:42.000,2026-06-24 16:17:32.000
18153,3153,28.00,38.00,4.00,28.00,38.00,8.00,LOW,,,,,2026-02-24,2027-05-24,365,false,2018-07-02 20:11:06.000,2026-06-24 16:17:32.000
18154,3154,29.00,39.00,5.00,29.00,39.00,9.00,LOW,,,,,2026-02-24,2027-05-24,365,false,2021-06-10 02:10:00.000,2026-06-24 16:17:32.000
18155,3155,30.00,40.00,5.00,30.00,40.00,10.00,LOW,,,,,2026-06-24,2027-02-24,365,false,2014-06-11 10:17:53.000,2026-06-24 16:17:32.000
18156,3156,31.00,41.00,3.00,31.00,41.00,11.00,LOW,,,,,2026-01-24,2027-02-24,365,false,2025-02-15 02:57:19.000,2026-06-24 16:17:32.000
18157,3157,32.00,42.00,3.00,32.00,42.00,12.00,LOW,,,,,2026-01-24,2027-03-24,365,false,2008-03-01 15:06:10.000,2026-06-24 16:17:32.000
18158,3158,33.00,43.00,5.00,33.00,43.00,13.00,LOW,,,,,2026-02-24,2027-02-24,365,false,2018-04-12 11:51:00.000,2026-06-24 16:17:32.000
18159,3159,34.00,44.00,2.00,34.00,44.00,14.00,LOW,,,,,2026-06-24,2027-02-24,365,false,2025-09-08 13:29:34.000,2026-06-24 16:17:32.000
18160,3160,35.00,5.00,3.00,35.00,5.00,15.00,LOW,,,,,2026-05-24,2027-02-24,365,false,2015-04-16 06:10:11.000,2026-06-24 16:17:32.000
18161,3161,36.00,6.00,4.00,36.00,6.00,16.00,LOW,,,,,2026-05-24,2027-05-24,365,false,2020-10-25 12:30:33.000,2026-06-24 16:17:32.000
18162,3162,37.00,7.00,2.00,37.00,7.00,17.00,LOW,,,,,2026-02-24,2027-03-24,365,false,2024-10-28 23:11:39.000,2026-06-24 16:17:32.000
18163,3163,38.00,8.00,2.00,38.00,8.00,18.00,LOW,,,,,2026-02-24,2027-01-24,365,false,2005-09-10 03:38:59.000,2026-06-24 16:17:32.000
18164,3164,39.00,9.00,5.00,39.00,9.00,19.00,LOW,,,,,2026-01-24,2027-05-24,365,false,2024-09-26 16:42:03.000,2026-06-24 16:17:32.000
18166,3166,6.00,11.00,3.00,6.00,11.00,21.00,LOW,,,,,2026-04-24,2026-12-24,365,false,2021-10-15 09:10:12.000,2026-06-24 16:17:32.000
18167,3167,7.00,12.00,5.00,7.00,12.00,22.00,LOW,,,,,2026-06-24,2027-04-24,365,false,2024-06-06 16:54:06.000,2026-06-24 16:17:32.000
18168,3168,8.00,13.00,2.00,8.00,13.00,23.00,LOW,,,,,2026-03-24,2027-01-24,365,false,2009-03-12 11:33:32.000,2026-06-24 16:17:32.000
18169,3169,9.00,14.00,4.00,9.00,14.00,24.00,LOW,,,,,2026-03-24,2027-05-24,365,false,2021-04-22 06:20:54.000,2026-06-24 16:17:32.000
18170,3170,10.00,15.00,5.00,10.00,15.00,25.00,LOW,,,,,2026-01-24,2027-05-24,365,false,2001-12-08 03:41:16.000,2026-06-24 16:17:32.000
18172,3172,12.00,17.00,3.00,12.00,17.00,27.00,LOW,,,,,2026-06-24,2026-12-24,365,false,2025-08-21 07:20:15.000,2026-06-24 16:17:32.000
18173,3173,13.00,18.00,5.00,13.00,18.00,28.00,LOW,,,,,2026-06-24,2027-04-24,365,false,2026-01-18 08:56:30.000,2026-06-24 16:17:32.000
18176,3176,16.00,21.00,2.00,16.00,21.00,31.00,LOW,,,,,2026-01-24,2026-12-24,365,false,2024-11-21 17:31:30.000,2026-06-24 16:17:32.000
18178,3178,18.00,23.00,4.00,18.00,23.00,33.00,LOW,,,,,2026-03-24,2027-04-24,365,false,2021-02-21 17:39:12.000,2026-06-24 16:17:32.000
18179,3179,19.00,24.00,2.00,19.00,24.00,34.00,LOW,,,,,2026-06-24,2026-12-24,365,false,2021-06-16 11:11:41.000,2026-06-24 16:17:32.000
18180,3180,20.00,25.00,3.00,20.00,25.00,5.00,LOW,,,,,2026-04-24,2026-12-24,365,false,2025-02-10 16:25:43.000,2026-06-24 16:17:32.000
18182,3182,22.00,27.00,4.00,22.00,27.00,7.00,LOW,,,,,2026-02-24,2026-12-24,365,false,2024-05-01 05:36:24.000,2026-06-24 16:17:32.000
18183,3183,23.00,28.00,3.00,23.00,28.00,8.00,LOW,,,,,2026-01-24,2027-02-24,365,false,2016-03-31 14:04:23.000,2026-06-24 16:17:32.000
18184,3184,24.00,29.00,5.00,24.00,29.00,9.00,LOW,,,,,2026-06-24,2027-05-24,365,false,2022-10-09 06:15:27.000,2026-06-24 16:17:32.000
18185,3185,25.00,30.00,5.00,25.00,30.00,10.00,LOW,,,,,2026-05-24,2027-01-24,365,false,2012-09-19 18:03:34.000,2026-06-24 16:17:32.000
18186,3186,26.00,31.00,4.00,26.00,31.00,11.00,LOW,,,,,2026-02-24,2027-03-24,365,false,2025-06-16 20:06:12.000,2026-06-24 16:17:32.000
18187,3187,27.00,32.00,2.00,27.00,32.00,12.00,LOW,,,,,2026-05-24,2027-04-24,365,false,2006-06-25 04:20:49.000,2026-06-24 16:17:32.000
18191,3191,31.00,36.00,4.00,31.00,36.00,16.00,LOW,,,,,2026-03-24,2026-12-24,365,false,2008-09-16 18:30:58.000,2026-06-24 16:17:32.000
18192,3192,32.00,37.00,5.00,32.00,37.00,17.00,LOW,,,,,2026-03-24,2027-04-24,365,false,2025-02-18 14:35:04.000,2026-06-24 16:17:32.000
18193,3193,33.00,38.00,3.00,33.00,38.00,18.00,LOW,,,,,2026-01-24,2027-03-24,365,false,2024-12-08 03:09:21.000,2026-06-24 16:17:32.000
18194,3194,34.00,39.00,5.00,34.00,39.00,19.00,LOW,,,,,2026-06-24,2027-01-24,365,false,2012-01-03 02:07:47.000,2026-06-24 16:17:32.000
18195,3195,35.00,40.00,4.00,35.00,40.00,20.00,LOW,,,,,2026-05-24,2027-04-24,365,false,2018-12-22 06:13:23.000,2026-06-24 16:17:32.000
18196,3196,36.00,41.00,3.00,36.00,41.00,21.00,LOW,,,,,2026-03-24,2027-03-24,365,false,2020-10-05 19:53:55.000,2026-06-24 16:17:32.000
18199,3199,39.00,44.00,5.00,39.00,44.00,24.00,LOW,,,,,2026-04-24,2027-05-24,365,false,2021-02-28 00:25:19.000,2026-06-24 16:17:32.000
18200,3200,5.00,5.00,2.00,5.00,5.00,25.00,LOW,,,,,2026-05-24,2027-02-24,365,false,2008-12-16 16:38:53.000,2026-06-24 16:17:32.000
18201,3201,6.00,6.00,3.00,6.00,6.00,26.00,LOW,,,,,2026-04-24,2026-12-24,365,false,2016-03-12 08:52:38.000,2026-06-24 16:17:32.000
18203,3203,8.00,8.00,3.00,8.00,8.00,28.00,LOW,,,,,2026-04-24,2027-05-24,365,false,2011-04-09 09:16:05.000,2026-06-24 16:17:32.000
18204,3204,9.00,9.00,4.00,9.00,9.00,29.00,LOW,,,,,2026-06-24,2027-05-24,365,false,2011-10-18 04:43:04.000,2026-06-24 16:17:32.000
18205,3205,10.00,10.00,2.00,10.00,10.00,30.00,LOW,,,,,2026-06-24,2027-04-24,365,false,2023-10-17 06:57:50.000,2026-06-24 16:17:32.000
18207,3207,12.00,12.00,3.00,12.00,12.00,32.00,LOW,,,,,2026-01-24,2027-03-24,365,false,2006-08-09 10:14:09.000,2026-06-24 16:17:32.000
18208,3208,13.00,13.00,5.00,13.00,13.00,33.00,LOW,,,,,2026-04-24,2027-05-24,365,false,2025-12-04 10:01:21.000,2026-06-24 16:17:32.000
18209,3209,14.00,14.00,2.00,14.00,14.00,34.00,LOW,,,,,2026-04-24,2027-03-24,365,false,2011-09-27 04:33:56.000,2026-06-24 16:17:32.000
18210,3210,15.00,15.00,3.00,15.00,15.00,5.00,LOW,,,,,2026-01-24,2027-05-24,365,false,2013-07-10 19:35:04.000,2026-06-24 16:17:32.000
18212,3212,17.00,17.00,3.00,17.00,17.00,7.00,LOW,,,,,2026-03-24,2027-05-24,365,false,2025-12-13 18:06:51.000,2026-06-24 16:17:32.000
18213,3213,18.00,18.00,2.00,18.00,18.00,8.00,LOW,,,,,2026-04-24,2027-02-24,365,false,2026-05-16 10:14:16.000,2026-06-24 16:17:32.000
18216,3216,21.00,21.00,4.00,21.00,21.00,11.00,LOW,,,,,2026-03-24,2027-01-24,365,false,2015-05-20 06:26:47.000,2026-06-24 16:17:32.000
18218,3218,23.00,23.00,5.00,23.00,23.00,13.00,LOW,,,,,2026-02-24,2027-05-24,365,false,2015-12-19 11:39:22.000,2026-06-24 16:17:32.000
18219,3219,24.00,24.00,3.00,24.00,24.00,14.00,LOW,,,,,2026-06-24,2027-02-24,365,false,2003-04-05 01:14:08.000,2026-06-24 16:17:32.000
18220,3220,25.00,25.00,2.00,25.00,25.00,15.00,LOW,,,,,2026-01-24,2026-12-24,365,false,2022-11-26 14:36:36.000,2026-06-24 16:17:32.000
18221,3221,26.00,26.00,3.00,26.00,26.00,16.00,LOW,,,,,2026-05-24,2026-12-24,365,false,2019-01-13 02:08:52.000,2026-06-24 16:17:32.000
18222,3222,27.00,27.00,2.00,27.00,27.00,17.00,LOW,,,,,2026-02-24,2027-01-24,365,false,2021-08-19 21:08:28.000,2026-06-24 16:17:32.000
18224,3224,29.00,29.00,5.00,29.00,29.00,19.00,LOW,,,,,2026-03-24,2027-05-24,365,false,2013-01-22 01:21:15.000,2026-06-24 16:17:32.000
18225,3225,30.00,30.00,5.00,30.00,30.00,20.00,LOW,,,,,2026-04-24,2027-02-24,365,false,2022-04-29 13:14:45.000,2026-06-24 16:17:32.000
18227,3227,32.00,32.00,3.00,32.00,32.00,22.00,LOW,,,,,2026-01-24,2027-03-24,365,false,2022-12-01 01:17:35.000,2026-06-24 16:17:32.000
18229,3229,34.00,34.00,5.00,34.00,34.00,24.00,LOW,,,,,2026-01-24,2027-04-24,365,false,2014-12-24 06:30:34.000,2026-06-24 16:17:32.000
18230,3230,35.00,35.00,3.00,35.00,35.00,25.00,LOW,,,,,2026-04-24,2027-02-24,365,false,2025-12-13 13:40:34.000,2026-06-24 16:17:32.000
18231,3231,36.00,36.00,4.00,36.00,36.00,26.00,LOW,,,,,2026-02-24,2027-01-24,365,false,2023-05-02 01:26:54.000,2026-06-24 16:17:32.000
18233,3233,38.00,38.00,2.00,38.00,38.00,28.00,LOW,,,,,2026-01-24,2026-12-24,365,false,1997-06-02 07:16:02.000,2026-06-24 16:17:32.000
18234,3234,39.00,39.00,4.00,39.00,39.00,29.00,LOW,,,,,2026-01-24,2027-04-24,365,false,2022-08-30 04:39:39.000,2026-06-24 16:17:32.000
18235,3235,5.00,40.00,3.00,5.00,40.00,30.00,LOW,,,,,2026-04-24,2027-01-24,365,false,2024-11-16 06:12:58.000,2026-06-24 16:17:32.000
18237,3237,7.00,42.00,5.00,7.00,42.00,32.00,LOW,,,,,2026-04-24,2027-04-24,365,false,2017-07-07 06:33:29.000,2026-06-24 16:17:32.000
18238,3238,8.00,43.00,5.00,8.00,43.00,33.00,LOW,,,,,2026-02-24,2027-05-24,365,false,2023-10-18 09:10:59.000,2026-06-24 16:17:32.000
18239,3239,9.00,44.00,3.00,9.00,44.00,34.00,LOW,,,,,2026-05-24,2027-05-24,365,false,2013-06-13 22:31:18.000,2026-06-24 16:17:32.000
18240,3240,10.00,5.00,5.00,10.00,5.00,5.00,LOW,,,,,2026-06-24,2027-02-24,365,false,2015-03-18 02:17:44.000,2026-06-24 16:17:32.000
18241,3241,11.00,6.00,3.00,11.00,6.00,6.00,LOW,,,,,2026-05-24,2027-01-24,365,false,2018-10-30 15:16:39.000,2026-06-24 16:17:32.000
18244,3244,14.00,9.00,5.00,14.00,9.00,9.00,LOW,,,,,2026-02-24,2027-03-24,365,false,2025-01-06 06:54:50.000,2026-06-24 16:17:32.000
18245,3245,15.00,10.00,3.00,15.00,10.00,10.00,LOW,,,,,2026-01-24,2027-03-24,365,false,2025-07-15 00:28:43.000,2026-06-24 16:17:32.000
18246,3246,16.00,11.00,2.00,16.00,11.00,11.00,LOW,,,,,2026-05-24,2027-05-24,365,false,2020-12-13 16:55:18.000,2026-06-24 16:17:32.000
18247,3247,17.00,12.00,2.00,17.00,12.00,12.00,LOW,,,,,2026-06-24,2027-02-24,365,false,2024-12-19 23:27:10.000,2026-06-24 16:17:32.000
18248,3248,18.00,13.00,3.00,18.00,13.00,13.00,LOW,,,,,2026-03-24,2027-03-24,365,false,2021-08-19 23:18:51.000,2026-06-24 16:17:32.000
18249,3249,19.00,14.00,2.00,19.00,14.00,14.00,LOW,,,,,2026-02-24,2027-01-24,365,false,2022-06-03 09:26:01.000,2026-06-24 16:17:32.000
18250,3250,20.00,15.00,5.00,20.00,15.00,15.00,LOW,,,,,2026-06-24,2027-03-24,365,false,2020-10-09 15:13:26.000,2026-06-24 16:17:32.000
18251,3251,21.00,16.00,2.00,21.00,16.00,16.00,LOW,,,,,2026-05-24,2027-04-24,365,false,2022-02-26 14:43:52.000,2026-06-24 16:17:32.000
18254,3254,24.00,19.00,3.00,24.00,19.00,19.00,LOW,,,,,2026-01-24,2027-03-24,365,false,2020-01-03 09:08:35.000,2026-06-24 16:17:32.000
18255,3255,25.00,20.00,5.00,25.00,20.00,20.00,LOW,,,,,2026-01-24,2027-01-24,365,false,2016-02-22 13:13:41.000,2026-06-24 16:17:32.000
18256,3256,26.00,21.00,3.00,26.00,21.00,21.00,LOW,,,,,2026-06-24,2026-12-24,365,false,1999-03-02 14:03:23.000,2026-06-24 16:17:32.000
18257,3257,27.00,22.00,4.00,27.00,22.00,22.00,LOW,,,,,2026-02-24,2027-04-24,365,false,2005-10-06 11:05:16.000,2026-06-24 16:17:32.000
18258,3258,28.00,23.00,5.00,28.00,23.00,23.00,LOW,,,,,2026-06-24,2027-02-24,365,false,2021-02-14 22:16:09.000,2026-06-24 16:17:32.000
18259,3259,29.00,24.00,4.00,29.00,24.00,24.00,LOW,,,,,2026-06-24,2027-02-24,365,false,2024-03-11 23:55:01.000,2026-06-24 16:17:32.000
18261,3261,31.00,26.00,4.00,31.00,26.00,26.00,LOW,,,,,2026-01-24,2027-05-24,365,false,2024-08-01 18:52:58.000,2026-06-24 16:17:32.000
18262,3262,32.00,27.00,2.00,32.00,27.00,27.00,LOW,,,,,2026-02-24,2027-01-24,365,false,2024-01-17 22:04:38.000,2026-06-24 16:17:32.000
18263,3263,33.00,28.00,5.00,33.00,28.00,28.00,LOW,,,,,2026-02-24,2027-04-24,365,false,2012-03-08 13:16:26.000,2026-06-24 16:17:32.000
18264,3264,34.00,29.00,5.00,34.00,29.00,29.00,LOW,,,,,2026-04-24,2027-01-24,365,false,2023-06-02 01:23:05.000,2026-06-24 16:17:32.000
18265,3265,35.00,30.00,3.00,35.00,30.00,30.00,LOW,,,,,2026-03-24,2027-04-24,365,false,2025-08-30 06:49:11.000,2026-06-24 16:17:32.000
18267,3267,37.00,32.00,3.00,37.00,32.00,32.00,LOW,,,,,2026-04-24,2027-03-24,365,false,2017-03-20 07:53:36.000,2026-06-24 16:17:32.000
18268,3268,38.00,33.00,2.00,38.00,33.00,33.00,LOW,,,,,2026-05-24,2027-02-24,365,false,2022-10-07 22:04:11.000,2026-06-24 16:17:32.000
18270,3270,5.00,35.00,3.00,5.00,35.00,5.00,LOW,,,,,2026-01-24,2026-12-24,365,false,2024-07-28 08:25:23.000,2026-06-24 16:17:32.000
18272,3272,7.00,37.00,4.00,7.00,37.00,7.00,LOW,,,,,2026-06-24,2027-05-24,365,false,2016-10-28 14:31:26.000,2026-06-24 16:17:32.000
18273,3273,8.00,38.00,4.00,8.00,38.00,8.00,LOW,,,,,2026-03-24,2026-12-24,365,false,2021-07-15 10:14:27.000,2026-06-24 16:17:32.000
18275,3275,10.00,40.00,4.00,10.00,40.00,10.00,LOW,,,,,2026-03-24,2026-12-24,365,false,2026-04-07 02:44:08.000,2026-06-24 16:17:32.000
18276,3276,11.00,41.00,4.00,11.00,41.00,11.00,LOW,,,,,2026-06-24,2027-02-24,365,false,2000-02-15 18:45:43.000,2026-06-24 16:17:32.000
18277,3277,12.00,42.00,5.00,12.00,42.00,12.00,LOW,,,,,2026-02-24,2027-05-24,365,false,2022-12-20 01:41:39.000,2026-06-24 16:17:32.000
18279,3279,14.00,44.00,3.00,14.00,44.00,14.00,LOW,,,,,2026-06-24,2027-02-24,365,false,2017-11-08 02:03:46.000,2026-06-24 16:17:32.000
18283,3283,18.00,8.00,3.00,18.00,8.00,18.00,LOW,,,,,2026-02-24,2027-02-24,365,false,2024-08-19 20:28:30.000,2026-06-24 16:17:32.000
18284,3284,19.00,9.00,2.00,19.00,9.00,19.00,LOW,,,,,2026-06-24,2027-04-24,365,false,2018-08-30 23:53:39.000,2026-06-24 16:17:32.000
18286,3286,21.00,11.00,5.00,21.00,11.00,21.00,LOW,,,,,2026-06-24,2027-02-24,365,false,2015-02-20 03:15:48.000,2026-06-24 16:17:32.000
18290,3290,25.00,15.00,5.00,25.00,15.00,25.00,LOW,,,,,2026-02-24,2026-12-24,365,false,2024-12-01 17:57:17.000,2026-06-24 16:17:32.000
18291,3291,26.00,16.00,3.00,26.00,16.00,26.00,LOW,,,,,2026-02-24,2027-02-24,365,false,2023-10-20 01:59:10.000,2026-06-24 16:17:32.000
18292,3292,27.00,17.00,3.00,27.00,17.00,27.00,LOW,,,,,2026-05-24,2027-03-24,365,false,2022-09-11 05:05:31.000,2026-06-24 16:17:32.000
18294,3294,29.00,19.00,3.00,29.00,19.00,29.00,LOW,,,,,2026-05-24,2027-05-24,365,false,2010-02-09 02:18:01.000,2026-06-24 16:17:32.000
18295,3295,30.00,20.00,3.00,30.00,20.00,30.00,LOW,,,,,2026-04-24,2027-03-24,365,false,2020-02-01 19:36:29.000,2026-06-24 16:17:32.000
18296,3296,31.00,21.00,5.00,31.00,21.00,31.00,LOW,,,,,2026-05-24,2027-01-24,365,false,2004-12-02 02:39:50.000,2026-06-24 16:17:32.000
18298,3298,33.00,23.00,3.00,33.00,23.00,33.00,LOW,,,,,2026-05-24,2027-02-24,365,false,2020-02-04 00:03:54.000,2026-06-24 16:17:32.000
18299,3299,34.00,24.00,3.00,34.00,24.00,34.00,LOW,,,,,2026-03-24,2026-12-24,365,false,2017-01-21 17:23:55.000,2026-06-24 16:17:32.000
18300,3300,35.00,25.00,3.00,35.00,25.00,5.00,LOW,,,,,2026-03-24,2027-01-24,365,false,2019-01-20 20:41:11.000,2026-06-24 16:17:32.000
18303,3303,38.00,28.00,5.00,38.00,28.00,8.00,LOW,,,,,2026-02-24,2027-01-24,365,false,2020-12-12 17:35:21.000,2026-06-24 16:17:32.000
18304,3304,39.00,29.00,4.00,39.00,29.00,9.00,LOW,,,,,2026-04-24,2027-03-24,365,false,2017-07-12 17:22:08.000,2026-06-24 16:17:32.000
18305,3305,5.00,30.00,4.00,5.00,30.00,10.00,LOW,,,,,2026-05-24,2027-04-24,365,false,2008-02-20 16:09:57.000,2026-06-24 16:17:32.000
18306,3306,6.00,31.00,5.00,6.00,31.00,11.00,LOW,,,,,2026-01-24,2027-02-24,365,false,2007-11-23 04:34:29.000,2026-06-24 16:17:32.000
18308,3308,8.00,33.00,5.00,8.00,33.00,13.00,LOW,,,,,2026-05-24,2026-12-24,365,false,2024-04-10 01:08:47.000,2026-06-24 16:17:32.000
18309,3309,9.00,34.00,3.00,9.00,34.00,14.00,LOW,,,,,2026-03-24,2027-03-24,365,false,2015-12-06 23:50:18.000,2026-06-24 16:17:32.000
18310,3310,10.00,35.00,5.00,10.00,35.00,15.00,LOW,,,,,2026-04-24,2027-03-24,365,false,2012-10-01 13:49:44.000,2026-06-24 16:17:32.000
18311,3311,11.00,36.00,5.00,11.00,36.00,16.00,LOW,,,,,2026-06-24,2027-04-24,365,false,2025-11-12 19:35:46.000,2026-06-24 16:17:32.000
18312,3312,12.00,37.00,2.00,12.00,37.00,17.00,LOW,,,,,2026-04-24,2027-03-24,365,false,1997-06-17 06:45:23.000,2026-06-24 16:17:32.000
18313,3313,13.00,38.00,2.00,13.00,38.00,18.00,LOW,,,,,2026-01-24,2027-02-24,365,false,2025-01-06 03:52:26.000,2026-06-24 16:17:32.000
18314,3314,14.00,39.00,5.00,14.00,39.00,19.00,LOW,,,,,2026-01-24,2027-01-24,365,false,2019-11-23 18:40:39.000,2026-06-24 16:17:32.000
18315,3315,15.00,40.00,4.00,15.00,40.00,20.00,LOW,,,,,2026-05-24,2027-04-24,365,false,2026-06-23 18:25:38.000,2026-06-24 16:17:32.000
18318,3318,18.00,43.00,2.00,18.00,43.00,23.00,LOW,,,,,2026-03-24,2027-05-24,365,false,2022-11-01 00:32:48.000,2026-06-24 16:17:32.000
18320,3320,20.00,5.00,4.00,20.00,5.00,25.00,LOW,,,,,2026-01-24,2027-04-24,365,false,2000-12-10 18:02:56.000,2026-06-24 16:17:32.000
18322,3322,22.00,7.00,3.00,22.00,7.00,27.00,LOW,,,,,2026-01-24,2026-12-24,365,false,2015-05-28 13:01:06.000,2026-06-24 16:17:32.000
18323,3323,23.00,8.00,2.00,23.00,8.00,28.00,LOW,,,,,2026-01-24,2027-01-24,365,false,2025-10-24 05:35:31.000,2026-06-24 16:17:32.000
18331,3331,31.00,16.00,2.00,31.00,16.00,6.00,LOW,,,,,2026-02-24,2027-04-24,365,false,2009-10-28 02:15:38.000,2026-06-24 16:17:32.000
18332,3332,32.00,17.00,4.00,32.00,17.00,7.00,LOW,,,,,2026-05-24,2027-04-24,365,false,2024-07-31 03:55:52.000,2026-06-24 16:17:32.000
18333,3333,33.00,18.00,4.00,33.00,18.00,8.00,LOW,,,,,2026-04-24,2026-12-24,365,false,2026-03-12 01:23:18.000,2026-06-24 16:17:32.000
18336,3336,36.00,21.00,4.00,36.00,21.00,11.00,LOW,,,,,2026-03-24,2027-01-24,365,false,2010-08-22 08:26:12.000,2026-06-24 16:17:32.000
18337,3337,37.00,22.00,3.00,37.00,22.00,12.00,LOW,,,,,2026-06-24,2026-12-24,365,false,2021-08-26 17:40:48.000,2026-06-24 16:17:32.000
18339,3339,39.00,24.00,5.00,39.00,24.00,14.00,LOW,,,,,2026-01-24,2026-12-24,365,false,2008-01-22 06:04:23.000,2026-06-24 16:17:32.000
18343,3343,8.00,28.00,3.00,8.00,28.00,18.00,LOW,,,,,2026-05-24,2027-02-24,365,false,2023-09-18 03:50:13.000,2026-06-24 16:17:32.000
18346,3346,11.00,31.00,4.00,11.00,31.00,21.00,LOW,,,,,2026-06-24,2027-05-24,365,false,2015-05-31 18:46:11.000,2026-06-24 16:17:32.000
18347,3347,12.00,32.00,2.00,12.00,32.00,22.00,LOW,,,,,2026-05-24,2027-02-24,365,false,2025-07-16 03:59:57.000,2026-06-24 16:17:32.000
18349,3349,14.00,34.00,3.00,14.00,34.00,24.00,LOW,,,,,2026-01-24,2027-05-24,365,false,2021-12-31 20:13:58.000,2026-06-24 16:17:32.000
18350,3350,15.00,35.00,5.00,15.00,35.00,25.00,LOW,,,,,2026-05-24,2027-03-24,365,false,2024-06-05 23:57:11.000,2026-06-24 16:17:32.000
18351,3351,16.00,36.00,4.00,16.00,36.00,26.00,LOW,,,,,2026-03-24,2026-12-24,365,false,1997-04-18 16:09:39.000,2026-06-24 16:17:32.000
18353,3353,18.00,38.00,4.00,18.00,38.00,28.00,LOW,,,,,2026-03-24,2027-02-24,365,false,2000-05-04 10:38:53.000,2026-06-24 16:17:32.000
18355,3355,20.00,40.00,4.00,20.00,40.00,30.00,LOW,,,,,2026-04-24,2027-01-24,365,false,2017-09-17 18:21:14.000,2026-06-24 16:17:32.000
18358,3358,23.00,43.00,2.00,23.00,43.00,33.00,LOW,,,,,2026-03-24,2026-12-24,365,false,2024-02-02 01:09:04.000,2026-06-24 16:17:32.000
18360,3360,25.00,5.00,5.00,25.00,5.00,5.00,LOW,,,,,2026-05-24,2027-04-24,365,false,2024-06-09 14:37:38.000,2026-06-24 16:17:32.000
18362,3362,27.00,7.00,5.00,27.00,7.00,7.00,LOW,,,,,2026-06-24,2027-02-24,365,false,2025-12-01 07:07:46.000,2026-06-24 16:17:32.000
18365,3365,30.00,10.00,4.00,30.00,10.00,10.00,LOW,,,,,2026-06-24,2027-01-24,365,false,2017-01-24 18:52:07.000,2026-06-24 16:17:32.000
18366,3366,31.00,11.00,2.00,31.00,11.00,11.00,LOW,,,,,2026-01-24,2027-04-24,365,false,2002-10-05 01:50:01.000,2026-06-24 16:17:32.000
18367,3367,32.00,12.00,4.00,32.00,12.00,12.00,LOW,,,,,2026-04-24,2027-01-24,365,false,2024-03-15 13:17:05.000,2026-06-24 16:17:32.000
18368,3368,33.00,13.00,2.00,33.00,13.00,13.00,LOW,,,,,2026-01-24,2027-05-24,365,false,2020-11-11 13:48:17.000,2026-06-24 16:17:32.000
18370,3370,35.00,15.00,2.00,35.00,15.00,15.00,LOW,,,,,2026-02-24,2027-02-24,365,false,2019-08-03 04:53:55.000,2026-06-24 16:17:32.000
18371,3371,36.00,16.00,2.00,36.00,16.00,16.00,LOW,,,,,2026-05-24,2027-04-24,365,false,2010-11-09 10:35:37.000,2026-06-24 16:17:32.000
18373,3373,38.00,18.00,5.00,38.00,18.00,18.00,LOW,,,,,2026-02-24,2026-12-24,365,false,2026-06-18 05:23:25.000,2026-06-24 16:17:32.000
18374,3374,39.00,19.00,2.00,39.00,19.00,19.00,LOW,,,,,2026-06-24,2027-03-24,365,false,2014-06-17 11:51:17.000,2026-06-24 16:17:32.000
18375,3375,5.00,20.00,3.00,5.00,20.00,20.00,LOW,,,,,2026-06-24,2027-05-24,365,false,2024-03-27 02:47:46.000,2026-06-24 16:17:32.000
18377,3377,7.00,22.00,3.00,7.00,22.00,22.00,LOW,,,,,2026-05-24,2027-03-24,365,false,2013-01-30 21:36:49.000,2026-06-24 16:17:32.000
18379,3379,9.00,24.00,4.00,9.00,24.00,24.00,LOW,,,,,2026-04-24,2026-12-24,365,false,2018-09-06 19:06:27.000,2026-06-24 16:17:32.000
18380,3380,10.00,25.00,2.00,10.00,25.00,25.00,LOW,,,,,2026-05-24,2027-01-24,365,false,2013-03-26 22:34:51.000,2026-06-24 16:17:32.000
18381,3381,11.00,26.00,5.00,11.00,26.00,26.00,LOW,,,,,2026-04-24,2027-05-24,365,false,2013-04-11 20:05:56.000,2026-06-24 16:17:32.000
18382,3382,12.00,27.00,5.00,12.00,27.00,27.00,LOW,,,,,2026-04-24,2026-12-24,365,false,2024-10-14 06:46:49.000,2026-06-24 16:17:32.000
18384,3384,14.00,29.00,4.00,14.00,29.00,29.00,LOW,,,,,2026-05-24,2027-01-24,365,false,2005-04-26 02:41:56.000,2026-06-24 16:17:32.000
18387,3387,17.00,32.00,5.00,17.00,32.00,32.00,LOW,,,,,2026-02-24,2027-05-24,365,false,2003-06-20 12:01:43.000,2026-06-24 16:17:32.000
18388,3388,18.00,33.00,4.00,18.00,33.00,33.00,LOW,,,,,2026-03-24,2027-03-24,365,false,2025-01-11 17:41:14.000,2026-06-24 16:17:32.000
18389,3389,19.00,34.00,2.00,19.00,34.00,34.00,LOW,,,,,2026-04-24,2027-05-24,365,false,2026-06-17 23:22:32.000,2026-06-24 16:17:32.000
18390,3390,20.00,35.00,3.00,20.00,35.00,5.00,LOW,,,,,2026-04-24,2027-05-24,365,false,2025-11-21 22:11:01.000,2026-06-24 16:17:32.000
18391,3391,21.00,36.00,2.00,21.00,36.00,6.00,LOW,,,,,2026-04-24,2026-12-24,365,false,2013-07-13 03:02:15.000,2026-06-24 16:17:32.000
18393,3393,23.00,38.00,4.00,23.00,38.00,8.00,LOW,,,,,2026-01-24,2027-04-24,365,false,2022-02-26 04:36:08.000,2026-06-24 16:17:32.000
18395,3395,25.00,40.00,2.00,25.00,40.00,10.00,LOW,,,,,2026-06-24,2027-04-24,365,false,2022-07-09 07:36:03.000,2026-06-24 16:17:32.000
18396,3396,26.00,41.00,4.00,26.00,41.00,11.00,LOW,,,,,2026-03-24,2027-05-24,365,false,2016-12-26 12:07:51.000,2026-06-24 16:17:32.000
18398,3398,28.00,43.00,3.00,28.00,43.00,13.00,LOW,,,,,2026-04-24,2026-12-24,365,false,2024-11-17 12:34:23.000,2026-06-24 16:17:32.000
18400,3400,30.00,5.00,5.00,30.00,5.00,15.00,LOW,,,,,2026-03-24,2026-12-24,365,false,2023-08-23 11:08:55.000,2026-06-24 16:17:32.000
18401,3401,31.00,6.00,3.00,31.00,6.00,16.00,LOW,,,,,2026-06-24,2026-12-24,365,false,2023-06-29 08:58:41.000,2026-06-24 16:17:32.000
18402,3402,32.00,7.00,4.00,32.00,7.00,17.00,LOW,,,,,2026-01-24,2027-02-24,365,false,2026-03-26 17:24:54.000,2026-06-24 16:17:32.000
18404,3404,34.00,9.00,3.00,34.00,9.00,19.00,LOW,,,,,2026-04-24,2027-04-24,365,false,2000-08-01 06:36:41.000,2026-06-24 16:17:32.000
18405,3405,35.00,10.00,3.00,35.00,10.00,20.00,LOW,,,,,2026-01-24,2027-04-24,365,false,2011-04-19 10:25:30.000,2026-06-24 16:17:32.000
18406,3406,36.00,11.00,4.00,36.00,11.00,21.00,LOW,,,,,2026-03-24,2027-03-24,365,false,2012-07-14 10:50:42.000,2026-06-24 16:17:32.000
18408,3408,38.00,13.00,2.00,38.00,13.00,23.00,LOW,,,,,2026-06-24,2027-04-24,365,false,2004-02-05 20:34:22.000,2026-06-24 16:17:32.000
18413,3413,8.00,18.00,4.00,8.00,18.00,28.00,LOW,,,,,2026-01-24,2027-01-24,365,false,2024-03-19 12:32:48.000,2026-06-24 16:17:32.000
18414,3414,9.00,19.00,4.00,9.00,19.00,29.00,LOW,,,,,2026-03-24,2027-03-24,365,false,2016-03-21 01:05:21.000,2026-06-24 16:17:32.000
18416,3416,11.00,21.00,3.00,11.00,21.00,31.00,LOW,,,,,2026-02-24,2027-01-24,365,false,2021-08-25 09:57:00.000,2026-06-24 16:17:32.000
18417,3417,12.00,22.00,5.00,12.00,22.00,32.00,LOW,,,,,2026-06-24,2027-02-24,365,false,1999-02-13 22:47:13.000,2026-06-24 16:17:32.000
18418,3418,13.00,23.00,5.00,13.00,23.00,33.00,LOW,,,,,2026-05-24,2027-05-24,365,false,2018-04-17 19:00:41.000,2026-06-24 16:17:32.000
18419,3419,14.00,24.00,5.00,14.00,24.00,34.00,LOW,,,,,2026-04-24,2027-01-24,365,false,2007-08-26 08:59:04.000,2026-06-24 16:17:32.000
18420,3420,15.00,25.00,2.00,15.00,25.00,5.00,LOW,,,,,2026-01-24,2027-03-24,365,false,2025-06-23 19:44:34.000,2026-06-24 16:17:32.000
18421,3421,16.00,26.00,5.00,16.00,26.00,6.00,LOW,,,,,2026-01-24,2027-04-24,365,false,2004-02-11 14:47:47.000,2026-06-24 16:17:32.000
18422,3422,17.00,27.00,5.00,17.00,27.00,7.00,LOW,,,,,2026-01-24,2027-01-24,365,false,2011-12-07 18:43:17.000,2026-06-24 16:17:32.000
18423,3423,18.00,28.00,4.00,18.00,28.00,8.00,LOW,,,,,2026-05-24,2027-05-24,365,false,2007-05-09 15:14:19.000,2026-06-24 16:17:32.000
18424,3424,19.00,29.00,2.00,19.00,29.00,9.00,LOW,,,,,2026-03-24,2027-05-24,365,false,2024-12-07 07:03:56.000,2026-06-24 16:17:32.000
18425,3425,20.00,30.00,4.00,20.00,30.00,10.00,LOW,,,,,2026-01-24,2026-12-24,365,false,2025-03-18 01:17:12.000,2026-06-24 16:17:32.000
18426,3426,21.00,31.00,5.00,21.00,31.00,11.00,LOW,,,,,2026-05-24,2026-12-24,365,false,2023-08-06 15:35:57.000,2026-06-24 16:17:32.000
18427,3427,22.00,32.00,4.00,22.00,32.00,12.00,LOW,,,,,2026-03-24,2027-04-24,365,false,2006-12-02 11:56:34.000,2026-06-24 16:17:32.000
18428,3428,23.00,33.00,3.00,23.00,33.00,13.00,LOW,,,,,2026-04-24,2027-01-24,365,false,2025-05-27 09:59:57.000,2026-06-24 16:17:32.000
18429,3429,24.00,34.00,2.00,24.00,34.00,14.00,LOW,,,,,2026-06-24,2027-02-24,365,false,2018-05-14 16:46:35.000,2026-06-24 16:17:32.000
18431,3431,26.00,36.00,2.00,26.00,36.00,16.00,LOW,,,,,2026-03-24,2027-02-24,365,false,2024-03-01 14:49:24.000,2026-06-24 16:17:32.000
18432,3432,27.00,37.00,2.00,27.00,37.00,17.00,LOW,,,,,2026-06-24,2027-03-24,365,false,2023-11-27 08:59:26.000,2026-06-24 16:17:32.000
18435,3435,30.00,40.00,5.00,30.00,40.00,20.00,LOW,,,,,2026-04-24,2027-01-24,365,false,2024-10-28 16:44:52.000,2026-06-24 16:17:32.000
18436,3436,31.00,41.00,4.00,31.00,41.00,21.00,LOW,,,,,2026-05-24,2027-03-24,365,false,2025-09-06 03:56:43.000,2026-06-24 16:17:32.000
18438,3438,33.00,43.00,2.00,33.00,43.00,23.00,LOW,,,,,2026-04-24,2027-01-24,365,false,2020-07-20 10:29:15.000,2026-06-24 16:17:32.000
18440,3440,35.00,5.00,3.00,35.00,5.00,25.00,LOW,,,,,2026-05-24,2027-03-24,365,false,2024-09-16 12:40:22.000,2026-06-24 16:17:32.000
18441,3441,36.00,6.00,3.00,36.00,6.00,26.00,LOW,,,,,2026-04-24,2027-04-24,365,false,2013-04-06 13:40:34.000,2026-06-24 16:17:32.000
18444,3444,39.00,9.00,3.00,39.00,9.00,29.00,LOW,,,,,2026-02-24,2027-03-24,365,false,2015-05-17 01:33:07.000,2026-06-24 16:17:32.000
18445,3445,5.00,10.00,3.00,5.00,10.00,30.00,LOW,,,,,2026-05-24,2027-04-24,365,false,2024-12-18 13:55:24.000,2026-06-24 16:17:32.000
18446,3446,6.00,11.00,5.00,6.00,11.00,31.00,LOW,,,,,2026-02-24,2027-02-24,365,false,2020-01-05 10:57:35.000,2026-06-24 16:17:32.000
18448,3448,8.00,13.00,5.00,8.00,13.00,33.00,LOW,,,,,2026-02-24,2026-12-24,365,false,2012-07-08 05:26:29.000,2026-06-24 16:17:32.000
18451,3451,11.00,16.00,4.00,11.00,16.00,6.00,LOW,,,,,2026-05-24,2027-04-24,365,false,2024-11-22 14:06:46.000,2026-06-24 16:17:32.000
18456,3456,16.00,21.00,2.00,16.00,21.00,11.00,LOW,,,,,2026-04-24,2027-04-24,365,false,2025-12-04 04:28:07.000,2026-06-24 16:17:32.000
18457,3457,17.00,22.00,4.00,17.00,22.00,12.00,LOW,,,,,2026-03-24,2027-02-24,365,false,2017-04-02 23:55:31.000,2026-06-24 16:17:32.000
18458,3458,18.00,23.00,4.00,18.00,23.00,13.00,LOW,,,,,2026-01-24,2027-05-24,365,false,2022-05-06 13:07:44.000,2026-06-24 16:17:32.000
18459,3459,19.00,24.00,4.00,19.00,24.00,14.00,LOW,,,,,2026-03-24,2027-01-24,365,false,2017-09-26 21:35:07.000,2026-06-24 16:17:32.000
18460,3460,20.00,25.00,2.00,20.00,25.00,15.00,LOW,,,,,2026-06-24,2027-02-24,365,false,2005-04-16 07:37:13.000,2026-06-24 16:17:32.000
18461,3461,21.00,26.00,2.00,21.00,26.00,16.00,LOW,,,,,2026-03-24,2027-02-24,365,false,2011-03-11 09:58:40.000,2026-06-24 16:17:32.000
18462,3462,22.00,27.00,4.00,22.00,27.00,17.00,LOW,,,,,2026-03-24,2027-03-24,365,false,2023-11-27 23:01:35.000,2026-06-24 16:17:32.000
18463,3463,23.00,28.00,3.00,23.00,28.00,18.00,LOW,,,,,2026-06-24,2027-04-24,365,false,2018-05-17 15:57:49.000,2026-06-24 16:17:32.000
18465,3465,25.00,30.00,5.00,25.00,30.00,20.00,LOW,,,,,2026-04-24,2027-04-24,365,false,2013-03-11 08:29:04.000,2026-06-24 16:17:32.000
18466,3466,26.00,31.00,2.00,26.00,31.00,21.00,LOW,,,,,2026-01-24,2027-03-24,365,false,2025-02-27 17:40:30.000,2026-06-24 16:17:32.000
18467,3467,27.00,32.00,5.00,27.00,32.00,22.00,LOW,,,,,2026-03-24,2027-05-24,365,false,2007-05-13 19:29:24.000,2026-06-24 16:17:32.000
18468,3468,28.00,33.00,5.00,28.00,33.00,23.00,LOW,,,,,2026-01-24,2027-04-24,365,false,2026-06-11 16:57:08.000,2026-06-24 16:17:32.000
18469,3469,29.00,34.00,5.00,29.00,34.00,24.00,LOW,,,,,2026-04-24,2027-01-24,365,false,2017-11-03 04:13:28.000,2026-06-24 16:17:32.000
18470,3470,30.00,35.00,2.00,30.00,35.00,25.00,LOW,,,,,2026-05-24,2026-12-24,365,false,2025-06-29 23:50:04.000,2026-06-24 16:17:32.000
18471,3471,31.00,36.00,2.00,31.00,36.00,26.00,LOW,,,,,2026-01-24,2027-02-24,365,false,2009-04-23 10:32:39.000,2026-06-24 16:17:32.000
18473,3473,33.00,38.00,3.00,33.00,38.00,28.00,LOW,,,,,2026-02-24,2026-12-24,365,false,2024-12-04 12:04:35.000,2026-06-24 16:17:32.000
18474,3474,34.00,39.00,5.00,34.00,39.00,29.00,LOW,,,,,2026-04-24,2027-01-24,365,false,2024-09-14 00:29:28.000,2026-06-24 16:17:32.000
18476,3476,36.00,41.00,2.00,36.00,41.00,31.00,LOW,,,,,2026-06-24,2027-04-24,365,false,2021-08-01 19:50:54.000,2026-06-24 16:17:32.000
18477,3477,37.00,42.00,5.00,37.00,42.00,32.00,LOW,,,,,2026-05-24,2027-05-24,365,false,2012-12-20 06:29:01.000,2026-06-24 16:17:32.000
18479,3479,39.00,44.00,2.00,39.00,44.00,34.00,LOW,,,,,2026-02-24,2026-12-24,365,false,2025-02-28 01:33:17.000,2026-06-24 16:17:32.000
18480,3480,5.00,5.00,2.00,5.00,5.00,5.00,LOW,,,,,2026-04-24,2026-12-24,365,false,2023-11-27 07:00:16.000,2026-06-24 16:17:32.000
18481,3481,6.00,6.00,2.00,6.00,6.00,6.00,LOW,,,,,2026-03-24,2027-05-24,365,false,2022-06-07 13:03:49.000,2026-06-24 16:17:32.000
18482,3482,7.00,7.00,2.00,7.00,7.00,7.00,LOW,,,,,2026-01-24,2027-01-24,365,false,2023-08-09 14:51:33.000,2026-06-24 16:17:32.000
18483,3483,8.00,8.00,3.00,8.00,8.00,8.00,LOW,,,,,2026-02-24,2027-03-24,365,false,2020-05-12 07:02:41.000,2026-06-24 16:17:32.000
18484,3484,9.00,9.00,3.00,9.00,9.00,9.00,LOW,,,,,2026-02-24,2027-04-24,365,false,2024-11-19 17:27:41.000,2026-06-24 16:17:32.000
18485,3485,10.00,10.00,2.00,10.00,10.00,10.00,LOW,,,,,2026-04-24,2027-01-24,365,false,2020-10-12 19:59:12.000,2026-06-24 16:17:32.000
18487,3487,12.00,12.00,2.00,12.00,12.00,12.00,LOW,,,,,2026-03-24,2027-04-24,365,false,2023-04-25 15:39:29.000,2026-06-24 16:17:32.000
18495,3495,20.00,20.00,4.00,20.00,20.00,20.00,LOW,,,,,2026-03-24,2027-02-24,365,false,2016-08-08 01:00:59.000,2026-06-24 16:17:32.000
18499,3499,24.00,24.00,4.00,24.00,24.00,24.00,LOW,,,,,2026-03-24,2027-04-24,365,false,2025-12-23 02:29:59.000,2026-06-24 16:17:32.000
18500,3500,25.00,25.00,4.00,25.00,25.00,25.00,LOW,,,,,2026-03-24,2027-03-24,365,false,2017-11-18 05:06:27.000,2026-06-24 16:17:32.000
18501,3501,26.00,26.00,4.00,26.00,26.00,26.00,LOW,,,,,2026-03-24,2026-12-24,365,false,2014-11-24 22:11:31.000,2026-06-24 16:17:32.000
18502,3502,27.00,27.00,5.00,27.00,27.00,27.00,LOW,,,,,2026-02-24,2027-02-24,365,false,2006-08-03 18:20:01.000,2026-06-24 16:17:32.000
18503,3503,28.00,28.00,5.00,28.00,28.00,28.00,LOW,,,,,2026-02-24,2027-01-24,365,false,2003-11-02 04:58:48.000,2026-06-24 16:17:32.000
18504,3504,29.00,29.00,3.00,29.00,29.00,29.00,LOW,,,,,2026-01-24,2027-05-24,365,false,2021-09-17 18:49:16.000,2026-06-24 16:17:32.000
18506,3506,31.00,31.00,2.00,31.00,31.00,31.00,LOW,,,,,2026-04-24,2027-02-24,365,false,2015-06-09 13:44:08.000,2026-06-24 16:17:32.000
18507,3507,32.00,32.00,3.00,32.00,32.00,32.00,LOW,,,,,2026-02-24,2027-04-24,365,false,2023-12-12 20:20:31.000,2026-06-24 16:17:32.000
18508,3508,33.00,33.00,5.00,33.00,33.00,33.00,LOW,,,,,2026-04-24,2027-04-24,365,false,2021-09-06 17:06:20.000,2026-06-24 16:17:32.000
18510,3510,35.00,35.00,4.00,35.00,35.00,5.00,LOW,,,,,2026-02-24,2027-05-24,365,false,1995-03-29 00:45:01.000,2026-06-24 16:17:32.000
18512,3512,37.00,37.00,2.00,37.00,37.00,7.00,LOW,,,,,2026-02-24,2027-04-24,365,false,2013-06-01 12:04:57.000,2026-06-24 16:17:32.000
18514,3514,39.00,39.00,2.00,39.00,39.00,9.00,LOW,,,,,2026-04-24,2027-05-24,365,false,2026-04-27 01:30:20.000,2026-06-24 16:17:32.000
18515,3515,5.00,40.00,3.00,5.00,40.00,10.00,LOW,,,,,2026-06-24,2027-04-24,365,false,2023-10-18 11:08:02.000,2026-06-24 16:17:32.000
18516,3516,6.00,41.00,5.00,6.00,41.00,11.00,LOW,,,,,2026-01-24,2027-05-24,365,false,2016-12-08 15:41:52.000,2026-06-24 16:17:32.000
18521,3521,11.00,6.00,3.00,11.00,6.00,16.00,LOW,,,,,2026-06-24,2026-12-24,365,false,2008-11-25 12:40:02.000,2026-06-24 16:17:32.000
18524,3524,14.00,9.00,5.00,14.00,9.00,19.00,LOW,,,,,2026-02-24,2027-03-24,365,false,2019-09-19 19:42:29.000,2026-06-24 16:17:32.000
18525,3525,15.00,10.00,4.00,15.00,10.00,20.00,LOW,,,,,2026-02-24,2027-04-24,365,false,2025-02-17 15:01:27.000,2026-06-24 16:17:32.000
18526,3526,16.00,11.00,3.00,16.00,11.00,21.00,LOW,,,,,2026-01-24,2027-01-24,365,false,2023-01-27 17:18:48.000,2026-06-24 16:17:32.000
18527,3527,17.00,12.00,2.00,17.00,12.00,22.00,LOW,,,,,2026-03-24,2027-04-24,365,false,2024-06-11 05:44:52.000,2026-06-24 16:17:32.000
18528,3528,18.00,13.00,2.00,18.00,13.00,23.00,LOW,,,,,2026-05-24,2027-03-24,365,false,2020-07-10 04:50:44.000,2026-06-24 16:17:32.000
18529,3529,19.00,14.00,3.00,19.00,14.00,24.00,LOW,,,,,2026-01-24,2027-05-24,365,false,2004-11-28 10:21:14.000,2026-06-24 16:17:32.000
18530,3530,20.00,15.00,4.00,20.00,15.00,25.00,LOW,,,,,2026-02-24,2027-04-24,365,false,2021-07-02 03:47:36.000,2026-06-24 16:17:32.000
18531,3531,21.00,16.00,3.00,21.00,16.00,26.00,LOW,,,,,2026-03-24,2027-03-24,365,false,2019-12-29 14:58:14.000,2026-06-24 16:17:32.000
18532,3532,22.00,17.00,3.00,22.00,17.00,27.00,LOW,,,,,2026-01-24,2026-12-24,365,false,2023-08-06 04:34:35.000,2026-06-24 16:17:32.000
18533,3533,23.00,18.00,3.00,23.00,18.00,28.00,LOW,,,,,2026-04-24,2027-01-24,365,false,2016-11-26 10:00:20.000,2026-06-24 16:17:32.000
18534,3534,24.00,19.00,4.00,24.00,19.00,29.00,LOW,,,,,2026-03-24,2026-12-24,365,false,2010-11-08 06:44:05.000,2026-06-24 16:17:32.000
18535,3535,25.00,20.00,4.00,25.00,20.00,30.00,LOW,,,,,2026-02-24,2027-02-24,365,false,2026-03-13 10:54:43.000,2026-06-24 16:17:32.000
18539,3539,29.00,24.00,2.00,29.00,24.00,34.00,LOW,,,,,2026-03-24,2027-05-24,365,false,2018-11-20 12:08:22.000,2026-06-24 16:17:32.000
18540,3540,30.00,25.00,3.00,30.00,25.00,5.00,LOW,,,,,2026-02-24,2027-04-24,365,false,2013-08-26 23:26:34.000,2026-06-24 16:17:32.000
18541,3541,31.00,26.00,4.00,31.00,26.00,6.00,LOW,,,,,2026-04-24,2027-04-24,365,false,2002-08-20 18:29:53.000,2026-06-24 16:17:32.000
18542,3542,32.00,27.00,2.00,32.00,27.00,7.00,LOW,,,,,2026-01-24,2027-01-24,365,false,2009-10-03 17:23:12.000,2026-06-24 16:17:32.000
18543,3543,33.00,28.00,4.00,33.00,28.00,8.00,LOW,,,,,2026-01-24,2027-03-24,365,false,2017-06-06 01:53:03.000,2026-06-24 16:17:32.000
18544,3544,34.00,29.00,5.00,34.00,29.00,9.00,LOW,,,,,2026-01-24,2027-03-24,365,false,2020-06-10 07:09:28.000,2026-06-24 16:17:32.000
18546,3546,36.00,31.00,3.00,36.00,31.00,11.00,LOW,,,,,2026-04-24,2026-12-24,365,false,2003-08-22 05:11:56.000,2026-06-24 16:17:32.000
18547,3547,37.00,32.00,3.00,37.00,32.00,12.00,LOW,,,,,2026-05-24,2027-02-24,365,false,2023-09-24 22:38:56.000,2026-06-24 16:17:32.000
18549,3549,39.00,34.00,5.00,39.00,34.00,14.00,LOW,,,,,2026-04-24,2027-04-24,365,false,2017-01-03 09:54:57.000,2026-06-24 16:17:32.000
18550,3550,5.00,35.00,5.00,5.00,35.00,15.00,LOW,,,,,2026-02-24,2027-04-24,365,false,2019-03-12 21:52:16.000,2026-06-24 16:17:32.000
18552,3552,7.00,37.00,2.00,7.00,37.00,17.00,LOW,,,,,2026-05-24,2027-01-24,365,false,2022-03-12 22:35:26.000,2026-06-24 16:17:32.000
18553,3553,8.00,38.00,3.00,8.00,38.00,18.00,LOW,,,,,2026-02-24,2027-04-24,365,false,2026-03-30 11:45:31.000,2026-06-24 16:17:32.000
18554,3554,9.00,39.00,5.00,9.00,39.00,19.00,LOW,,,,,2026-05-24,2027-04-24,365,false,2025-04-10 05:33:42.000,2026-06-24 16:17:32.000
18555,3555,10.00,40.00,2.00,10.00,40.00,20.00,LOW,,,,,2026-01-24,2026-12-24,365,false,2021-06-26 08:09:35.000,2026-06-24 16:17:32.000
18556,3556,11.00,41.00,3.00,11.00,41.00,21.00,LOW,,,,,2026-03-24,2027-05-24,365,false,2025-07-13 16:36:23.000,2026-06-24 16:17:32.000
18558,3558,13.00,43.00,3.00,13.00,43.00,23.00,LOW,,,,,2026-03-24,2027-05-24,365,false,2011-12-18 18:28:55.000,2026-06-24 16:17:32.000
18561,3561,16.00,6.00,5.00,16.00,6.00,26.00,LOW,,,,,2026-01-24,2027-04-24,365,false,2026-05-15 14:16:45.000,2026-06-24 16:17:32.000
18562,3562,17.00,7.00,4.00,17.00,7.00,27.00,LOW,,,,,2026-02-24,2027-05-24,365,false,2019-10-18 23:12:41.000,2026-06-24 16:17:32.000
18564,3564,19.00,9.00,5.00,19.00,9.00,29.00,LOW,,,,,2026-01-24,2027-03-24,365,false,2023-12-17 00:49:32.000,2026-06-24 16:17:32.000
18565,3565,20.00,10.00,5.00,20.00,10.00,30.00,LOW,,,,,2026-06-24,2027-03-24,365,false,2014-08-29 18:08:33.000,2026-06-24 16:17:32.000
18566,3566,21.00,11.00,5.00,21.00,11.00,31.00,LOW,,,,,2026-06-24,2027-02-24,365,false,2025-08-25 15:10:16.000,2026-06-24 16:17:32.000
18567,3567,22.00,12.00,2.00,22.00,12.00,32.00,LOW,,,,,2026-05-24,2027-02-24,365,false,2025-05-12 03:37:40.000,2026-06-24 16:17:32.000
18570,3570,25.00,15.00,2.00,25.00,15.00,5.00,LOW,,,,,2026-06-24,2027-01-24,365,false,2022-10-16 05:16:26.000,2026-06-24 16:17:32.000
18571,3571,26.00,16.00,5.00,26.00,16.00,6.00,LOW,,,,,2026-02-24,2026-12-24,365,false,2020-03-20 02:54:56.000,2026-06-24 16:17:32.000
18572,3572,27.00,17.00,5.00,27.00,17.00,7.00,LOW,,,,,2026-03-24,2027-01-24,365,false,2021-12-07 20:55:51.000,2026-06-24 16:17:32.000
18574,3574,29.00,19.00,2.00,29.00,19.00,9.00,LOW,,,,,2026-06-24,2027-02-24,365,false,2022-08-23 06:15:39.000,2026-06-24 16:17:32.000
18575,3575,30.00,20.00,2.00,30.00,20.00,10.00,LOW,,,,,2026-03-24,2026-12-24,365,false,2021-02-11 13:49:40.000,2026-06-24 16:17:32.000
18576,3576,31.00,21.00,5.00,31.00,21.00,11.00,LOW,,,,,2026-01-24,2026-12-24,365,false,2013-04-08 09:27:13.000,2026-06-24 16:17:32.000
18577,3577,32.00,22.00,4.00,32.00,22.00,12.00,LOW,,,,,2026-01-24,2027-04-24,365,false,2000-12-04 10:08:27.000,2026-06-24 16:17:32.000
18578,3578,33.00,23.00,3.00,33.00,23.00,13.00,LOW,,,,,2026-04-24,2027-04-24,365,false,2014-04-10 23:52:29.000,2026-06-24 16:17:32.000
18579,3579,34.00,24.00,3.00,34.00,24.00,14.00,LOW,,,,,2026-04-24,2027-04-24,365,false,2017-01-04 21:37:34.000,2026-06-24 16:17:32.000
18580,3580,35.00,25.00,3.00,35.00,25.00,15.00,LOW,,,,,2026-02-24,2027-04-24,365,false,2016-08-14 23:36:09.000,2026-06-24 16:17:32.000
18581,3581,36.00,26.00,2.00,36.00,26.00,16.00,LOW,,,,,2026-05-24,2026-12-24,365,false,2019-04-14 22:01:02.000,2026-06-24 16:17:32.000
18582,3582,37.00,27.00,2.00,37.00,27.00,17.00,LOW,,,,,2026-04-24,2027-05-24,365,false,2017-06-01 18:20:51.000,2026-06-24 16:17:32.000
18584,3584,39.00,29.00,2.00,39.00,29.00,19.00,LOW,,,,,2026-02-24,2027-05-24,365,false,2023-05-04 15:33:31.000,2026-06-24 16:17:32.000
18585,3585,5.00,30.00,4.00,5.00,30.00,20.00,LOW,,,,,2026-05-24,2026-12-24,365,false,2012-12-17 13:49:06.000,2026-06-24 16:17:32.000
18586,3586,6.00,31.00,5.00,6.00,31.00,21.00,LOW,,,,,2026-06-24,2027-02-24,365,false,2025-03-28 06:10:37.000,2026-06-24 16:17:32.000
18587,3587,7.00,32.00,3.00,7.00,32.00,22.00,LOW,,,,,2026-01-24,2026-12-24,365,false,2021-07-06 11:54:37.000,2026-06-24 16:17:32.000
18591,3591,11.00,36.00,2.00,11.00,36.00,26.00,LOW,,,,,2026-03-24,2027-03-24,365,false,2020-09-15 22:48:03.000,2026-06-24 16:17:32.000
18592,3592,12.00,37.00,4.00,12.00,37.00,27.00,LOW,,,,,2026-05-24,2027-03-24,365,false,2024-12-05 15:29:19.000,2026-06-24 16:17:32.000
18593,3593,13.00,38.00,3.00,13.00,38.00,28.00,LOW,,,,,2026-05-24,2026-12-24,365,false,2018-03-07 03:21:39.000,2026-06-24 16:17:32.000
18594,3594,14.00,39.00,2.00,14.00,39.00,29.00,LOW,,,,,2026-03-24,2027-05-24,365,false,2024-01-16 04:06:55.000,2026-06-24 16:17:32.000
18596,3596,16.00,41.00,5.00,16.00,41.00,31.00,LOW,,,,,2026-06-24,2027-03-24,365,false,2009-01-23 19:31:03.000,2026-06-24 16:17:32.000
18597,3597,17.00,42.00,5.00,17.00,42.00,32.00,LOW,,,,,2026-01-24,2027-04-24,365,false,2022-07-13 11:16:00.000,2026-06-24 16:17:32.000
18598,3598,18.00,43.00,3.00,18.00,43.00,33.00,LOW,,,,,2026-04-24,2027-03-24,365,false,2026-03-02 22:08:15.000,2026-06-24 16:17:32.000
18599,3599,19.00,44.00,2.00,19.00,44.00,34.00,LOW,,,,,2026-06-24,2027-03-24,365,false,2007-10-14 02:50:30.000,2026-06-24 16:17:32.000
18601,3601,21.00,6.00,2.00,21.00,6.00,6.00,LOW,,,,,2026-05-24,2027-03-24,365,false,2001-02-26 22:18:37.000,2026-06-24 16:17:32.000
18602,3602,22.00,7.00,4.00,22.00,7.00,7.00,LOW,,,,,2026-03-24,2026-12-24,365,false,2023-09-06 03:04:37.000,2026-06-24 16:17:32.000
18604,3604,24.00,9.00,3.00,24.00,9.00,9.00,LOW,,,,,2026-02-24,2027-05-24,365,false,2016-01-30 23:22:08.000,2026-06-24 16:17:32.000
18605,3605,25.00,10.00,4.00,25.00,10.00,10.00,LOW,,,,,2026-01-24,2026-12-24,365,false,2009-11-07 17:39:06.000,2026-06-24 16:17:32.000
18606,3606,26.00,11.00,4.00,26.00,11.00,11.00,LOW,,,,,2026-03-24,2027-03-24,365,false,2020-09-11 11:05:43.000,2026-06-24 16:17:32.000
18607,3607,27.00,12.00,3.00,27.00,12.00,12.00,LOW,,,,,2026-04-24,2027-03-24,365,false,2024-07-14 21:58:02.000,2026-06-24 16:17:32.000
18608,3608,28.00,13.00,4.00,28.00,13.00,13.00,LOW,,,,,2026-05-24,2027-02-24,365,false,2022-04-04 20:14:47.000,2026-06-24 16:17:32.000
18611,3611,31.00,16.00,2.00,31.00,16.00,16.00,LOW,,,,,2026-04-24,2027-02-24,365,false,2024-09-05 04:03:12.000,2026-06-24 16:17:32.000
18612,3612,32.00,17.00,4.00,32.00,17.00,17.00,LOW,,,,,2026-05-24,2027-05-24,365,false,2001-01-11 07:35:17.000,2026-06-24 16:17:32.000
18613,3613,33.00,18.00,4.00,33.00,18.00,18.00,LOW,,,,,2026-06-24,2027-01-24,365,false,2008-03-15 21:58:30.000,2026-06-24 16:17:32.000
18615,3615,35.00,20.00,2.00,35.00,20.00,20.00,LOW,,,,,2026-06-24,2027-02-24,365,false,2020-01-19 13:10:08.000,2026-06-24 16:17:32.000
18616,3616,36.00,21.00,5.00,36.00,21.00,21.00,LOW,,,,,2026-04-24,2027-04-24,365,false,2021-07-23 19:42:25.000,2026-06-24 16:17:32.000
18617,3617,37.00,22.00,5.00,37.00,22.00,22.00,LOW,,,,,2026-05-24,2027-05-24,365,false,2004-03-18 13:22:33.000,2026-06-24 16:17:32.000
18618,3618,38.00,23.00,4.00,38.00,23.00,23.00,LOW,,,,,2026-01-24,2027-02-24,365,false,2025-09-08 14:27:29.000,2026-06-24 16:17:32.000
18619,3619,39.00,24.00,4.00,39.00,24.00,24.00,LOW,,,,,2026-04-24,2027-03-24,365,false,2020-09-14 15:43:29.000,2026-06-24 16:17:32.000
18620,3620,5.00,25.00,4.00,5.00,25.00,25.00,LOW,,,,,2026-06-24,2027-05-24,365,false,2016-03-28 02:59:54.000,2026-06-24 16:17:32.000
18621,3621,6.00,26.00,5.00,6.00,26.00,26.00,LOW,,,,,2026-06-24,2027-05-24,365,false,2008-06-30 12:39:45.000,2026-06-24 16:17:32.000
18622,3622,7.00,27.00,2.00,7.00,27.00,27.00,LOW,,,,,2026-01-24,2027-02-24,365,false,2010-01-13 07:38:41.000,2026-06-24 16:17:32.000
18625,3625,10.00,30.00,3.00,10.00,30.00,30.00,LOW,,,,,2026-05-24,2027-04-24,365,false,2025-03-15 00:25:43.000,2026-06-24 16:17:32.000
18626,3626,11.00,31.00,5.00,11.00,31.00,31.00,LOW,,,,,2026-04-24,2027-01-24,365,false,2007-03-06 14:15:16.000,2026-06-24 16:17:32.000
18627,3627,12.00,32.00,4.00,12.00,32.00,32.00,LOW,,,,,2026-06-24,2026-12-24,365,false,2019-02-19 12:56:36.000,2026-06-24 16:17:32.000
18628,3628,13.00,33.00,3.00,13.00,33.00,33.00,LOW,,,,,2026-03-24,2027-05-24,365,false,2025-11-30 02:06:04.000,2026-06-24 16:17:32.000
18629,3629,14.00,34.00,3.00,14.00,34.00,34.00,LOW,,,,,2026-01-24,2027-03-24,365,false,2016-09-17 11:52:59.000,2026-06-24 16:17:32.000
18630,3630,15.00,35.00,5.00,15.00,35.00,5.00,LOW,,,,,2026-06-24,2027-03-24,365,false,2024-02-21 00:31:11.000,2026-06-24 16:17:32.000
18633,3633,18.00,38.00,5.00,18.00,38.00,8.00,LOW,,,,,2026-04-24,2027-05-24,365,false,2001-12-19 07:46:03.000,2026-06-24 16:17:32.000
18636,3636,21.00,41.00,3.00,21.00,41.00,11.00,LOW,,,,,2026-02-24,2027-03-24,365,false,2024-02-13 02:24:37.000,2026-06-24 16:17:32.000
18637,3637,22.00,42.00,5.00,22.00,42.00,12.00,LOW,,,,,2026-02-24,2026-12-24,365,false,2016-12-31 04:47:06.000,2026-06-24 16:17:32.000
18638,3638,23.00,43.00,3.00,23.00,43.00,13.00,LOW,,,,,2026-04-24,2027-04-24,365,false,2013-08-05 19:34:08.000,2026-06-24 16:17:32.000
18640,3640,25.00,5.00,4.00,25.00,5.00,15.00,LOW,,,,,2026-01-24,2027-03-24,365,false,2025-05-30 10:42:01.000,2026-06-24 16:17:32.000
18642,3642,27.00,7.00,4.00,27.00,7.00,17.00,LOW,,,,,2026-04-24,2027-03-24,365,false,2009-03-23 15:40:04.000,2026-06-24 16:17:32.000
18644,3644,29.00,9.00,4.00,29.00,9.00,19.00,LOW,,,,,2026-04-24,2027-04-24,365,false,2021-10-13 03:09:55.000,2026-06-24 16:17:32.000
18646,3646,31.00,11.00,3.00,31.00,11.00,21.00,LOW,,,,,2026-01-24,2027-03-24,365,false,2026-03-10 10:55:52.000,2026-06-24 16:17:32.000
18647,3647,32.00,12.00,2.00,32.00,12.00,22.00,LOW,,,,,2026-06-24,2027-01-24,365,false,2023-10-10 19:47:46.000,2026-06-24 16:17:32.000
18649,3649,34.00,14.00,5.00,34.00,14.00,24.00,LOW,,,,,2026-06-24,2027-01-24,365,false,1995-12-19 18:55:25.000,2026-06-24 16:17:32.000
18650,3650,35.00,15.00,5.00,35.00,15.00,25.00,LOW,,,,,2026-03-24,2027-04-24,365,false,2023-07-19 03:49:09.000,2026-06-24 16:17:32.000
18652,3652,37.00,17.00,3.00,37.00,17.00,27.00,LOW,,,,,2026-01-24,2027-04-24,365,false,2001-09-03 10:40:55.000,2026-06-24 16:17:32.000
18653,3653,38.00,18.00,4.00,38.00,18.00,28.00,LOW,,,,,2026-01-24,2027-05-24,365,false,2001-12-07 22:03:28.000,2026-06-24 16:17:32.000
18654,3654,39.00,19.00,4.00,39.00,19.00,29.00,LOW,,,,,2026-05-24,2027-02-24,365,false,2011-11-21 00:25:09.000,2026-06-24 16:17:32.000
18655,3655,5.00,20.00,2.00,5.00,20.00,30.00,LOW,,,,,2026-03-24,2027-04-24,365,false,2020-09-30 12:38:53.000,2026-06-24 16:17:32.000
18658,3658,8.00,23.00,4.00,8.00,23.00,33.00,LOW,,,,,2026-02-24,2027-04-24,365,false,2015-04-20 20:24:23.000,2026-06-24 16:17:32.000
18659,3659,9.00,24.00,2.00,9.00,24.00,34.00,LOW,,,,,2026-02-24,2026-12-24,365,false,2022-06-28 03:33:01.000,2026-06-24 16:17:32.000
18660,3660,10.00,25.00,3.00,10.00,25.00,5.00,LOW,,,,,2026-05-24,2027-05-24,365,false,2021-10-03 21:06:57.000,2026-06-24 16:17:32.000
18661,3661,11.00,26.00,2.00,11.00,26.00,6.00,LOW,,,,,2026-03-24,2026-12-24,365,false,1991-09-12 15:02:47.000,2026-06-24 16:17:32.000
18662,3662,12.00,27.00,5.00,12.00,27.00,7.00,LOW,,,,,2026-02-24,2027-03-24,365,false,2020-09-12 11:23:50.000,2026-06-24 16:17:32.000
18664,3664,14.00,29.00,5.00,14.00,29.00,9.00,LOW,,,,,2026-02-24,2027-03-24,365,false,2014-07-13 06:10:19.000,2026-06-24 16:17:32.000
18665,3665,15.00,30.00,5.00,15.00,30.00,10.00,LOW,,,,,2026-01-24,2027-05-24,365,false,2024-05-11 13:00:06.000,2026-06-24 16:17:32.000
18667,3667,17.00,32.00,3.00,17.00,32.00,12.00,LOW,,,,,2026-06-24,2027-05-24,365,false,2019-11-14 06:45:24.000,2026-06-24 16:17:32.000
18669,3669,19.00,34.00,3.00,19.00,34.00,14.00,LOW,,,,,2026-03-24,2027-05-24,365,false,2012-01-17 18:52:54.000,2026-06-24 16:17:32.000
18672,3672,22.00,37.00,5.00,22.00,37.00,17.00,LOW,,,,,2026-02-24,2026-12-24,365,false,2014-09-01 01:29:35.000,2026-06-24 16:17:32.000
18673,3673,23.00,38.00,5.00,23.00,38.00,18.00,LOW,,,,,2026-02-24,2027-04-24,365,false,2026-03-17 07:48:27.000,2026-06-24 16:17:32.000
18674,3674,24.00,39.00,4.00,24.00,39.00,19.00,LOW,,,,,2026-02-24,2027-03-24,365,false,2003-12-15 08:13:13.000,2026-06-24 16:17:32.000
18675,3675,25.00,40.00,5.00,25.00,40.00,20.00,LOW,,,,,2026-05-24,2027-05-24,365,false,2015-04-29 15:15:31.000,2026-06-24 16:17:32.000
18677,3677,27.00,42.00,2.00,27.00,42.00,22.00,LOW,,,,,2026-01-24,2027-02-24,365,false,2021-02-04 20:31:15.000,2026-06-24 16:17:32.000
18678,3678,28.00,43.00,4.00,28.00,43.00,23.00,LOW,,,,,2026-06-24,2027-05-24,365,false,2025-10-30 23:14:03.000,2026-06-24 16:17:32.000
18679,3679,29.00,44.00,2.00,29.00,44.00,24.00,LOW,,,,,2026-05-24,2027-05-24,365,false,2009-09-07 23:52:03.000,2026-06-24 16:17:32.000
18681,3681,31.00,6.00,2.00,31.00,6.00,26.00,LOW,,,,,2026-02-24,2027-02-24,365,false,2024-04-10 16:19:54.000,2026-06-24 16:17:32.000
18682,3682,32.00,7.00,5.00,32.00,7.00,27.00,LOW,,,,,2026-01-24,2027-04-24,365,false,2024-10-31 03:22:23.000,2026-06-24 16:17:32.000
18683,3683,33.00,8.00,3.00,33.00,8.00,28.00,LOW,,,,,2026-02-24,2027-05-24,365,false,2014-01-03 17:52:17.000,2026-06-24 16:17:32.000
18684,3684,34.00,9.00,5.00,34.00,9.00,29.00,LOW,,,,,2026-02-24,2027-03-24,365,false,2024-05-31 16:39:48.000,2026-06-24 16:17:32.000
18685,3685,35.00,10.00,5.00,35.00,10.00,30.00,LOW,,,,,2026-05-24,2027-01-24,365,false,2018-07-04 23:35:47.000,2026-06-24 16:17:32.000
18686,3686,36.00,11.00,3.00,36.00,11.00,31.00,LOW,,,,,2026-03-24,2027-05-24,365,false,2009-08-21 00:18:20.000,2026-06-24 16:17:32.000
18688,3688,38.00,13.00,5.00,38.00,13.00,33.00,LOW,,,,,2026-04-24,2027-02-24,365,false,2021-10-21 03:52:05.000,2026-06-24 16:17:32.000
18690,3690,5.00,15.00,2.00,5.00,15.00,5.00,LOW,,,,,2026-06-24,2027-03-24,365,false,2018-06-24 10:20:45.000,2026-06-24 16:17:32.000
18691,3691,6.00,16.00,2.00,6.00,16.00,6.00,LOW,,,,,2026-02-24,2027-03-24,365,false,2022-12-14 20:45:57.000,2026-06-24 16:17:32.000
18692,3692,7.00,17.00,5.00,7.00,17.00,7.00,LOW,,,,,2026-03-24,2027-02-24,365,false,2016-06-20 06:43:54.000,2026-06-24 16:17:32.000
18693,3693,8.00,18.00,2.00,8.00,18.00,8.00,LOW,,,,,2026-01-24,2027-04-24,365,false,2025-05-17 20:56:04.000,2026-06-24 16:17:32.000
18694,3694,9.00,19.00,3.00,9.00,19.00,9.00,LOW,,,,,2026-03-24,2027-01-24,365,false,1999-06-23 04:53:21.000,2026-06-24 16:17:32.000
18695,3695,10.00,20.00,2.00,10.00,20.00,10.00,LOW,,,,,2026-03-24,2027-03-24,365,false,2024-01-27 06:02:13.000,2026-06-24 16:17:32.000
18696,3696,11.00,21.00,5.00,11.00,21.00,11.00,LOW,,,,,2026-06-24,2027-01-24,365,false,2016-03-14 16:51:52.000,2026-06-24 16:17:32.000
18697,3697,12.00,22.00,4.00,12.00,22.00,12.00,LOW,,,,,2026-02-24,2027-04-24,365,false,2025-03-27 06:24:34.000,2026-06-24 16:17:32.000
18699,3699,14.00,24.00,3.00,14.00,24.00,14.00,LOW,,,,,2026-05-24,2027-01-24,365,false,2019-10-20 03:19:50.000,2026-06-24 16:17:32.000
18701,3701,16.00,26.00,3.00,16.00,26.00,16.00,LOW,,,,,2026-03-24,2027-04-24,365,false,2000-06-16 05:37:48.000,2026-06-24 16:17:32.000
18702,3702,17.00,27.00,5.00,17.00,27.00,17.00,LOW,,,,,2026-06-24,2027-04-24,365,false,2000-06-28 00:33:27.000,2026-06-24 16:17:32.000
18703,3703,18.00,28.00,3.00,18.00,28.00,18.00,LOW,,,,,2026-01-24,2027-04-24,365,false,2005-12-09 14:51:28.000,2026-06-24 16:17:32.000
18705,3705,20.00,30.00,5.00,20.00,30.00,20.00,LOW,,,,,2026-05-24,2027-04-24,365,false,2023-05-25 07:30:48.000,2026-06-24 16:17:32.000
18706,3706,21.00,31.00,5.00,21.00,31.00,21.00,LOW,,,,,2026-03-24,2027-02-24,365,false,2018-10-13 09:20:31.000,2026-06-24 16:17:32.000
18708,3708,23.00,33.00,4.00,23.00,33.00,23.00,LOW,,,,,2026-01-24,2027-02-24,365,false,2022-01-01 00:26:09.000,2026-06-24 16:17:32.000
18709,3709,24.00,34.00,5.00,24.00,34.00,24.00,LOW,,,,,2026-04-24,2027-03-24,365,false,2016-03-21 11:54:13.000,2026-06-24 16:17:32.000
18710,3710,25.00,35.00,2.00,25.00,35.00,25.00,LOW,,,,,2026-06-24,2027-05-24,365,false,2025-04-05 22:12:53.000,2026-06-24 16:17:32.000
18711,3711,26.00,36.00,3.00,26.00,36.00,26.00,LOW,,,,,2026-05-24,2027-05-24,365,false,2011-04-27 05:01:09.000,2026-06-24 16:17:32.000
18712,3712,27.00,37.00,3.00,27.00,37.00,27.00,LOW,,,,,2026-04-24,2027-04-24,365,false,1999-02-19 02:26:41.000,2026-06-24 16:17:32.000
18715,3715,30.00,40.00,4.00,30.00,40.00,30.00,LOW,,,,,2026-03-24,2027-02-24,365,false,2019-07-20 09:53:49.000,2026-06-24 16:17:32.000
18716,3716,31.00,41.00,5.00,31.00,41.00,31.00,LOW,,,,,2026-04-24,2027-05-24,365,false,2024-08-04 22:46:31.000,2026-06-24 16:17:32.000
18717,3717,32.00,42.00,4.00,32.00,42.00,32.00,LOW,,,,,2026-02-24,2027-05-24,365,false,2020-01-25 06:13:04.000,2026-06-24 16:17:32.000
18718,3718,33.00,43.00,2.00,33.00,43.00,33.00,LOW,,,,,2026-02-24,2027-03-24,365,false,2022-05-31 22:03:42.000,2026-06-24 16:17:32.000
18720,3720,35.00,5.00,3.00,35.00,5.00,5.00,LOW,,,,,2026-01-24,2027-02-24,365,false,2015-01-28 16:17:20.000,2026-06-24 16:17:32.000
18721,3721,36.00,6.00,3.00,36.00,6.00,6.00,LOW,,,,,2026-04-24,2027-01-24,365,false,2024-07-19 12:13:12.000,2026-06-24 16:17:32.000
18723,3723,38.00,8.00,3.00,38.00,8.00,8.00,LOW,,,,,2026-06-24,2027-05-24,365,false,2025-01-16 04:03:55.000,2026-06-24 16:17:32.000
18724,3724,39.00,9.00,3.00,39.00,9.00,9.00,LOW,,,,,2026-06-24,2027-02-24,365,false,1999-03-17 23:27:16.000,2026-06-24 16:17:32.000
18725,3725,5.00,10.00,5.00,5.00,10.00,10.00,LOW,,,,,2026-06-24,2027-04-24,365,false,1997-10-27 13:31:05.000,2026-06-24 16:17:32.000
18726,3726,6.00,11.00,5.00,6.00,11.00,11.00,LOW,,,,,2026-06-24,2027-02-24,365,false,2019-05-10 14:58:50.000,2026-06-24 16:17:32.000
18727,3727,7.00,12.00,4.00,7.00,12.00,12.00,LOW,,,,,2026-04-24,2027-03-24,365,false,2023-11-26 14:01:59.000,2026-06-24 16:17:32.000
18728,3728,8.00,13.00,5.00,8.00,13.00,13.00,LOW,,,,,2026-06-24,2027-05-24,365,false,2009-05-24 07:51:57.000,2026-06-24 16:17:32.000
18729,3729,9.00,14.00,5.00,9.00,14.00,14.00,LOW,,,,,2026-01-24,2026-12-24,365,false,2021-03-13 06:32:39.000,2026-06-24 16:17:32.000
18730,3730,10.00,15.00,3.00,10.00,15.00,15.00,LOW,,,,,2026-06-24,2027-05-24,365,false,2016-10-01 14:22:06.000,2026-06-24 16:17:32.000
18731,3731,11.00,16.00,4.00,11.00,16.00,16.00,LOW,,,,,2026-01-24,2027-02-24,365,false,2024-06-10 11:51:15.000,2026-06-24 16:17:32.000
18732,3732,12.00,17.00,5.00,12.00,17.00,17.00,LOW,,,,,2026-05-24,2027-02-24,365,false,2023-09-02 21:30:57.000,2026-06-24 16:17:32.000
18733,3733,13.00,18.00,2.00,13.00,18.00,18.00,LOW,,,,,2026-06-24,2027-05-24,365,false,2016-01-06 21:02:40.000,2026-06-24 16:17:32.000
18734,3734,14.00,19.00,3.00,14.00,19.00,19.00,LOW,,,,,2026-04-24,2027-03-24,365,false,2013-02-03 18:13:30.000,2026-06-24 16:17:32.000
18735,3735,15.00,20.00,5.00,15.00,20.00,20.00,LOW,,,,,2026-06-24,2026-12-24,365,false,2024-11-06 23:43:47.000,2026-06-24 16:17:32.000
18736,3736,16.00,21.00,4.00,16.00,21.00,21.00,LOW,,,,,2026-04-24,2027-03-24,365,false,2000-05-20 17:25:06.000,2026-06-24 16:17:32.000
18738,3738,18.00,23.00,4.00,18.00,23.00,23.00,LOW,,,,,2026-05-24,2027-04-24,365,false,2022-07-01 09:21:15.000,2026-06-24 16:17:32.000
18742,3742,22.00,27.00,3.00,22.00,27.00,27.00,LOW,,,,,2026-04-24,2027-01-24,365,false,2025-10-20 08:54:05.000,2026-06-24 16:17:32.000
18744,3744,24.00,29.00,4.00,24.00,29.00,29.00,LOW,,,,,2026-06-24,2027-01-24,365,false,2019-02-12 13:19:46.000,2026-06-24 16:17:32.000
18745,3745,25.00,30.00,3.00,25.00,30.00,30.00,LOW,,,,,2026-02-24,2027-04-24,365,false,2019-05-23 06:55:48.000,2026-06-24 16:17:32.000
18751,3751,31.00,36.00,2.00,31.00,36.00,6.00,LOW,,,,,2026-03-24,2027-04-24,365,false,2009-09-03 02:27:08.000,2026-06-24 16:17:32.000
18752,3752,32.00,37.00,5.00,32.00,37.00,7.00,LOW,,,,,2026-06-24,2027-02-24,365,false,2024-04-10 12:53:45.000,2026-06-24 16:17:32.000
18755,3755,35.00,40.00,4.00,35.00,40.00,10.00,LOW,,,,,2026-02-24,2027-04-24,365,false,2013-08-27 13:24:14.000,2026-06-24 16:17:32.000
18757,3757,37.00,42.00,3.00,37.00,42.00,12.00,LOW,,,,,2026-01-24,2027-05-24,365,false,2016-07-01 01:24:38.000,2026-06-24 16:17:32.000
18758,3758,38.00,43.00,2.00,38.00,43.00,13.00,LOW,,,,,2026-03-24,2027-01-24,365,false,2021-10-30 11:09:47.000,2026-06-24 16:17:32.000
18759,3759,39.00,44.00,3.00,39.00,44.00,14.00,LOW,,,,,2026-06-24,2027-05-24,365,false,2016-12-30 20:24:17.000,2026-06-24 16:17:32.000
18760,3760,5.00,5.00,5.00,5.00,5.00,15.00,LOW,,,,,2026-05-24,2026-12-24,365,false,2011-09-06 05:01:06.000,2026-06-24 16:17:32.000
18761,3761,6.00,6.00,4.00,6.00,6.00,16.00,LOW,,,,,2026-01-24,2027-03-24,365,false,2024-05-05 12:25:44.000,2026-06-24 16:17:32.000
18762,3762,7.00,7.00,2.00,7.00,7.00,17.00,LOW,,,,,2026-05-24,2027-02-24,365,false,2014-03-30 15:36:45.000,2026-06-24 16:17:32.000
18763,3763,8.00,8.00,4.00,8.00,8.00,18.00,LOW,,,,,2026-01-24,2027-05-24,365,false,2001-05-23 19:25:20.000,2026-06-24 16:17:32.000
18764,3764,9.00,9.00,4.00,9.00,9.00,19.00,LOW,,,,,2026-05-24,2026-12-24,365,false,2013-09-14 23:47:40.000,2026-06-24 16:17:32.000
18766,3766,11.00,11.00,3.00,11.00,11.00,21.00,LOW,,,,,2026-02-24,2026-12-24,365,false,2019-02-23 07:22:44.000,2026-06-24 16:17:32.000
18767,3767,12.00,12.00,4.00,12.00,12.00,22.00,LOW,,,,,2026-01-24,2027-01-24,365,false,2023-06-30 03:45:22.000,2026-06-24 16:17:32.000
18769,3769,14.00,14.00,5.00,14.00,14.00,24.00,LOW,,,,,2026-03-24,2027-02-24,365,false,2025-10-09 19:11:12.000,2026-06-24 16:17:32.000
18770,3770,15.00,15.00,5.00,15.00,15.00,25.00,LOW,,,,,2026-04-24,2027-02-24,365,false,2023-03-01 23:18:37.000,2026-06-24 16:17:32.000
18771,3771,16.00,16.00,5.00,16.00,16.00,26.00,LOW,,,,,2026-06-24,2027-04-24,365,false,2022-06-02 18:08:53.000,2026-06-24 16:17:32.000
18772,3772,17.00,17.00,5.00,17.00,17.00,27.00,LOW,,,,,2026-04-24,2027-02-24,365,false,2005-07-12 18:24:50.000,2026-06-24 16:17:32.000
18774,3774,19.00,19.00,3.00,19.00,19.00,29.00,LOW,,,,,2026-05-24,2027-04-24,365,false,2012-10-15 00:31:52.000,2026-06-24 16:17:32.000
18775,3775,20.00,20.00,2.00,20.00,20.00,30.00,LOW,,,,,2026-01-24,2027-05-24,365,false,2013-06-12 11:20:43.000,2026-06-24 16:17:32.000
18776,3776,21.00,21.00,4.00,21.00,21.00,31.00,LOW,,,,,2026-06-24,2026-12-24,365,false,2018-10-26 09:08:25.000,2026-06-24 16:17:32.000
18777,3777,22.00,22.00,2.00,22.00,22.00,32.00,LOW,,,,,2026-04-24,2027-05-24,365,false,2011-07-31 02:19:44.000,2026-06-24 16:17:32.000
18778,3778,23.00,23.00,4.00,23.00,23.00,33.00,LOW,,,,,2026-02-24,2027-04-24,365,false,2022-06-14 10:33:38.000,2026-06-24 16:17:32.000
18780,3780,25.00,25.00,5.00,25.00,25.00,5.00,LOW,,,,,2026-05-24,2027-05-24,365,false,2025-05-26 04:40:59.000,2026-06-24 16:17:32.000
18781,3781,26.00,26.00,5.00,26.00,26.00,6.00,LOW,,,,,2026-01-24,2027-03-24,365,false,2000-09-26 22:16:09.000,2026-06-24 16:17:32.000
18782,3782,27.00,27.00,2.00,27.00,27.00,7.00,LOW,,,,,2026-06-24,2027-02-24,365,false,2021-01-10 19:49:50.000,2026-06-24 16:17:32.000
18785,3785,30.00,30.00,2.00,30.00,30.00,10.00,LOW,,,,,2026-05-24,2026-12-24,365,false,2020-03-27 16:43:59.000,2026-06-24 16:17:32.000
18786,3786,31.00,31.00,2.00,31.00,31.00,11.00,LOW,,,,,2026-04-24,2027-03-24,365,false,1999-01-16 02:16:55.000,2026-06-24 16:17:32.000
18789,3789,34.00,34.00,3.00,34.00,34.00,14.00,LOW,,,,,2026-01-24,2027-03-24,365,false,2007-09-12 00:50:05.000,2026-06-24 16:17:32.000
18799,3799,9.00,44.00,4.00,9.00,44.00,24.00,LOW,,,,,2026-02-24,2027-03-24,365,false,2017-09-12 13:07:49.000,2026-06-24 16:17:32.000
18800,3800,10.00,5.00,3.00,10.00,5.00,25.00,LOW,,,,,2026-06-24,2027-05-24,365,false,2014-08-09 06:03:45.000,2026-06-24 16:17:32.000
18801,3801,11.00,6.00,2.00,11.00,6.00,26.00,LOW,,,,,2026-04-24,2027-02-24,365,false,2014-08-12 05:23:07.000,2026-06-24 16:17:32.000
18803,3803,13.00,8.00,5.00,13.00,8.00,28.00,LOW,,,,,2026-05-24,2027-01-24,365,false,2010-11-10 04:33:59.000,2026-06-24 16:17:32.000
18804,3804,14.00,9.00,4.00,14.00,9.00,29.00,LOW,,,,,2026-05-24,2027-02-24,365,false,2025-11-02 10:58:15.000,2026-06-24 16:17:32.000
18805,3805,15.00,10.00,5.00,15.00,10.00,30.00,LOW,,,,,2026-05-24,2027-04-24,365,false,2002-08-26 20:42:25.000,2026-06-24 16:17:32.000
18806,3806,16.00,11.00,4.00,16.00,11.00,31.00,LOW,,,,,2026-04-24,2027-02-24,365,false,2025-04-22 15:10:17.000,2026-06-24 16:17:32.000
18807,3807,17.00,12.00,2.00,17.00,12.00,32.00,LOW,,,,,2026-05-24,2027-02-24,365,false,2019-07-05 09:16:45.000,2026-06-24 16:17:32.000
18808,3808,18.00,13.00,2.00,18.00,13.00,33.00,LOW,,,,,2026-03-24,2026-12-24,365,false,2012-12-22 23:32:31.000,2026-06-24 16:17:32.000
18809,3809,19.00,14.00,3.00,19.00,14.00,34.00,LOW,,,,,2026-05-24,2027-04-24,365,false,2017-12-18 01:29:34.000,2026-06-24 16:17:32.000
18810,3810,20.00,15.00,5.00,20.00,15.00,5.00,LOW,,,,,2026-04-24,2027-05-24,365,false,2018-11-30 07:54:52.000,2026-06-24 16:17:32.000
18811,3811,21.00,16.00,4.00,21.00,16.00,6.00,LOW,,,,,2026-02-24,2027-03-24,365,false,2026-03-11 14:11:00.000,2026-06-24 16:17:32.000
18813,3813,23.00,18.00,4.00,23.00,18.00,8.00,LOW,,,,,2026-05-24,2026-12-24,365,false,2009-05-05 10:18:02.000,2026-06-24 16:17:32.000
18814,3814,24.00,19.00,4.00,24.00,19.00,9.00,LOW,,,,,2026-01-24,2027-05-24,365,false,2014-01-06 01:35:01.000,2026-06-24 16:17:32.000
18815,3815,25.00,20.00,5.00,25.00,20.00,10.00,LOW,,,,,2026-01-24,2027-05-24,365,false,2020-09-02 02:32:54.000,2026-06-24 16:17:32.000
18816,3816,26.00,21.00,3.00,26.00,21.00,11.00,LOW,,,,,2026-02-24,2027-03-24,365,false,2023-03-05 18:16:25.000,2026-06-24 16:17:32.000
18817,3817,27.00,22.00,3.00,27.00,22.00,12.00,LOW,,,,,2026-02-24,2026-12-24,365,false,2020-03-17 07:25:17.000,2026-06-24 16:17:32.000
18818,3818,28.00,23.00,2.00,28.00,23.00,13.00,LOW,,,,,2026-04-24,2027-01-24,365,false,2025-05-09 23:25:22.000,2026-06-24 16:17:32.000
18820,3820,30.00,25.00,2.00,30.00,25.00,15.00,LOW,,,,,2026-02-24,2027-01-24,365,false,2020-07-19 09:27:09.000,2026-06-24 16:17:32.000
18821,3821,31.00,26.00,4.00,31.00,26.00,16.00,LOW,,,,,2026-01-24,2027-01-24,365,false,2024-12-24 12:08:25.000,2026-06-24 16:17:32.000
18822,3822,32.00,27.00,2.00,32.00,27.00,17.00,LOW,,,,,2026-06-24,2027-03-24,365,false,2025-03-21 11:47:17.000,2026-06-24 16:17:32.000
18823,3823,33.00,28.00,2.00,33.00,28.00,18.00,LOW,,,,,2026-02-24,2027-03-24,365,false,1999-01-03 12:45:07.000,2026-06-24 16:17:32.000
18824,3824,34.00,29.00,5.00,34.00,29.00,19.00,LOW,,,,,2026-02-24,2027-02-24,365,false,2021-04-17 03:59:19.000,2026-06-24 16:17:32.000
18825,3825,35.00,30.00,3.00,35.00,30.00,20.00,LOW,,,,,2026-04-24,2026-12-24,365,false,2010-09-03 05:05:48.000,2026-06-24 16:17:32.000
18826,3826,36.00,31.00,3.00,36.00,31.00,21.00,LOW,,,,,2026-06-24,2027-03-24,365,false,2024-01-28 09:29:58.000,2026-06-24 16:17:32.000
18827,3827,37.00,32.00,5.00,37.00,32.00,22.00,LOW,,,,,2026-04-24,2027-04-24,365,false,2011-03-17 22:13:30.000,2026-06-24 16:17:32.000
18828,3828,38.00,33.00,4.00,38.00,33.00,23.00,LOW,,,,,2026-04-24,2027-04-24,365,false,2022-08-07 00:01:38.000,2026-06-24 16:17:32.000
18829,3829,39.00,34.00,5.00,39.00,34.00,24.00,LOW,,,,,2026-04-24,2027-04-24,365,false,2014-10-25 17:26:42.000,2026-06-24 16:17:32.000
18830,3830,5.00,35.00,5.00,5.00,35.00,25.00,LOW,,,,,2026-03-24,2026-12-24,365,false,2025-09-06 07:11:02.000,2026-06-24 16:17:32.000
18831,3831,6.00,36.00,2.00,6.00,36.00,26.00,LOW,,,,,2026-04-24,2027-03-24,365,false,2026-03-09 05:08:46.000,2026-06-24 16:17:32.000
18832,3832,7.00,37.00,5.00,7.00,37.00,27.00,LOW,,,,,2026-02-24,2026-12-24,365,false,2019-01-18 16:26:51.000,2026-06-24 16:17:32.000
18834,3834,9.00,39.00,4.00,9.00,39.00,29.00,LOW,,,,,2026-06-24,2027-02-24,365,false,2013-09-18 02:25:17.000,2026-06-24 16:17:32.000
18838,3838,13.00,43.00,3.00,13.00,43.00,33.00,LOW,,,,,2026-04-24,2026-12-24,365,false,2010-04-13 12:56:04.000,2026-06-24 16:17:32.000
18839,3839,14.00,44.00,3.00,14.00,44.00,34.00,LOW,,,,,2026-05-24,2027-02-24,365,false,2010-03-09 00:33:53.000,2026-06-24 16:17:32.000
18840,3840,15.00,5.00,2.00,15.00,5.00,5.00,LOW,,,,,2026-02-24,2027-02-24,365,false,2024-09-22 15:27:24.000,2026-06-24 16:17:32.000
18844,3844,19.00,9.00,3.00,19.00,9.00,9.00,LOW,,,,,2026-05-24,2027-03-24,365,false,2024-11-18 02:30:13.000,2026-06-24 16:17:32.000
18845,3845,20.00,10.00,2.00,20.00,10.00,10.00,LOW,,,,,2026-05-24,2026-12-24,365,false,2015-08-13 20:25:05.000,2026-06-24 16:17:32.000
18848,3848,23.00,13.00,2.00,23.00,13.00,13.00,LOW,,,,,2026-04-24,2027-03-24,365,false,2003-04-04 13:19:09.000,2026-06-24 16:17:32.000
18849,3849,24.00,14.00,2.00,24.00,14.00,14.00,LOW,,,,,2026-02-24,2027-01-24,365,false,2014-05-09 09:52:18.000,2026-06-24 16:17:32.000
18852,3852,27.00,17.00,4.00,27.00,17.00,17.00,LOW,,,,,2026-05-24,2026-12-24,365,false,2025-09-19 09:12:48.000,2026-06-24 16:17:32.000
18853,3853,28.00,18.00,2.00,28.00,18.00,18.00,LOW,,,,,2026-04-24,2027-02-24,365,false,1999-07-26 02:43:12.000,2026-06-24 16:17:32.000
18854,3854,29.00,19.00,5.00,29.00,19.00,19.00,LOW,,,,,2026-01-24,2027-04-24,365,false,2021-09-27 15:14:11.000,2026-06-24 16:17:32.000
18857,3857,32.00,22.00,5.00,32.00,22.00,22.00,LOW,,,,,2026-03-24,2027-02-24,365,false,2018-03-13 18:02:52.000,2026-06-24 16:17:32.000
18858,3858,33.00,23.00,2.00,33.00,23.00,23.00,LOW,,,,,2026-01-24,2027-04-24,365,false,2007-03-27 18:58:57.000,2026-06-24 16:17:32.000
18859,3859,34.00,24.00,5.00,34.00,24.00,24.00,LOW,,,,,2026-04-24,2026-12-24,365,false,2024-08-05 08:57:10.000,2026-06-24 16:17:32.000
18861,3861,36.00,26.00,2.00,36.00,26.00,26.00,LOW,,,,,2026-03-24,2027-03-24,365,false,2003-02-02 00:14:36.000,2026-06-24 16:17:32.000
18862,3862,37.00,27.00,5.00,37.00,27.00,27.00,LOW,,,,,2026-03-24,2027-05-24,365,false,2024-10-16 15:28:24.000,2026-06-24 16:17:32.000
18865,3865,5.00,30.00,4.00,5.00,30.00,30.00,LOW,,,,,2026-02-24,2026-12-24,365,false,2023-08-21 08:14:56.000,2026-06-24 16:17:32.000
18868,3868,8.00,33.00,4.00,8.00,33.00,33.00,LOW,,,,,2026-03-24,2027-05-24,365,false,2014-10-10 18:54:57.000,2026-06-24 16:17:32.000
18869,3869,9.00,34.00,2.00,9.00,34.00,34.00,LOW,,,,,2026-02-24,2027-02-24,365,false,2010-09-16 00:42:47.000,2026-06-24 16:17:32.000
18874,3874,14.00,39.00,2.00,14.00,39.00,9.00,LOW,,,,,2026-05-24,2027-01-24,365,false,2025-12-13 14:26:59.000,2026-06-24 16:17:32.000
18875,3875,15.00,40.00,2.00,15.00,40.00,10.00,LOW,,,,,2026-04-24,2027-02-24,365,false,2019-06-25 06:52:49.000,2026-06-24 16:17:32.000
18876,3876,16.00,41.00,4.00,16.00,41.00,11.00,LOW,,,,,2026-02-24,2026-12-24,365,false,2018-06-02 18:15:58.000,2026-06-24 16:17:32.000
18877,3877,17.00,42.00,4.00,17.00,42.00,12.00,LOW,,,,,2026-02-24,2027-05-24,365,false,2023-11-05 21:50:48.000,2026-06-24 16:17:32.000
18879,3879,19.00,44.00,5.00,19.00,44.00,14.00,LOW,,,,,2026-01-24,2026-12-24,365,false,2022-06-11 11:49:31.000,2026-06-24 16:17:32.000
18880,3880,20.00,5.00,4.00,20.00,5.00,15.00,LOW,,,,,2026-06-24,2027-05-24,365,false,2024-01-23 01:06:32.000,2026-06-24 16:17:32.000
18881,3881,21.00,6.00,3.00,21.00,6.00,16.00,LOW,,,,,2026-05-24,2027-05-24,365,false,2026-02-22 17:30:06.000,2026-06-24 16:17:32.000
18882,3882,22.00,7.00,3.00,22.00,7.00,17.00,LOW,,,,,2026-06-24,2027-01-24,365,false,2015-03-29 19:59:47.000,2026-06-24 16:17:32.000
18884,3884,24.00,9.00,2.00,24.00,9.00,19.00,LOW,,,,,2026-06-24,2027-04-24,365,false,2012-12-12 22:01:53.000,2026-06-24 16:17:32.000
18886,3886,26.00,11.00,5.00,26.00,11.00,21.00,LOW,,,,,2026-05-24,2027-01-24,365,false,2015-11-06 02:20:53.000,2026-06-24 16:17:32.000
18888,3888,28.00,13.00,5.00,28.00,13.00,23.00,LOW,,,,,2026-04-24,2027-02-24,365,false,2023-11-14 12:16:44.000,2026-06-24 16:17:32.000
18889,3889,29.00,14.00,3.00,29.00,14.00,24.00,LOW,,,,,2026-02-24,2026-12-24,365,false,2018-11-19 02:17:31.000,2026-06-24 16:17:32.000
18891,3891,31.00,16.00,2.00,31.00,16.00,26.00,LOW,,,,,2026-05-24,2027-03-24,365,false,2021-07-18 11:53:06.000,2026-06-24 16:17:32.000
18892,3892,32.00,17.00,5.00,32.00,17.00,27.00,LOW,,,,,2026-02-24,2027-01-24,365,false,2015-01-27 07:30:31.000,2026-06-24 16:17:32.000
18893,3893,33.00,18.00,5.00,33.00,18.00,28.00,LOW,,,,,2026-04-24,2026-12-24,365,false,2026-02-11 06:49:15.000,2026-06-24 16:17:32.000
18894,3894,34.00,19.00,2.00,34.00,19.00,29.00,LOW,,,,,2026-05-24,2026-12-24,365,false,1999-03-08 05:39:07.000,2026-06-24 16:17:32.000
18896,3896,36.00,21.00,4.00,36.00,21.00,31.00,LOW,,,,,2026-03-24,2027-05-24,365,false,2024-05-06 22:34:22.000,2026-06-24 16:17:32.000
18897,3897,37.00,22.00,3.00,37.00,22.00,32.00,LOW,,,,,2026-03-24,2027-05-24,365,false,2021-07-07 21:49:14.000,2026-06-24 16:17:32.000
18899,3899,39.00,24.00,2.00,39.00,24.00,34.00,LOW,,,,,2026-05-24,2027-05-24,365,false,2000-12-31 01:20:16.000,2026-06-24 16:17:32.000
18900,3900,5.00,25.00,5.00,5.00,25.00,5.00,LOW,,,,,2026-06-24,2027-02-24,365,false,2020-04-05 18:00:41.000,2026-06-24 16:17:32.000
18901,3901,6.00,26.00,4.00,6.00,26.00,6.00,LOW,,,,,2026-05-24,2026-12-24,365,false,2019-07-29 04:35:15.000,2026-06-24 16:17:32.000
18902,3902,7.00,27.00,5.00,7.00,27.00,7.00,LOW,,,,,2026-01-24,2027-02-24,365,false,2026-01-25 09:38:27.000,2026-06-24 16:17:32.000
18903,3903,8.00,28.00,5.00,8.00,28.00,8.00,LOW,,,,,2026-03-24,2026-12-24,365,false,2024-04-07 22:07:46.000,2026-06-24 16:17:32.000
18904,3904,9.00,29.00,4.00,9.00,29.00,9.00,LOW,,,,,2026-04-24,2027-03-24,365,false,2025-01-05 21:45:36.000,2026-06-24 16:17:32.000
18905,3905,10.00,30.00,2.00,10.00,30.00,10.00,LOW,,,,,2026-01-24,2027-05-24,365,false,2014-09-18 20:46:54.000,2026-06-24 16:17:32.000
18907,3907,12.00,32.00,5.00,12.00,32.00,12.00,LOW,,,,,2026-06-24,2027-03-24,365,false,2022-10-14 01:24:30.000,2026-06-24 16:17:32.000
18915,3915,20.00,40.00,4.00,20.00,40.00,20.00,LOW,,,,,2026-02-24,2026-12-24,365,false,2023-03-19 08:32:00.000,2026-06-24 16:17:32.000
18916,3916,21.00,41.00,3.00,21.00,41.00,21.00,LOW,,,,,2026-03-24,2027-04-24,365,false,2016-11-25 05:14:26.000,2026-06-24 16:17:32.000
18918,3918,23.00,43.00,3.00,23.00,43.00,23.00,LOW,,,,,2026-03-24,2026-12-24,365,false,2015-11-20 14:56:37.000,2026-06-24 16:17:32.000
18924,3924,29.00,9.00,3.00,29.00,9.00,29.00,LOW,,,,,2026-01-24,2027-04-24,365,false,2000-06-27 02:08:16.000,2026-06-24 16:17:32.000
18925,3925,30.00,10.00,2.00,30.00,10.00,30.00,LOW,,,,,2026-04-24,2027-02-24,365,false,2022-05-03 13:08:08.000,2026-06-24 16:17:32.000
18927,3927,32.00,12.00,3.00,32.00,12.00,32.00,LOW,,,,,2026-02-24,2027-03-24,365,false,2025-11-24 03:28:13.000,2026-06-24 16:17:32.000
18928,3928,33.00,13.00,5.00,33.00,13.00,33.00,LOW,,,,,2026-03-24,2027-01-24,365,false,2018-08-08 02:06:12.000,2026-06-24 16:17:32.000
18931,3931,36.00,16.00,4.00,36.00,16.00,6.00,LOW,,,,,2026-01-24,2027-05-24,365,false,2025-12-29 19:37:47.000,2026-06-24 16:17:32.000
18933,3933,38.00,18.00,5.00,38.00,18.00,8.00,LOW,,,,,2026-03-24,2027-02-24,365,false,2019-03-22 16:20:05.000,2026-06-24 16:17:32.000
18936,3936,6.00,21.00,3.00,6.00,21.00,11.00,LOW,,,,,2026-01-24,2026-12-24,365,false,2018-11-19 01:01:35.000,2026-06-24 16:17:32.000
18939,3939,9.00,24.00,4.00,9.00,24.00,14.00,LOW,,,,,2026-04-24,2027-02-24,365,false,2007-12-24 06:31:14.000,2026-06-24 16:17:32.000
18940,3940,10.00,25.00,2.00,10.00,25.00,15.00,LOW,,,,,2026-06-24,2027-02-24,365,false,2014-08-28 07:57:54.000,2026-06-24 16:17:32.000
18941,3941,11.00,26.00,4.00,11.00,26.00,16.00,LOW,,,,,2026-05-24,2027-05-24,365,false,2022-10-09 07:49:19.000,2026-06-24 16:17:32.000
18942,3942,12.00,27.00,5.00,12.00,27.00,17.00,LOW,,,,,2026-06-24,2026-12-24,365,false,1994-10-09 16:45:16.000,2026-06-24 16:17:32.000
18943,3943,13.00,28.00,4.00,13.00,28.00,18.00,LOW,,,,,2026-04-24,2026-12-24,365,false,2022-08-28 02:13:57.000,2026-06-24 16:17:32.000
18944,3944,14.00,29.00,5.00,14.00,29.00,19.00,LOW,,,,,2026-03-24,2027-05-24,365,false,2021-07-10 16:11:42.000,2026-06-24 16:17:32.000
18945,3945,15.00,30.00,2.00,15.00,30.00,20.00,LOW,,,,,2026-05-24,2027-02-24,365,false,2023-10-05 06:02:39.000,2026-06-24 16:17:32.000
18946,3946,16.00,31.00,3.00,16.00,31.00,21.00,LOW,,,,,2026-06-24,2026-12-24,365,false,2025-05-23 21:27:38.000,2026-06-24 16:17:32.000
18947,3947,17.00,32.00,3.00,17.00,32.00,22.00,LOW,,,,,2026-02-24,2027-03-24,365,false,2006-03-05 09:15:27.000,2026-06-24 16:17:32.000
18948,3948,18.00,33.00,5.00,18.00,33.00,23.00,LOW,,,,,2026-04-24,2027-05-24,365,false,2023-09-03 00:19:44.000,2026-06-24 16:17:32.000
18949,3949,19.00,34.00,2.00,19.00,34.00,24.00,LOW,,,,,2026-02-24,2026-12-24,365,false,2016-06-29 01:51:09.000,2026-06-24 16:17:32.000
18950,3950,20.00,35.00,2.00,20.00,35.00,25.00,LOW,,,,,2026-06-24,2027-02-24,365,false,2023-05-20 07:49:51.000,2026-06-24 16:17:32.000
18951,3951,21.00,36.00,4.00,21.00,36.00,26.00,LOW,,,,,2026-03-24,2027-03-24,365,false,2009-06-17 01:24:39.000,2026-06-24 16:17:32.000
18952,3952,22.00,37.00,4.00,22.00,37.00,27.00,LOW,,,,,2026-03-24,2027-03-24,365,false,2014-05-16 01:57:59.000,2026-06-24 16:17:32.000
18953,3953,23.00,38.00,4.00,23.00,38.00,28.00,LOW,,,,,2026-05-24,2026-12-24,365,false,2023-10-01 03:25:51.000,2026-06-24 16:17:32.000
18957,3957,27.00,42.00,3.00,27.00,42.00,32.00,LOW,,,,,2026-03-24,2027-03-24,365,false,2017-03-17 22:06:16.000,2026-06-24 16:17:32.000
18959,3959,29.00,44.00,4.00,29.00,44.00,34.00,LOW,,,,,2026-03-24,2027-01-24,365,false,2023-12-24 13:51:14.000,2026-06-24 16:17:32.000
18961,3961,31.00,6.00,3.00,31.00,6.00,6.00,LOW,,,,,2026-01-24,2027-04-24,365,false,2026-05-20 15:23:07.000,2026-06-24 16:17:32.000
18962,3962,32.00,7.00,4.00,32.00,7.00,7.00,LOW,,,,,2026-01-24,2027-03-24,365,false,2002-08-13 17:44:04.000,2026-06-24 16:17:32.000
18964,3964,34.00,9.00,4.00,34.00,9.00,9.00,LOW,,,,,2026-01-24,2027-03-24,365,false,2022-10-15 21:01:36.000,2026-06-24 16:17:32.000
18966,3966,36.00,11.00,3.00,36.00,11.00,11.00,LOW,,,,,2026-02-24,2026-12-24,365,false,2009-08-23 14:10:40.000,2026-06-24 16:17:32.000
18967,3967,37.00,12.00,5.00,37.00,12.00,12.00,LOW,,,,,2026-06-24,2026-12-24,365,false,1991-11-19 11:50:52.000,2026-06-24 16:17:32.000
18970,3970,5.00,15.00,2.00,5.00,15.00,15.00,LOW,,,,,2026-05-24,2027-02-24,365,false,2018-09-09 01:39:55.000,2026-06-24 16:17:32.000
18971,3971,6.00,16.00,4.00,6.00,16.00,16.00,LOW,,,,,2026-04-24,2026-12-24,365,false,2025-04-19 02:20:53.000,2026-06-24 16:17:32.000
18973,3973,8.00,18.00,4.00,8.00,18.00,18.00,LOW,,,,,2026-05-24,2027-04-24,365,false,1997-10-18 23:54:54.000,2026-06-24 16:17:32.000
18977,3977,12.00,22.00,3.00,12.00,22.00,22.00,LOW,,,,,2026-03-24,2027-05-24,365,false,2002-06-20 13:21:49.000,2026-06-24 16:17:32.000
18978,3978,13.00,23.00,2.00,13.00,23.00,23.00,LOW,,,,,2026-05-24,2027-02-24,365,false,2018-03-21 03:37:34.000,2026-06-24 16:17:32.000
18979,3979,14.00,24.00,4.00,14.00,24.00,24.00,LOW,,,,,2026-04-24,2027-01-24,365,false,2021-10-31 11:07:53.000,2026-06-24 16:17:32.000
18980,3980,15.00,25.00,3.00,15.00,25.00,25.00,LOW,,,,,2026-01-24,2026-12-24,365,false,2016-08-20 05:09:59.000,2026-06-24 16:17:32.000
18981,3981,16.00,26.00,3.00,16.00,26.00,26.00,LOW,,,,,2026-01-24,2027-01-24,365,false,2019-01-29 20:48:57.000,2026-06-24 16:17:32.000
18982,3982,17.00,27.00,2.00,17.00,27.00,27.00,LOW,,,,,2026-06-24,2027-04-24,365,false,2008-05-20 12:06:04.000,2026-06-24 16:17:32.000
18983,3983,18.00,28.00,5.00,18.00,28.00,28.00,LOW,,,,,2026-01-24,2027-01-24,365,false,2019-12-21 05:46:40.000,2026-06-24 16:17:32.000
18984,3984,19.00,29.00,4.00,19.00,29.00,29.00,LOW,,,,,2026-02-24,2027-02-24,365,false,2011-08-29 01:30:41.000,2026-06-24 16:17:32.000
18985,3985,20.00,30.00,3.00,20.00,30.00,30.00,LOW,,,,,2026-04-24,2027-03-24,365,false,2021-06-29 07:36:19.000,2026-06-24 16:17:32.000
18986,3986,21.00,31.00,5.00,21.00,31.00,31.00,LOW,,,,,2026-06-24,2027-02-24,365,false,2011-02-23 03:38:44.000,2026-06-24 16:17:32.000
18987,3987,22.00,32.00,2.00,22.00,32.00,32.00,LOW,,,,,2026-02-24,2027-01-24,365,false,2010-08-18 14:00:21.000,2026-06-24 16:17:32.000
18989,3989,24.00,34.00,3.00,24.00,34.00,34.00,LOW,,,,,2026-05-24,2027-05-24,365,false,2024-10-28 20:33:55.000,2026-06-24 16:17:32.000
18991,3991,26.00,36.00,3.00,26.00,36.00,6.00,LOW,,,,,2026-05-24,2027-04-24,365,false,2011-10-21 17:58:25.000,2026-06-24 16:17:32.000
18992,3992,27.00,37.00,2.00,27.00,37.00,7.00,LOW,,,,,2026-01-24,2027-01-24,365,false,2003-05-08 03:48:32.000,2026-06-24 16:17:32.000
18993,3993,28.00,38.00,5.00,28.00,38.00,8.00,LOW,,,,,2026-06-24,2027-02-24,365,false,2026-05-14 05:23:58.000,2026-06-24 16:17:32.000
18994,3994,29.00,39.00,3.00,29.00,39.00,9.00,LOW,,,,,2026-06-24,2026-12-24,365,false,2026-05-11 21:18:58.000,2026-06-24 16:17:32.000
18995,3995,30.00,40.00,4.00,30.00,40.00,10.00,LOW,,,,,2026-06-24,2027-04-24,365,false,2005-10-03 21:38:28.000,2026-06-24 16:17:32.000
18996,3996,31.00,41.00,2.00,31.00,41.00,11.00,LOW,,,,,2026-03-24,2027-01-24,365,false,2025-08-06 12:09:42.000,2026-06-24 16:17:32.000
18998,3998,33.00,43.00,3.00,33.00,43.00,13.00,LOW,,,,,2026-04-24,2027-01-24,365,false,2023-12-01 02:10:15.000,2026-06-24 16:17:32.000
18999,3999,34.00,44.00,2.00,34.00,44.00,14.00,LOW,,,,,2026-03-24,2027-03-24,365,false,2010-07-25 02:52:10.000,2026-06-24 16:17:32.000
19000,4000,35.00,5.00,4.00,35.00,5.00,15.00,LOW,,,,,2026-05-24,2027-05-24,365,false,1996-12-05 19:09:51.000,2026-06-24 16:17:32.000
19004,4004,39.00,9.00,5.00,39.00,9.00,19.00,LOW,,,,,2026-04-24,2027-05-24,365,false,2019-12-08 18:01:50.000,2026-06-24 16:17:32.000
19005,4005,5.00,10.00,3.00,5.00,10.00,20.00,LOW,,,,,2026-06-24,2026-12-24,365,false,2011-12-19 04:29:01.000,2026-06-24 16:17:32.000
19006,4006,6.00,11.00,3.00,6.00,11.00,21.00,LOW,,,,,2026-03-24,2027-05-24,365,false,2020-07-11 13:46:59.000,2026-06-24 16:17:32.000
19007,4007,7.00,12.00,4.00,7.00,12.00,22.00,LOW,,,,,2026-05-24,2027-02-24,365,false,2013-08-27 00:05:03.000,2026-06-24 16:17:32.000
19010,4010,10.00,15.00,3.00,10.00,15.00,25.00,LOW,,,,,2026-01-24,2027-03-24,365,false,2015-08-04 11:01:05.000,2026-06-24 16:17:32.000
19012,4012,12.00,17.00,3.00,12.00,17.00,27.00,LOW,,,,,2026-01-24,2026-12-24,365,false,2019-04-21 07:26:41.000,2026-06-24 16:17:32.000
19015,4015,15.00,20.00,2.00,15.00,20.00,30.00,LOW,,,,,2026-03-24,2027-04-24,365,false,2023-06-13 00:58:47.000,2026-06-24 16:17:32.000
19017,4017,17.00,22.00,4.00,17.00,22.00,32.00,LOW,,,,,2026-05-24,2027-02-24,365,false,2025-01-11 03:07:53.000,2026-06-24 16:17:32.000
19020,4020,20.00,25.00,4.00,20.00,25.00,5.00,LOW,,,,,2026-05-24,2027-04-24,365,false,2008-02-12 13:26:05.000,2026-06-24 16:17:32.000
19021,4021,21.00,26.00,5.00,21.00,26.00,6.00,LOW,,,,,2026-01-24,2027-04-24,365,false,2010-08-15 05:31:07.000,2026-06-24 16:17:32.000
19022,4022,22.00,27.00,2.00,22.00,27.00,7.00,LOW,,,,,2026-01-24,2027-05-24,365,false,2017-01-23 20:35:26.000,2026-06-24 16:17:32.000
19023,4023,23.00,28.00,5.00,23.00,28.00,8.00,LOW,,,,,2026-02-24,2027-04-24,365,false,2020-05-13 00:31:29.000,2026-06-24 16:17:32.000
19025,4025,25.00,30.00,2.00,25.00,30.00,10.00,LOW,,,,,2026-04-24,2027-04-24,365,false,2005-01-04 16:49:14.000,2026-06-24 16:17:32.000
19026,4026,26.00,31.00,2.00,26.00,31.00,11.00,LOW,,,,,2026-05-24,2027-04-24,365,false,2022-09-20 07:44:58.000,2026-06-24 16:17:32.000
19028,4028,28.00,33.00,5.00,28.00,33.00,13.00,LOW,,,,,2026-04-24,2026-12-24,365,false,2013-03-05 23:53:30.000,2026-06-24 16:17:32.000
19029,4029,29.00,34.00,3.00,29.00,34.00,14.00,LOW,,,,,2026-04-24,2027-05-24,365,false,2017-11-18 17:31:37.000,2026-06-24 16:17:32.000
19030,4030,30.00,35.00,3.00,30.00,35.00,15.00,LOW,,,,,2026-04-24,2027-04-24,365,false,2025-07-29 16:23:30.000,2026-06-24 16:17:32.000
19031,4031,31.00,36.00,5.00,31.00,36.00,16.00,LOW,,,,,2026-04-24,2027-02-24,365,false,2023-10-28 08:05:49.000,2026-06-24 16:17:32.000
19032,4032,32.00,37.00,3.00,32.00,37.00,17.00,LOW,,,,,2026-01-24,2027-02-24,365,false,2024-03-03 16:49:28.000,2026-06-24 16:17:32.000
19034,4034,34.00,39.00,3.00,34.00,39.00,19.00,LOW,,,,,2026-02-24,2027-04-24,365,false,2024-05-07 22:06:22.000,2026-06-24 16:17:32.000
19035,4035,35.00,40.00,4.00,35.00,40.00,20.00,LOW,,,,,2026-03-24,2027-03-24,365,false,2018-10-16 10:33:20.000,2026-06-24 16:17:32.000
19036,4036,36.00,41.00,4.00,36.00,41.00,21.00,LOW,,,,,2026-03-24,2027-04-24,365,false,2020-09-09 09:57:51.000,2026-06-24 16:17:32.000
19037,4037,37.00,42.00,3.00,37.00,42.00,22.00,LOW,,,,,2026-06-24,2027-04-24,365,false,2021-09-09 01:04:21.000,2026-06-24 16:17:32.000
19038,4038,38.00,43.00,5.00,38.00,43.00,23.00,LOW,,,,,2026-04-24,2027-02-24,365,false,2022-07-07 01:52:32.000,2026-06-24 16:17:32.000
19040,4040,5.00,5.00,2.00,5.00,5.00,25.00,LOW,,,,,2026-06-24,2027-05-24,365,false,2024-11-05 06:13:52.000,2026-06-24 16:17:32.000
19041,4041,6.00,6.00,4.00,6.00,6.00,26.00,LOW,,,,,2026-03-24,2027-02-24,365,false,2018-07-25 10:38:39.000,2026-06-24 16:17:32.000
19042,4042,7.00,7.00,3.00,7.00,7.00,27.00,LOW,,,,,2026-02-24,2027-04-24,365,false,2009-02-28 14:40:06.000,2026-06-24 16:17:32.000
19045,4045,10.00,10.00,3.00,10.00,10.00,30.00,LOW,,,,,2026-01-24,2027-05-24,365,false,2013-02-03 15:51:32.000,2026-06-24 16:17:32.000
19047,4047,12.00,12.00,3.00,12.00,12.00,32.00,LOW,,,,,2026-01-24,2027-03-24,365,false,2021-12-11 19:24:34.000,2026-06-24 16:17:32.000
19048,4048,13.00,13.00,3.00,13.00,13.00,33.00,LOW,,,,,2026-01-24,2027-01-24,365,false,2008-09-16 13:00:34.000,2026-06-24 16:17:32.000
19049,4049,14.00,14.00,5.00,14.00,14.00,34.00,LOW,,,,,2026-01-24,2027-04-24,365,false,2009-02-19 06:42:27.000,2026-06-24 16:17:32.000
19050,4050,15.00,15.00,2.00,15.00,15.00,5.00,LOW,,,,,2026-01-24,2027-05-24,365,false,2005-09-08 13:36:29.000,2026-06-24 16:17:32.000
19053,4053,18.00,18.00,5.00,18.00,18.00,8.00,LOW,,,,,2026-03-24,2027-03-24,365,false,2025-12-28 14:40:52.000,2026-06-24 16:17:32.000
19054,4054,19.00,19.00,2.00,19.00,19.00,9.00,LOW,,,,,2026-05-24,2027-01-24,365,false,2026-04-17 06:48:34.000,2026-06-24 16:17:32.000
19055,4055,20.00,20.00,5.00,20.00,20.00,10.00,LOW,,,,,2026-02-24,2027-03-24,365,false,2013-06-03 10:20:49.000,2026-06-24 16:17:32.000
19056,4056,21.00,21.00,5.00,21.00,21.00,11.00,LOW,,,,,2026-02-24,2027-05-24,365,false,2022-05-12 05:44:37.000,2026-06-24 16:17:32.000
19057,4057,22.00,22.00,3.00,22.00,22.00,12.00,LOW,,,,,2026-02-24,2027-04-24,365,false,2023-06-22 06:05:55.000,2026-06-24 16:17:32.000
19058,4058,23.00,23.00,3.00,23.00,23.00,13.00,LOW,,,,,2026-06-24,2027-04-24,365,false,2026-06-03 23:53:48.000,2026-06-24 16:17:32.000
19059,4059,24.00,24.00,2.00,24.00,24.00,14.00,LOW,,,,,2026-02-24,2027-01-24,365,false,2024-12-29 04:49:03.000,2026-06-24 16:17:32.000
19063,4063,28.00,28.00,2.00,28.00,28.00,18.00,LOW,,,,,2026-03-24,2027-02-24,365,false,2025-11-04 22:31:56.000,2026-06-24 16:17:32.000
19064,4064,29.00,29.00,3.00,29.00,29.00,19.00,LOW,,,,,2026-05-24,2027-04-24,365,false,2018-01-05 23:22:54.000,2026-06-24 16:17:32.000
19065,4065,30.00,30.00,4.00,30.00,30.00,20.00,LOW,,,,,2026-06-24,2027-05-24,365,false,2011-11-11 13:07:54.000,2026-06-24 16:17:32.000
19066,4066,31.00,31.00,5.00,31.00,31.00,21.00,LOW,,,,,2026-04-24,2027-04-24,365,false,2025-07-05 03:50:01.000,2026-06-24 16:17:32.000
19067,4067,32.00,32.00,3.00,32.00,32.00,22.00,LOW,,,,,2026-04-24,2027-03-24,365,false,2025-10-01 20:31:01.000,2026-06-24 16:17:32.000
19068,4068,33.00,33.00,3.00,33.00,33.00,23.00,LOW,,,,,2026-06-24,2027-01-24,365,false,1998-12-02 17:11:29.000,2026-06-24 16:17:32.000
19071,4071,36.00,36.00,4.00,36.00,36.00,26.00,LOW,,,,,2026-02-24,2027-01-24,365,false,2022-12-21 16:44:46.000,2026-06-24 16:17:32.000
19072,4072,37.00,37.00,5.00,37.00,37.00,27.00,LOW,,,,,2026-06-24,2027-01-24,365,false,2019-11-09 18:17:52.000,2026-06-24 16:17:32.000
19073,4073,38.00,38.00,3.00,38.00,38.00,28.00,LOW,,,,,2026-02-24,2027-01-24,365,false,2023-02-28 01:58:44.000,2026-06-24 16:17:32.000
19076,4076,6.00,41.00,4.00,6.00,41.00,31.00,LOW,,,,,2026-06-24,2027-04-24,365,false,2011-12-19 15:16:07.000,2026-06-24 16:17:32.000
19079,4079,9.00,44.00,3.00,9.00,44.00,34.00,LOW,,,,,2026-06-24,2027-02-24,365,false,2017-07-20 11:47:58.000,2026-06-24 16:17:32.000
19081,4081,11.00,6.00,2.00,11.00,6.00,6.00,LOW,,,,,2026-05-24,2027-02-24,365,false,2021-03-17 04:36:04.000,2026-06-24 16:17:32.000
19083,4083,13.00,8.00,5.00,13.00,8.00,8.00,LOW,,,,,2026-06-24,2027-04-24,365,false,2026-03-05 20:21:59.000,2026-06-24 16:17:32.000
19084,4084,14.00,9.00,2.00,14.00,9.00,9.00,LOW,,,,,2026-05-24,2027-02-24,365,false,1998-12-15 07:29:30.000,2026-06-24 16:17:32.000
19086,4086,16.00,11.00,4.00,16.00,11.00,11.00,LOW,,,,,2026-03-24,2027-01-24,365,false,2023-02-10 14:51:39.000,2026-06-24 16:17:32.000
19087,4087,17.00,12.00,4.00,17.00,12.00,12.00,LOW,,,,,2026-04-24,2027-05-24,365,false,2016-07-04 21:04:05.000,2026-06-24 16:17:32.000
19088,4088,18.00,13.00,3.00,18.00,13.00,13.00,LOW,,,,,2026-03-24,2027-01-24,365,false,2017-04-16 10:38:18.000,2026-06-24 16:17:32.000
19090,4090,20.00,15.00,2.00,20.00,15.00,15.00,LOW,,,,,2026-02-24,2027-05-24,365,false,2015-04-07 07:57:08.000,2026-06-24 16:17:32.000
19091,4091,21.00,16.00,2.00,21.00,16.00,16.00,LOW,,,,,2026-05-24,2027-02-24,365,false,2008-04-20 12:36:22.000,2026-06-24 16:17:32.000
19093,4093,23.00,18.00,4.00,23.00,18.00,18.00,LOW,,,,,2026-02-24,2027-03-24,365,false,2024-07-07 07:13:28.000,2026-06-24 16:17:32.000
19097,4097,27.00,22.00,5.00,27.00,22.00,22.00,LOW,,,,,2026-05-24,2027-04-24,365,false,2024-11-12 02:06:39.000,2026-06-24 16:17:32.000
19098,4098,28.00,23.00,5.00,28.00,23.00,23.00,LOW,,,,,2026-03-24,2027-04-24,365,false,2017-10-05 03:53:56.000,2026-06-24 16:17:32.000
19100,4100,30.00,25.00,3.00,30.00,25.00,25.00,LOW,,,,,2026-06-24,2027-03-24,365,false,2024-11-07 16:03:23.000,2026-06-24 16:17:32.000
19101,4101,31.00,26.00,2.00,31.00,26.00,26.00,LOW,,,,,2026-06-24,2026-12-24,365,false,2024-03-20 21:45:14.000,2026-06-24 16:17:32.000
19102,4102,32.00,27.00,5.00,32.00,27.00,27.00,LOW,,,,,2026-05-24,2027-01-24,365,false,2010-01-22 11:36:23.000,2026-06-24 16:17:32.000
19103,4103,33.00,28.00,5.00,33.00,28.00,28.00,LOW,,,,,2026-03-24,2027-04-24,365,false,2026-03-16 20:07:29.000,2026-06-24 16:17:32.000
19106,4106,36.00,31.00,4.00,36.00,31.00,31.00,LOW,,,,,2026-03-24,2026-12-24,365,false,2025-01-07 05:14:50.000,2026-06-24 16:17:32.000
19108,4108,38.00,33.00,2.00,38.00,33.00,33.00,LOW,,,,,2026-03-24,2027-04-24,365,false,2021-01-18 22:30:49.000,2026-06-24 16:17:32.000
19110,4110,5.00,35.00,2.00,5.00,35.00,5.00,LOW,,,,,2026-01-24,2026-12-24,365,false,2019-12-11 04:36:04.000,2026-06-24 16:17:32.000
19111,4111,6.00,36.00,5.00,6.00,36.00,6.00,LOW,,,,,2026-02-24,2026-12-24,365,false,2021-10-12 10:49:01.000,2026-06-24 16:17:32.000
19112,4112,7.00,37.00,5.00,7.00,37.00,7.00,LOW,,,,,2026-05-24,2027-01-24,365,false,2021-04-02 06:33:49.000,2026-06-24 16:17:32.000
19113,4113,8.00,38.00,4.00,8.00,38.00,8.00,LOW,,,,,2026-02-24,2027-05-24,365,false,2024-03-10 00:21:59.000,2026-06-24 16:17:32.000
19114,4114,9.00,39.00,4.00,9.00,39.00,9.00,LOW,,,,,2026-01-24,2027-01-24,365,false,2021-10-01 22:27:58.000,2026-06-24 16:17:32.000
19115,4115,10.00,40.00,4.00,10.00,40.00,10.00,LOW,,,,,2026-05-24,2027-04-24,365,false,2021-07-18 13:47:02.000,2026-06-24 16:17:32.000
19117,4117,12.00,42.00,4.00,12.00,42.00,12.00,LOW,,,,,2026-06-24,2027-05-24,365,false,2023-04-02 05:41:13.000,2026-06-24 16:17:32.000
19118,4118,13.00,43.00,4.00,13.00,43.00,13.00,LOW,,,,,2026-04-24,2027-01-24,365,false,2008-06-01 19:01:31.000,2026-06-24 16:17:32.000
19120,4120,15.00,5.00,4.00,15.00,5.00,15.00,LOW,,,,,2026-02-24,2027-02-24,365,false,2021-03-02 23:52:19.000,2026-06-24 16:17:32.000
19123,4123,18.00,8.00,4.00,18.00,8.00,18.00,LOW,,,,,2026-06-24,2027-04-24,365,false,2011-12-16 13:15:46.000,2026-06-24 16:17:32.000
19124,4124,19.00,9.00,2.00,19.00,9.00,19.00,LOW,,,,,2026-04-24,2026-12-24,365,false,2024-01-14 09:24:12.000,2026-06-24 16:17:32.000
19126,4126,21.00,11.00,3.00,21.00,11.00,21.00,LOW,,,,,2026-02-24,2026-12-24,365,false,2017-11-29 23:21:38.000,2026-06-24 16:17:32.000
19127,4127,22.00,12.00,2.00,22.00,12.00,22.00,LOW,,,,,2026-06-24,2026-12-24,365,false,2002-11-09 17:22:35.000,2026-06-24 16:17:32.000
19128,4128,23.00,13.00,5.00,23.00,13.00,23.00,LOW,,,,,2026-03-24,2027-01-24,365,false,2024-02-17 17:15:15.000,2026-06-24 16:17:32.000
19129,4129,24.00,14.00,2.00,24.00,14.00,24.00,LOW,,,,,2026-01-24,2027-05-24,365,false,2009-01-05 12:43:31.000,2026-06-24 16:17:32.000
19130,4130,25.00,15.00,3.00,25.00,15.00,25.00,LOW,,,,,2026-06-24,2027-02-24,365,false,2025-09-03 01:38:57.000,2026-06-24 16:17:32.000
19131,4131,26.00,16.00,5.00,26.00,16.00,26.00,LOW,,,,,2026-04-24,2027-05-24,365,false,2014-10-08 05:42:24.000,2026-06-24 16:17:32.000
19132,4132,27.00,17.00,2.00,27.00,17.00,27.00,LOW,,,,,2026-03-24,2027-03-24,365,false,2025-03-12 09:53:27.000,2026-06-24 16:17:32.000
19133,4133,28.00,18.00,5.00,28.00,18.00,28.00,LOW,,,,,2026-05-24,2027-04-24,365,false,2009-12-12 05:39:27.000,2026-06-24 16:17:32.000
19135,4135,30.00,20.00,2.00,30.00,20.00,30.00,LOW,,,,,2026-06-24,2027-03-24,365,false,2008-05-29 18:41:50.000,2026-06-24 16:17:32.000
19136,4136,31.00,21.00,4.00,31.00,21.00,31.00,LOW,,,,,2026-05-24,2027-05-24,365,false,2011-06-21 12:19:57.000,2026-06-24 16:17:32.000
19137,4137,32.00,22.00,4.00,32.00,22.00,32.00,LOW,,,,,2026-05-24,2027-03-24,365,false,2020-04-14 20:50:31.000,2026-06-24 16:17:32.000
19145,4145,5.00,30.00,3.00,5.00,30.00,10.00,LOW,,,,,2026-03-24,2027-05-24,365,false,2025-12-23 08:26:04.000,2026-06-24 16:17:32.000
19147,4147,7.00,32.00,5.00,7.00,32.00,12.00,LOW,,,,,2026-05-24,2027-03-24,365,false,2020-01-13 05:59:30.000,2026-06-24 16:17:32.000
19148,4148,8.00,33.00,2.00,8.00,33.00,13.00,LOW,,,,,2026-04-24,2027-02-24,365,false,2013-03-09 15:47:35.000,2026-06-24 16:17:32.000
19149,4149,9.00,34.00,3.00,9.00,34.00,14.00,LOW,,,,,2026-06-24,2027-02-24,365,false,2010-10-10 18:14:41.000,2026-06-24 16:17:32.000
19150,4150,10.00,35.00,2.00,10.00,35.00,15.00,LOW,,,,,2026-01-24,2027-01-24,365,false,2007-06-16 11:27:52.000,2026-06-24 16:17:32.000
19151,4151,11.00,36.00,3.00,11.00,36.00,16.00,LOW,,,,,2026-06-24,2027-04-24,365,false,2026-03-15 14:11:26.000,2026-06-24 16:17:32.000
19152,4152,12.00,37.00,4.00,12.00,37.00,17.00,LOW,,,,,2026-03-24,2027-04-24,365,false,2004-12-11 23:57:58.000,2026-06-24 16:17:32.000
19153,4153,13.00,38.00,3.00,13.00,38.00,18.00,LOW,,,,,2026-06-24,2026-12-24,365,false,2021-09-06 04:01:43.000,2026-06-24 16:17:32.000
19156,4156,16.00,41.00,2.00,16.00,41.00,21.00,LOW,,,,,2026-04-24,2026-12-24,365,false,2017-01-16 04:15:06.000,2026-06-24 16:17:32.000
19157,4157,17.00,42.00,2.00,17.00,42.00,22.00,LOW,,,,,2026-04-24,2027-01-24,365,false,2025-11-19 03:46:18.000,2026-06-24 16:17:32.000
19159,4159,19.00,44.00,4.00,19.00,44.00,24.00,LOW,,,,,2026-06-24,2026-12-24,365,false,2017-01-25 21:05:04.000,2026-06-24 16:17:32.000
19160,4160,20.00,5.00,4.00,20.00,5.00,25.00,LOW,,,,,2026-03-24,2027-01-24,365,false,2020-12-21 15:34:14.000,2026-06-24 16:17:32.000
19161,4161,21.00,6.00,3.00,21.00,6.00,26.00,LOW,,,,,2026-03-24,2027-02-24,365,false,2018-12-16 18:38:21.000,2026-06-24 16:17:32.000
19162,4162,22.00,7.00,5.00,22.00,7.00,27.00,LOW,,,,,2026-02-24,2027-01-24,365,false,2019-02-12 00:21:27.000,2026-06-24 16:17:32.000
19163,4163,23.00,8.00,2.00,23.00,8.00,28.00,LOW,,,,,2026-06-24,2026-12-24,365,false,2001-12-31 13:57:41.000,2026-06-24 16:17:32.000
19166,4166,26.00,11.00,3.00,26.00,11.00,31.00,LOW,,,,,2026-06-24,2027-02-24,365,false,2025-07-13 11:20:21.000,2026-06-24 16:17:32.000
19172,4172,32.00,17.00,2.00,32.00,17.00,7.00,LOW,,,,,2026-01-24,2027-01-24,365,false,2021-04-20 07:25:36.000,2026-06-24 16:17:32.000
19173,4173,33.00,18.00,4.00,33.00,18.00,8.00,LOW,,,,,2026-04-24,2026-12-24,365,false,2026-05-03 12:59:12.000,2026-06-24 16:17:32.000
19174,4174,34.00,19.00,2.00,34.00,19.00,9.00,LOW,,,,,2026-04-24,2027-03-24,365,false,2012-10-11 05:23:13.000,2026-06-24 16:17:32.000
19176,4176,36.00,21.00,4.00,36.00,21.00,11.00,LOW,,,,,2026-03-24,2027-02-24,365,false,2023-07-21 03:47:50.000,2026-06-24 16:17:32.000
19177,4177,37.00,22.00,2.00,37.00,22.00,12.00,LOW,,,,,2026-04-24,2027-01-24,365,false,2020-03-25 21:55:48.000,2026-06-24 16:17:32.000
19179,4179,39.00,24.00,2.00,39.00,24.00,14.00,LOW,,,,,2026-06-24,2027-05-24,365,false,2022-05-17 01:49:17.000,2026-06-24 16:17:32.000
19180,4180,5.00,25.00,2.00,5.00,25.00,15.00,LOW,,,,,2026-06-24,2026-12-24,365,false,2007-06-14 20:00:14.000,2026-06-24 16:17:32.000
19181,4181,6.00,26.00,5.00,6.00,26.00,16.00,LOW,,,,,2026-04-24,2027-03-24,365,false,2026-03-10 02:35:14.000,2026-06-24 16:17:32.000
19182,4182,7.00,27.00,4.00,7.00,27.00,17.00,LOW,,,,,2026-01-24,2027-01-24,365,false,2007-11-06 02:23:32.000,2026-06-24 16:17:32.000
19183,4183,8.00,28.00,2.00,8.00,28.00,18.00,LOW,,,,,2026-04-24,2027-05-24,365,false,2022-10-15 21:44:42.000,2026-06-24 16:17:32.000
19184,4184,9.00,29.00,4.00,9.00,29.00,19.00,LOW,,,,,2026-06-24,2027-04-24,365,false,2013-11-12 14:52:33.000,2026-06-24 16:17:32.000
19189,4189,14.00,34.00,5.00,14.00,34.00,24.00,LOW,,,,,2026-03-24,2027-03-24,365,false,2020-08-09 07:45:44.000,2026-06-24 16:17:32.000
19190,4190,15.00,35.00,2.00,15.00,35.00,25.00,LOW,,,,,2026-05-24,2026-12-24,365,false,2009-07-01 02:21:00.000,2026-06-24 16:17:32.000
19191,4191,16.00,36.00,3.00,16.00,36.00,26.00,LOW,,,,,2026-06-24,2027-05-24,365,false,2017-08-10 11:38:53.000,2026-06-24 16:17:32.000
19192,4192,17.00,37.00,4.00,17.00,37.00,27.00,LOW,,,,,2026-01-24,2027-05-24,365,false,2023-11-02 05:41:26.000,2026-06-24 16:17:32.000
19193,4193,18.00,38.00,2.00,18.00,38.00,28.00,LOW,,,,,2026-01-24,2027-01-24,365,false,2013-10-26 21:11:17.000,2026-06-24 16:17:32.000
19194,4194,19.00,39.00,3.00,19.00,39.00,29.00,LOW,,,,,2026-01-24,2027-02-24,365,false,2021-06-19 01:32:52.000,2026-06-24 16:17:32.000
19195,4195,20.00,40.00,4.00,20.00,40.00,30.00,LOW,,,,,2026-06-24,2027-02-24,365,false,2008-11-27 22:10:47.000,2026-06-24 16:17:32.000
19198,4198,23.00,43.00,4.00,23.00,43.00,33.00,LOW,,,,,2026-04-24,2027-04-24,365,false,2017-02-06 13:39:21.000,2026-06-24 16:17:32.000
19199,4199,24.00,44.00,3.00,24.00,44.00,34.00,LOW,,,,,2026-03-24,2027-01-24,365,false,2004-08-29 13:09:21.000,2026-06-24 16:17:32.000
19200,4200,25.00,5.00,3.00,25.00,5.00,5.00,LOW,,,,,2026-05-24,2027-02-24,365,false,2023-11-17 11:30:15.000,2026-06-24 16:17:32.000
19201,4201,26.00,6.00,2.00,26.00,6.00,6.00,LOW,,,,,2026-03-24,2026-12-24,365,false,2023-09-08 08:37:25.000,2026-06-24 16:17:32.000
19202,4202,27.00,7.00,2.00,27.00,7.00,7.00,LOW,,,,,2026-01-24,2027-04-24,365,false,2010-11-16 20:16:34.000,2026-06-24 16:17:32.000
19203,4203,28.00,8.00,2.00,28.00,8.00,8.00,LOW,,,,,2026-03-24,2027-03-24,365,false,2009-10-14 22:44:43.000,2026-06-24 16:17:32.000
19204,4204,29.00,9.00,5.00,29.00,9.00,9.00,LOW,,,,,2026-03-24,2027-01-24,365,false,2024-03-19 19:32:13.000,2026-06-24 16:17:32.000
19207,4207,32.00,12.00,5.00,32.00,12.00,12.00,LOW,,,,,2026-06-24,2027-05-24,365,false,2011-10-25 17:40:15.000,2026-06-24 16:17:32.000
19208,4208,33.00,13.00,5.00,33.00,13.00,13.00,LOW,,,,,2026-03-24,2027-01-24,365,false,2019-06-01 08:12:19.000,2026-06-24 16:17:32.000
19209,4209,34.00,14.00,3.00,34.00,14.00,14.00,LOW,,,,,2026-01-24,2027-04-24,365,false,2023-06-29 05:18:05.000,2026-06-24 16:17:32.000
19210,4210,35.00,15.00,2.00,35.00,15.00,15.00,LOW,,,,,2026-02-24,2026-12-24,365,false,2026-06-28 23:24:15.000,2026-06-24 16:17:32.000
19211,4211,36.00,16.00,2.00,36.00,16.00,16.00,LOW,,,,,2026-01-24,2027-04-24,365,false,2007-04-15 02:59:17.000,2026-06-24 16:17:32.000
19212,4212,37.00,17.00,2.00,37.00,17.00,17.00,LOW,,,,,2026-02-24,2027-01-24,365,false,2014-03-14 19:21:19.000,2026-06-24 16:17:32.000
19213,4213,38.00,18.00,5.00,38.00,18.00,18.00,LOW,,,,,2026-02-24,2027-04-24,365,false,2023-04-17 13:20:42.000,2026-06-24 16:17:32.000
19214,4214,39.00,19.00,4.00,39.00,19.00,19.00,LOW,,,,,2026-03-24,2027-02-24,365,false,2017-05-12 00:27:35.000,2026-06-24 16:17:32.000
19215,4215,5.00,20.00,3.00,5.00,20.00,20.00,LOW,,,,,2026-02-24,2027-05-24,365,false,2021-09-22 09:18:59.000,2026-06-24 16:17:32.000
19218,4218,8.00,23.00,5.00,8.00,23.00,23.00,LOW,,,,,2026-06-24,2026-12-24,365,false,2024-12-12 06:22:13.000,2026-06-24 16:17:32.000
19220,4220,10.00,25.00,4.00,10.00,25.00,25.00,LOW,,,,,2026-04-24,2026-12-24,365,false,2020-02-29 02:00:29.000,2026-06-24 16:17:32.000
19222,4222,12.00,27.00,4.00,12.00,27.00,27.00,LOW,,,,,2026-06-24,2027-05-24,365,false,2009-01-23 00:30:30.000,2026-06-24 16:17:32.000
19225,4225,15.00,30.00,4.00,15.00,30.00,30.00,LOW,,,,,2026-02-24,2027-01-24,365,false,2024-08-21 20:42:20.000,2026-06-24 16:17:32.000
19226,4226,16.00,31.00,5.00,16.00,31.00,31.00,LOW,,,,,2026-04-24,2027-02-24,365,false,2007-08-28 15:50:53.000,2026-06-24 16:17:32.000
19227,4227,17.00,32.00,5.00,17.00,32.00,32.00,LOW,,,,,2026-05-24,2027-02-24,365,false,2017-11-14 11:52:33.000,2026-06-24 16:17:32.000
19230,4230,20.00,35.00,2.00,20.00,35.00,5.00,LOW,,,,,2026-03-24,2026-12-24,365,false,2024-04-13 00:09:59.000,2026-06-24 16:17:32.000
19231,4231,21.00,36.00,3.00,21.00,36.00,6.00,LOW,,,,,2026-01-24,2026-12-24,365,false,2025-06-20 05:59:47.000,2026-06-24 16:17:32.000
19233,4233,23.00,38.00,5.00,23.00,38.00,8.00,LOW,,,,,2026-06-24,2027-03-24,365,false,2022-04-07 06:04:46.000,2026-06-24 16:17:32.000
19239,4239,29.00,44.00,4.00,29.00,44.00,14.00,LOW,,,,,2026-02-24,2027-01-24,365,false,2017-09-08 22:21:14.000,2026-06-24 16:17:32.000
19241,4241,31.00,6.00,3.00,31.00,6.00,16.00,LOW,,,,,2026-02-24,2027-02-24,365,false,2025-06-02 06:56:39.000,2026-06-24 16:17:32.000
19242,4242,32.00,7.00,4.00,32.00,7.00,17.00,LOW,,,,,2026-03-24,2027-01-24,365,false,2012-04-16 05:19:05.000,2026-06-24 16:17:32.000
19243,4243,33.00,8.00,3.00,33.00,8.00,18.00,LOW,,,,,2026-04-24,2027-03-24,365,false,2026-01-27 14:26:50.000,2026-06-24 16:17:32.000
19245,4245,35.00,10.00,2.00,35.00,10.00,20.00,LOW,,,,,2026-05-24,2027-02-24,365,false,2025-03-03 02:43:24.000,2026-06-24 16:17:32.000
19246,4246,36.00,11.00,2.00,36.00,11.00,21.00,LOW,,,,,2026-02-24,2027-03-24,365,false,2009-06-12 17:21:44.000,2026-06-24 16:17:32.000
19247,4247,37.00,12.00,3.00,37.00,12.00,22.00,LOW,,,,,2026-04-24,2027-04-24,365,false,1999-04-10 05:32:53.000,2026-06-24 16:17:32.000
19250,4250,5.00,15.00,4.00,5.00,15.00,25.00,LOW,,,,,2026-05-24,2027-02-24,365,false,2014-07-11 07:36:35.000,2026-06-24 16:17:32.000
19251,4251,6.00,16.00,2.00,6.00,16.00,26.00,LOW,,,,,2026-01-24,2026-12-24,365,false,2023-06-14 13:21:05.000,2026-06-24 16:17:32.000
19254,4254,9.00,19.00,4.00,9.00,19.00,29.00,LOW,,,,,2026-03-24,2027-04-24,365,false,2019-07-20 22:46:21.000,2026-06-24 16:17:32.000
19255,4255,10.00,20.00,5.00,10.00,20.00,30.00,LOW,,,,,2026-02-24,2027-01-24,365,false,2022-04-03 09:17:18.000,2026-06-24 16:17:32.000
19256,4256,11.00,21.00,5.00,11.00,21.00,31.00,LOW,,,,,2026-04-24,2026-12-24,365,false,2012-01-16 20:43:23.000,2026-06-24 16:17:32.000
19257,4257,12.00,22.00,5.00,12.00,22.00,32.00,LOW,,,,,2026-03-24,2026-12-24,365,false,2020-11-12 11:19:52.000,2026-06-24 16:17:32.000
19258,4258,13.00,23.00,4.00,13.00,23.00,33.00,LOW,,,,,2026-05-24,2027-01-24,365,false,2007-12-02 21:58:41.000,2026-06-24 16:17:32.000
19259,4259,14.00,24.00,5.00,14.00,24.00,34.00,LOW,,,,,2026-06-24,2027-03-24,365,false,2013-02-25 13:18:55.000,2026-06-24 16:17:32.000
19260,4260,15.00,25.00,5.00,15.00,25.00,5.00,LOW,,,,,2026-01-24,2027-02-24,365,false,1993-05-02 10:46:00.000,2026-06-24 16:17:32.000
19265,4265,20.00,30.00,4.00,20.00,30.00,10.00,LOW,,,,,2026-03-24,2027-04-24,365,false,2017-12-30 04:01:07.000,2026-06-24 16:17:32.000
19269,4269,24.00,34.00,2.00,24.00,34.00,14.00,LOW,,,,,2026-04-24,2027-02-24,365,false,2022-08-29 03:18:34.000,2026-06-24 16:17:32.000
19271,4271,26.00,36.00,2.00,26.00,36.00,16.00,LOW,,,,,2026-01-24,2027-03-24,365,false,2024-06-21 07:36:28.000,2026-06-24 16:17:32.000
19272,4272,27.00,37.00,4.00,27.00,37.00,17.00,LOW,,,,,2026-02-24,2027-01-24,365,false,2013-04-22 07:18:23.000,2026-06-24 16:17:32.000
19274,4274,29.00,39.00,4.00,29.00,39.00,19.00,LOW,,,,,2026-03-24,2026-12-24,365,false,2010-03-21 19:57:57.000,2026-06-24 16:17:32.000
19275,4275,30.00,40.00,3.00,30.00,40.00,20.00,LOW,,,,,2026-05-24,2027-03-24,365,false,2012-06-09 12:06:02.000,2026-06-24 16:17:32.000
19276,4276,31.00,41.00,5.00,31.00,41.00,21.00,LOW,,,,,2026-04-24,2027-03-24,365,false,2024-10-13 03:07:58.000,2026-06-24 16:17:32.000
19278,4278,33.00,43.00,5.00,33.00,43.00,23.00,LOW,,,,,2026-06-24,2027-04-24,365,false,2002-07-22 16:58:19.000,2026-06-24 16:17:32.000
19279,4279,34.00,44.00,4.00,34.00,44.00,24.00,LOW,,,,,2026-01-24,2027-02-24,365,false,2021-10-19 23:47:00.000,2026-06-24 16:17:32.000
19281,4281,36.00,6.00,2.00,36.00,6.00,26.00,LOW,,,,,2026-01-24,2026-12-24,365,false,2005-01-12 00:57:13.000,2026-06-24 16:17:32.000
19282,4282,37.00,7.00,4.00,37.00,7.00,27.00,LOW,,,,,2026-03-24,2027-04-24,365,false,1994-05-09 23:59:43.000,2026-06-24 16:17:32.000
19283,4283,38.00,8.00,5.00,38.00,8.00,28.00,LOW,,,,,2026-02-24,2027-02-24,365,false,2020-04-27 16:20:51.000,2026-06-24 16:17:32.000
19284,4284,39.00,9.00,4.00,39.00,9.00,29.00,LOW,,,,,2026-02-24,2027-04-24,365,false,1995-05-08 09:54:07.000,2026-06-24 16:17:32.000
19286,4286,6.00,11.00,2.00,6.00,11.00,31.00,LOW,,,,,2026-04-24,2027-03-24,365,false,2021-07-01 20:53:32.000,2026-06-24 16:17:32.000
19291,4291,11.00,16.00,3.00,11.00,16.00,6.00,LOW,,,,,2026-06-24,2027-05-24,365,false,2020-10-29 09:53:30.000,2026-06-24 16:17:32.000
19292,4292,12.00,17.00,2.00,12.00,17.00,7.00,LOW,,,,,2026-04-24,2027-04-24,365,false,2017-05-06 07:26:49.000,2026-06-24 16:17:32.000
19293,4293,13.00,18.00,4.00,13.00,18.00,8.00,LOW,,,,,2026-06-24,2027-02-24,365,false,2021-03-13 14:17:49.000,2026-06-24 16:17:32.000
19299,4299,19.00,24.00,5.00,19.00,24.00,14.00,LOW,,,,,2026-03-24,2027-05-24,365,false,2018-09-25 18:54:48.000,2026-06-24 16:17:32.000
19300,4300,20.00,25.00,2.00,20.00,25.00,15.00,LOW,,,,,2026-06-24,2027-03-24,365,false,2023-07-03 02:22:24.000,2026-06-24 16:17:32.000
19301,4301,21.00,26.00,2.00,21.00,26.00,16.00,LOW,,,,,2026-01-24,2027-03-24,365,false,2020-06-01 22:51:48.000,2026-06-24 16:17:32.000
19302,4302,22.00,27.00,4.00,22.00,27.00,17.00,LOW,,,,,2026-04-24,2027-01-24,365,false,2024-09-21 01:29:27.000,2026-06-24 16:17:32.000
19305,4305,25.00,30.00,3.00,25.00,30.00,20.00,LOW,,,,,2026-05-24,2027-05-24,365,false,2020-02-18 06:48:09.000,2026-06-24 16:17:32.000
19308,4308,28.00,33.00,3.00,28.00,33.00,23.00,LOW,,,,,2026-05-24,2027-01-24,365,false,2018-10-12 19:00:09.000,2026-06-24 16:17:32.000
19314,4314,34.00,39.00,3.00,34.00,39.00,29.00,LOW,,,,,2026-01-24,2027-04-24,365,false,2003-04-14 12:31:58.000,2026-06-24 16:17:32.000
19315,4315,35.00,40.00,5.00,35.00,40.00,30.00,LOW,,,,,2026-03-24,2027-02-24,365,false,2020-08-18 07:26:20.000,2026-06-24 16:17:32.000
19317,4317,37.00,42.00,2.00,37.00,42.00,32.00,LOW,,,,,2026-05-24,2027-04-24,365,false,2026-04-14 20:23:30.000,2026-06-24 16:17:32.000
19318,4318,38.00,43.00,3.00,38.00,43.00,33.00,LOW,,,,,2026-06-24,2027-02-24,365,false,1995-02-12 18:46:29.000,2026-06-24 16:17:32.000
19320,4320,5.00,5.00,3.00,5.00,5.00,5.00,LOW,,,,,2026-01-24,2027-05-24,365,false,2023-09-26 14:24:40.000,2026-06-24 16:17:32.000
19322,4322,7.00,7.00,5.00,7.00,7.00,7.00,LOW,,,,,2026-05-24,2027-02-24,365,false,2024-11-13 16:49:05.000,2026-06-24 16:17:32.000
19323,4323,8.00,8.00,5.00,8.00,8.00,8.00,LOW,,,,,2026-05-24,2027-03-24,365,false,2024-05-04 14:26:17.000,2026-06-24 16:17:32.000
19324,4324,9.00,9.00,5.00,9.00,9.00,9.00,LOW,,,,,2026-01-24,2026-12-24,365,false,2014-12-03 18:40:34.000,2026-06-24 16:17:32.000
19327,4327,12.00,12.00,5.00,12.00,12.00,12.00,LOW,,,,,2026-02-24,2027-05-24,365,false,1997-07-21 08:11:46.000,2026-06-24 16:17:32.000
19331,4331,16.00,16.00,5.00,16.00,16.00,16.00,LOW,,,,,2026-06-24,2027-03-24,365,false,2000-08-25 02:07:43.000,2026-06-24 16:17:32.000
19333,4333,18.00,18.00,2.00,18.00,18.00,18.00,LOW,,,,,2026-04-24,2027-02-24,365,false,2017-10-11 12:48:01.000,2026-06-24 16:17:32.000
19334,4334,19.00,19.00,2.00,19.00,19.00,19.00,LOW,,,,,2026-05-24,2027-01-24,365,false,2018-11-10 12:29:30.000,2026-06-24 16:17:32.000
19336,4336,21.00,21.00,5.00,21.00,21.00,21.00,LOW,,,,,2026-03-24,2027-02-24,365,false,2024-03-04 18:07:53.000,2026-06-24 16:17:32.000
19339,4339,24.00,24.00,5.00,24.00,24.00,24.00,LOW,,,,,2026-01-24,2027-01-24,365,false,2008-05-28 23:56:00.000,2026-06-24 16:17:32.000
19340,4340,25.00,25.00,5.00,25.00,25.00,25.00,LOW,,,,,2026-02-24,2027-05-24,365,false,1997-01-15 05:41:54.000,2026-06-24 16:17:32.000
19342,4342,27.00,27.00,2.00,27.00,27.00,27.00,LOW,,,,,2026-03-24,2027-03-24,365,false,2013-05-12 16:10:00.000,2026-06-24 16:17:32.000
19343,4343,28.00,28.00,4.00,28.00,28.00,28.00,LOW,,,,,2026-01-24,2027-02-24,365,false,2007-09-16 09:38:00.000,2026-06-24 16:17:32.000
19345,4345,30.00,30.00,4.00,30.00,30.00,30.00,LOW,,,,,2026-01-24,2026-12-24,365,false,2024-03-12 01:31:35.000,2026-06-24 16:17:32.000
19346,4346,31.00,31.00,2.00,31.00,31.00,31.00,LOW,,,,,2026-01-24,2027-02-24,365,false,2002-06-07 00:24:24.000,2026-06-24 16:17:32.000
19347,4347,32.00,32.00,4.00,32.00,32.00,32.00,LOW,,,,,2026-02-24,2027-04-24,365,false,2006-07-25 05:08:17.000,2026-06-24 16:17:32.000
19348,4348,33.00,33.00,4.00,33.00,33.00,33.00,LOW,,,,,2026-03-24,2027-04-24,365,false,2024-04-26 01:56:42.000,2026-06-24 16:17:32.000
19351,4351,36.00,36.00,4.00,36.00,36.00,6.00,LOW,,,,,2026-04-24,2027-04-24,365,false,2011-05-07 09:55:32.000,2026-06-24 16:17:32.000
19352,4352,37.00,37.00,2.00,37.00,37.00,7.00,LOW,,,,,2026-06-24,2027-02-24,365,false,2018-10-23 19:33:39.000,2026-06-24 16:17:32.000
19354,4354,39.00,39.00,4.00,39.00,39.00,9.00,LOW,,,,,2026-04-24,2027-02-24,365,false,2008-09-28 14:34:42.000,2026-06-24 16:17:32.000
19355,4355,5.00,40.00,3.00,5.00,40.00,10.00,LOW,,,,,2026-05-24,2027-04-24,365,false,2014-05-17 08:06:05.000,2026-06-24 16:17:32.000
19356,4356,6.00,41.00,2.00,6.00,41.00,11.00,LOW,,,,,2026-04-24,2027-02-24,365,false,2007-04-02 11:01:58.000,2026-06-24 16:17:32.000
19357,4357,7.00,42.00,2.00,7.00,42.00,12.00,LOW,,,,,2026-05-24,2027-04-24,365,false,2025-07-06 06:05:07.000,2026-06-24 16:17:32.000
19358,4358,8.00,43.00,4.00,8.00,43.00,13.00,LOW,,,,,2026-06-24,2026-12-24,365,false,2019-07-26 05:51:06.000,2026-06-24 16:17:32.000
19359,4359,9.00,44.00,3.00,9.00,44.00,14.00,LOW,,,,,2026-01-24,2027-02-24,365,false,2018-05-23 00:00:00.000,2026-06-24 16:17:32.000
19361,4361,11.00,6.00,4.00,11.00,6.00,16.00,LOW,,,,,2026-04-24,2027-04-24,365,false,2015-01-07 02:49:38.000,2026-06-24 16:17:32.000
19363,4363,13.00,8.00,5.00,13.00,8.00,18.00,LOW,,,,,2026-06-24,2027-01-24,365,false,2009-03-16 06:50:08.000,2026-06-24 16:17:32.000
19365,4365,15.00,10.00,3.00,15.00,10.00,20.00,LOW,,,,,2026-03-24,2027-04-24,365,false,2024-08-03 20:33:42.000,2026-06-24 16:17:32.000
19366,4366,16.00,11.00,3.00,16.00,11.00,21.00,LOW,,,,,2026-06-24,2027-01-24,365,false,2016-09-09 02:58:30.000,2026-06-24 16:17:32.000
19367,4367,17.00,12.00,3.00,17.00,12.00,22.00,LOW,,,,,2026-06-24,2027-02-24,365,false,2023-11-16 01:52:26.000,2026-06-24 16:17:32.000
19368,4368,18.00,13.00,3.00,18.00,13.00,23.00,LOW,,,,,2026-06-24,2027-04-24,365,false,2020-05-27 02:52:57.000,2026-06-24 16:17:32.000
19369,4369,19.00,14.00,2.00,19.00,14.00,24.00,LOW,,,,,2026-01-24,2027-02-24,365,false,2019-04-08 01:24:03.000,2026-06-24 16:17:32.000
19370,4370,20.00,15.00,3.00,20.00,15.00,25.00,LOW,,,,,2026-06-24,2027-03-24,365,false,2011-12-22 20:46:33.000,2026-06-24 16:17:32.000
19371,4371,21.00,16.00,4.00,21.00,16.00,26.00,LOW,,,,,2026-02-24,2027-02-24,365,false,2020-01-16 19:53:08.000,2026-06-24 16:17:32.000
19373,4373,23.00,18.00,3.00,23.00,18.00,28.00,LOW,,,,,2026-01-24,2027-01-24,365,false,2026-03-31 04:47:01.000,2026-06-24 16:17:32.000
19376,4376,26.00,21.00,5.00,26.00,21.00,31.00,LOW,,,,,2026-06-24,2027-05-24,365,false,2025-09-04 15:14:35.000,2026-06-24 16:17:32.000
19377,4377,27.00,22.00,5.00,27.00,22.00,32.00,LOW,,,,,2026-05-24,2027-03-24,365,false,2010-08-07 04:23:21.000,2026-06-24 16:17:32.000
19380,4380,30.00,25.00,3.00,30.00,25.00,5.00,LOW,,,,,2026-02-24,2027-03-24,365,false,2021-10-06 20:23:43.000,2026-06-24 16:17:32.000
19382,4382,32.00,27.00,4.00,32.00,27.00,7.00,LOW,,,,,2026-02-24,2027-02-24,365,false,2008-08-17 07:31:57.000,2026-06-24 16:17:32.000
19383,4383,33.00,28.00,3.00,33.00,28.00,8.00,LOW,,,,,2026-04-24,2027-02-24,365,false,2021-10-02 10:05:36.000,2026-06-24 16:17:32.000
19386,4386,36.00,31.00,4.00,36.00,31.00,11.00,LOW,,,,,2026-02-24,2027-03-24,365,false,2011-08-06 09:42:18.000,2026-06-24 16:17:32.000
19389,4389,39.00,34.00,2.00,39.00,34.00,14.00,LOW,,,,,2026-01-24,2027-05-24,365,false,2018-10-11 03:56:12.000,2026-06-24 16:17:32.000
19391,4391,6.00,36.00,3.00,6.00,36.00,16.00,LOW,,,,,2026-01-24,2027-02-24,365,false,2023-04-30 23:42:19.000,2026-06-24 16:17:32.000
19393,4393,8.00,38.00,5.00,8.00,38.00,18.00,LOW,,,,,2026-05-24,2027-03-24,365,false,2014-01-10 00:57:00.000,2026-06-24 16:17:32.000
19394,4394,9.00,39.00,5.00,9.00,39.00,19.00,LOW,,,,,2026-04-24,2027-02-24,365,false,2024-08-21 18:12:48.000,2026-06-24 16:17:32.000
19396,4396,11.00,41.00,2.00,11.00,41.00,21.00,LOW,,,,,2026-03-24,2027-01-24,365,false,2016-06-25 01:43:14.000,2026-06-24 16:17:32.000
19400,4400,15.00,5.00,4.00,15.00,5.00,25.00,LOW,,,,,2026-01-24,2027-01-24,365,false,2007-10-26 03:53:14.000,2026-06-24 16:17:32.000
19401,4401,16.00,6.00,3.00,16.00,6.00,26.00,LOW,,,,,2026-01-24,2027-02-24,365,false,2010-11-03 18:03:21.000,2026-06-24 16:17:32.000
19403,4403,18.00,8.00,4.00,18.00,8.00,28.00,LOW,,,,,2026-04-24,2027-05-24,365,false,2016-11-04 23:55:30.000,2026-06-24 16:17:32.000
19404,4404,19.00,9.00,4.00,19.00,9.00,29.00,LOW,,,,,2026-02-24,2027-05-24,365,false,2020-08-01 14:34:48.000,2026-06-24 16:17:32.000
19405,4405,20.00,10.00,4.00,20.00,10.00,30.00,LOW,,,,,2026-06-24,2027-03-24,365,false,2002-09-20 13:42:23.000,2026-06-24 16:17:32.000
19406,4406,21.00,11.00,4.00,21.00,11.00,31.00,LOW,,,,,2026-05-24,2027-01-24,365,false,2009-08-27 17:44:50.000,2026-06-24 16:17:32.000
19408,4408,23.00,13.00,5.00,23.00,13.00,33.00,LOW,,,,,2026-06-24,2027-05-24,365,false,2024-01-23 02:50:26.000,2026-06-24 16:17:32.000
19409,4409,24.00,14.00,3.00,24.00,14.00,34.00,LOW,,,,,2026-05-24,2027-03-24,365,false,2023-02-22 21:37:12.000,2026-06-24 16:17:32.000
19411,4411,26.00,16.00,4.00,26.00,16.00,6.00,LOW,,,,,2026-01-24,2027-02-24,365,false,2022-08-09 00:45:58.000,2026-06-24 16:17:32.000
19412,4412,27.00,17.00,2.00,27.00,17.00,7.00,LOW,,,,,2026-02-24,2027-05-24,365,false,1999-07-19 08:50:34.000,2026-06-24 16:17:32.000
19414,4414,29.00,19.00,4.00,29.00,19.00,9.00,LOW,,,,,2026-05-24,2027-05-24,365,false,2011-05-21 19:40:52.000,2026-06-24 16:17:32.000
19415,4415,30.00,20.00,5.00,30.00,20.00,10.00,LOW,,,,,2026-01-24,2027-01-24,365,false,2001-04-14 06:50:49.000,2026-06-24 16:17:32.000
19416,4416,31.00,21.00,5.00,31.00,21.00,11.00,LOW,,,,,2026-02-24,2027-03-24,365,false,2006-02-13 08:57:57.000,2026-06-24 16:17:32.000
19417,4417,32.00,22.00,3.00,32.00,22.00,12.00,LOW,,,,,2026-06-24,2027-03-24,365,false,2000-12-14 06:29:32.000,2026-06-24 16:17:32.000
19418,4418,33.00,23.00,4.00,33.00,23.00,13.00,LOW,,,,,2026-01-24,2027-01-24,365,false,2018-07-09 02:01:36.000,2026-06-24 16:17:32.000
19419,4419,34.00,24.00,4.00,34.00,24.00,14.00,LOW,,,,,2026-01-24,2027-02-24,365,false,2019-06-29 11:59:06.000,2026-06-24 16:17:32.000
19420,4420,35.00,25.00,3.00,35.00,25.00,15.00,LOW,,,,,2026-05-24,2027-05-24,365,false,2016-05-31 03:19:43.000,2026-06-24 16:17:32.000
19423,4423,38.00,28.00,5.00,38.00,28.00,18.00,LOW,,,,,2026-03-24,2027-03-24,365,false,2007-09-08 04:48:40.000,2026-06-24 16:17:32.000
19425,4425,5.00,30.00,4.00,5.00,30.00,20.00,LOW,,,,,2026-01-24,2027-02-24,365,false,2025-04-23 09:19:03.000,2026-06-24 16:17:32.000
19426,4426,6.00,31.00,5.00,6.00,31.00,21.00,LOW,,,,,2026-05-24,2027-03-24,365,false,2023-01-23 18:42:40.000,2026-06-24 16:17:32.000
19428,4428,8.00,33.00,3.00,8.00,33.00,23.00,LOW,,,,,2026-06-24,2027-02-24,365,false,2026-02-13 04:04:34.000,2026-06-24 16:17:32.000
19429,4429,9.00,34.00,3.00,9.00,34.00,24.00,LOW,,,,,2026-03-24,2027-01-24,365,false,2009-10-25 22:06:07.000,2026-06-24 16:17:32.000
19430,4430,10.00,35.00,5.00,10.00,35.00,25.00,LOW,,,,,2026-06-24,2027-03-24,365,false,2021-04-15 23:36:43.000,2026-06-24 16:17:32.000
19431,4431,11.00,36.00,5.00,11.00,36.00,26.00,LOW,,,,,2026-04-24,2027-03-24,365,false,2017-02-25 11:25:23.000,2026-06-24 16:17:32.000
19433,4433,13.00,38.00,2.00,13.00,38.00,28.00,LOW,,,,,2026-03-24,2027-01-24,365,false,2024-03-26 15:33:30.000,2026-06-24 16:17:32.000
19434,4434,14.00,39.00,4.00,14.00,39.00,29.00,LOW,,,,,2026-05-24,2027-02-24,365,false,1993-11-03 01:14:59.000,2026-06-24 16:17:32.000
19435,4435,15.00,40.00,2.00,15.00,40.00,30.00,LOW,,,,,2026-04-24,2027-03-24,365,false,2022-11-10 11:09:41.000,2026-06-24 16:17:32.000
19436,4436,16.00,41.00,4.00,16.00,41.00,31.00,LOW,,,,,2026-03-24,2027-04-24,365,false,2004-09-27 18:31:37.000,2026-06-24 16:17:32.000
19437,4437,17.00,42.00,5.00,17.00,42.00,32.00,LOW,,,,,2026-02-24,2027-03-24,365,false,2024-07-24 01:25:48.000,2026-06-24 16:17:32.000
19438,4438,18.00,43.00,3.00,18.00,43.00,33.00,LOW,,,,,2026-01-24,2027-04-24,365,false,2013-08-13 04:04:17.000,2026-06-24 16:17:32.000
19439,4439,19.00,44.00,5.00,19.00,44.00,34.00,LOW,,,,,2026-05-24,2027-02-24,365,false,2023-11-04 20:11:10.000,2026-06-24 16:17:32.000
19440,4440,20.00,5.00,5.00,20.00,5.00,5.00,LOW,,,,,2026-04-24,2027-02-24,365,false,2020-07-26 15:27:45.000,2026-06-24 16:17:32.000
19441,4441,21.00,6.00,5.00,21.00,6.00,6.00,LOW,,,,,2026-01-24,2027-01-24,365,false,1995-02-10 13:19:36.000,2026-06-24 16:17:32.000
19443,4443,23.00,8.00,3.00,23.00,8.00,8.00,LOW,,,,,2026-06-24,2026-12-24,365,false,2017-12-08 01:28:34.000,2026-06-24 16:17:32.000
19446,4446,26.00,11.00,2.00,26.00,11.00,11.00,LOW,,,,,2026-04-24,2027-03-24,365,false,2020-01-30 12:11:23.000,2026-06-24 16:17:32.000
19448,4448,28.00,13.00,2.00,28.00,13.00,13.00,LOW,,,,,2026-02-24,2027-02-24,365,false,2018-07-02 02:51:41.000,2026-06-24 16:17:32.000
19449,4449,29.00,14.00,3.00,29.00,14.00,14.00,LOW,,,,,2026-02-24,2026-12-24,365,false,2019-10-18 23:35:38.000,2026-06-24 16:17:32.000
19450,4450,30.00,15.00,2.00,30.00,15.00,15.00,LOW,,,,,2026-02-24,2027-03-24,365,false,2023-05-21 18:32:20.000,2026-06-24 16:17:32.000
19451,4451,31.00,16.00,4.00,31.00,16.00,16.00,LOW,,,,,2026-04-24,2026-12-24,365,false,2020-12-09 23:17:10.000,2026-06-24 16:17:32.000
19452,4452,32.00,17.00,4.00,32.00,17.00,17.00,LOW,,,,,2026-03-24,2026-12-24,365,false,2023-02-22 16:52:55.000,2026-06-24 16:17:32.000
19453,4453,33.00,18.00,2.00,33.00,18.00,18.00,LOW,,,,,2026-04-24,2026-12-24,365,false,2005-11-10 21:23:54.000,2026-06-24 16:17:32.000
19455,4455,35.00,20.00,2.00,35.00,20.00,20.00,LOW,,,,,2026-06-24,2027-05-24,365,false,2019-11-11 07:50:01.000,2026-06-24 16:17:32.000
19456,4456,36.00,21.00,3.00,36.00,21.00,21.00,LOW,,,,,2026-06-24,2026-12-24,365,false,2015-03-20 21:32:31.000,2026-06-24 16:17:32.000
19458,4458,38.00,23.00,5.00,38.00,23.00,23.00,LOW,,,,,2026-06-24,2027-05-24,365,false,2022-08-19 07:47:52.000,2026-06-24 16:17:32.000
19461,4461,6.00,26.00,3.00,6.00,26.00,26.00,LOW,,,,,2026-06-24,2027-04-24,365,false,2011-12-21 00:48:29.000,2026-06-24 16:17:32.000
19463,4463,8.00,28.00,2.00,8.00,28.00,28.00,LOW,,,,,2026-05-24,2027-02-24,365,false,2020-11-21 13:05:29.000,2026-06-24 16:17:32.000
19464,4464,9.00,29.00,3.00,9.00,29.00,29.00,LOW,,,,,2026-01-24,2027-02-24,365,false,2021-10-02 15:53:20.000,2026-06-24 16:17:32.000
19465,4465,10.00,30.00,4.00,10.00,30.00,30.00,LOW,,,,,2026-02-24,2027-01-24,365,false,2017-08-16 20:07:46.000,2026-06-24 16:17:32.000
19466,4466,11.00,31.00,3.00,11.00,31.00,31.00,LOW,,,,,2026-05-24,2026-12-24,365,false,2023-02-24 06:08:52.000,2026-06-24 16:17:32.000
19467,4467,12.00,32.00,3.00,12.00,32.00,32.00,LOW,,,,,2026-03-24,2027-03-24,365,false,2026-02-13 11:59:02.000,2026-06-24 16:17:32.000
19469,4469,14.00,34.00,5.00,14.00,34.00,34.00,LOW,,,,,2026-02-24,2027-02-24,365,false,2019-04-21 19:04:31.000,2026-06-24 16:17:32.000
19471,4471,16.00,36.00,2.00,16.00,36.00,6.00,LOW,,,,,2026-06-24,2026-12-24,365,false,2021-10-02 19:29:35.000,2026-06-24 16:17:32.000
19474,4474,19.00,39.00,3.00,19.00,39.00,9.00,LOW,,,,,2026-01-24,2027-04-24,365,false,2023-01-31 23:37:50.000,2026-06-24 16:17:32.000
19475,4475,20.00,40.00,4.00,20.00,40.00,10.00,LOW,,,,,2026-05-24,2027-01-24,365,false,2025-12-10 12:10:06.000,2026-06-24 16:17:32.000
19477,4477,22.00,42.00,5.00,22.00,42.00,12.00,LOW,,,,,2026-01-24,2027-05-24,365,false,2013-12-08 10:38:10.000,2026-06-24 16:17:32.000
19479,4479,24.00,44.00,4.00,24.00,44.00,14.00,LOW,,,,,2026-05-24,2027-02-24,365,false,2025-01-07 12:17:00.000,2026-06-24 16:17:32.000
19483,4483,28.00,8.00,3.00,28.00,8.00,18.00,LOW,,,,,2026-05-24,2027-02-24,365,false,2015-05-10 17:08:05.000,2026-06-24 16:17:32.000
19484,4484,29.00,9.00,3.00,29.00,9.00,19.00,LOW,,,,,2026-02-24,2027-04-24,365,false,1997-01-06 23:59:37.000,2026-06-24 16:17:32.000
19486,4486,31.00,11.00,5.00,31.00,11.00,21.00,LOW,,,,,2026-05-24,2027-05-24,365,false,2013-07-11 05:29:26.000,2026-06-24 16:17:32.000
19487,4487,32.00,12.00,2.00,32.00,12.00,22.00,LOW,,,,,2026-01-24,2027-02-24,365,false,2014-07-24 13:19:50.000,2026-06-24 16:17:32.000
19489,4489,34.00,14.00,4.00,34.00,14.00,24.00,LOW,,,,,2026-03-24,2027-03-24,365,false,2024-12-11 17:55:46.000,2026-06-24 16:17:32.000
19492,4492,37.00,17.00,3.00,37.00,17.00,27.00,LOW,,,,,2026-02-24,2026-12-24,365,false,2004-05-12 18:11:33.000,2026-06-24 16:17:32.000
19493,4493,38.00,18.00,2.00,38.00,18.00,28.00,LOW,,,,,2026-05-24,2027-04-24,365,false,2018-11-29 05:13:37.000,2026-06-24 16:17:32.000
19494,4494,39.00,19.00,4.00,39.00,19.00,29.00,LOW,,,,,2026-01-24,2026-12-24,365,false,2025-05-06 19:04:35.000,2026-06-24 16:17:32.000
19495,4495,5.00,20.00,2.00,5.00,20.00,30.00,LOW,,,,,2026-02-24,2027-04-24,365,false,2026-06-29 18:18:49.000,2026-06-24 16:17:32.000
19496,4496,6.00,21.00,5.00,6.00,21.00,31.00,LOW,,,,,2026-02-24,2026-12-24,365,false,2025-04-24 14:10:02.000,2026-06-24 16:17:32.000
19497,4497,7.00,22.00,3.00,7.00,22.00,32.00,LOW,,,,,2026-04-24,2026-12-24,365,false,2014-09-28 22:20:20.000,2026-06-24 16:17:32.000
19498,4498,8.00,23.00,4.00,8.00,23.00,33.00,LOW,,,,,2026-01-24,2027-01-24,365,false,2021-08-05 03:16:00.000,2026-06-24 16:17:32.000
19500,4500,10.00,25.00,5.00,10.00,25.00,5.00,LOW,,,,,2026-03-24,2026-12-24,365,false,2012-01-28 18:31:40.000,2026-06-24 16:17:32.000
19502,4502,12.00,27.00,2.00,12.00,27.00,7.00,LOW,,,,,2026-06-24,2027-05-24,365,false,2025-03-20 17:25:22.000,2026-06-24 16:17:32.000
19503,4503,13.00,28.00,5.00,13.00,28.00,8.00,LOW,,,,,2026-03-24,2027-01-24,365,false,2000-08-22 01:46:59.000,2026-06-24 16:17:32.000
19507,4507,17.00,32.00,5.00,17.00,32.00,12.00,LOW,,,,,2026-05-24,2027-04-24,365,false,2022-02-03 05:48:29.000,2026-06-24 16:17:32.000
19508,4508,18.00,33.00,2.00,18.00,33.00,13.00,LOW,,,,,2026-04-24,2027-02-24,365,false,2014-04-05 19:41:10.000,2026-06-24 16:17:32.000
19509,4509,19.00,34.00,3.00,19.00,34.00,14.00,LOW,,,,,2026-02-24,2027-03-24,365,false,2014-08-26 21:04:45.000,2026-06-24 16:17:32.000
19510,4510,20.00,35.00,5.00,20.00,35.00,15.00,LOW,,,,,2026-04-24,2027-04-24,365,false,2005-12-07 04:36:47.000,2026-06-24 16:17:32.000
19511,4511,21.00,36.00,3.00,21.00,36.00,16.00,LOW,,,,,2026-05-24,2027-02-24,365,false,2023-12-15 14:18:15.000,2026-06-24 16:17:32.000
19512,4512,22.00,37.00,5.00,22.00,37.00,17.00,LOW,,,,,2026-01-24,2027-01-24,365,false,2022-08-29 01:12:50.000,2026-06-24 16:17:32.000
19513,4513,23.00,38.00,3.00,23.00,38.00,18.00,LOW,,,,,2026-03-24,2027-01-24,365,false,2026-03-23 15:00:51.000,2026-06-24 16:17:32.000
19514,4514,24.00,39.00,4.00,24.00,39.00,19.00,LOW,,,,,2026-06-24,2027-05-24,365,false,2012-10-28 12:46:14.000,2026-06-24 16:17:32.000
19518,4518,28.00,43.00,3.00,28.00,43.00,23.00,LOW,,,,,2026-06-24,2027-04-24,365,false,2022-04-10 18:48:30.000,2026-06-24 16:17:32.000
19520,4520,30.00,5.00,2.00,30.00,5.00,25.00,LOW,,,,,2026-04-24,2026-12-24,365,false,2022-11-03 16:33:17.000,2026-06-24 16:17:32.000
19521,4521,31.00,6.00,5.00,31.00,6.00,26.00,LOW,,,,,2026-01-24,2027-03-24,365,false,2025-10-22 12:12:14.000,2026-06-24 16:17:32.000
19523,4523,33.00,8.00,5.00,33.00,8.00,28.00,LOW,,,,,2026-01-24,2027-03-24,365,false,2013-04-03 04:52:03.000,2026-06-24 16:17:32.000
19525,4525,35.00,10.00,2.00,35.00,10.00,30.00,LOW,,,,,2026-05-24,2027-02-24,365,false,2022-10-24 08:15:09.000,2026-06-24 16:17:32.000
19526,4526,36.00,11.00,3.00,36.00,11.00,31.00,LOW,,,,,2026-02-24,2026-12-24,365,false,2020-01-23 05:48:53.000,2026-06-24 16:17:32.000
19528,4528,38.00,13.00,2.00,38.00,13.00,33.00,LOW,,,,,2026-06-24,2026-12-24,365,false,2014-09-22 18:34:53.000,2026-06-24 16:17:32.000
19529,4529,39.00,14.00,5.00,39.00,14.00,34.00,LOW,,,,,2026-06-24,2027-01-24,365,false,2025-06-22 07:33:31.000,2026-06-24 16:17:32.000
19530,4530,5.00,15.00,5.00,5.00,15.00,5.00,LOW,,,,,2026-03-24,2027-04-24,365,false,2022-12-22 14:01:14.000,2026-06-24 16:17:32.000
19532,4532,7.00,17.00,2.00,7.00,17.00,7.00,LOW,,,,,2026-03-24,2027-01-24,365,false,2011-01-30 02:58:12.000,2026-06-24 16:17:32.000
19533,4533,8.00,18.00,4.00,8.00,18.00,8.00,LOW,,,,,2026-04-24,2026-12-24,365,false,2024-05-19 03:23:39.000,2026-06-24 16:17:32.000
19534,4534,9.00,19.00,4.00,9.00,19.00,9.00,LOW,,,,,2026-02-24,2027-03-24,365,false,2022-11-17 06:50:45.000,2026-06-24 16:17:32.000
19535,4535,10.00,20.00,4.00,10.00,20.00,10.00,LOW,,,,,2026-03-24,2026-12-24,365,false,2019-03-11 17:21:02.000,2026-06-24 16:17:32.000
19538,4538,13.00,23.00,5.00,13.00,23.00,13.00,LOW,,,,,2026-01-24,2027-02-24,365,false,2026-04-24 21:40:09.000,2026-06-24 16:17:32.000
19539,4539,14.00,24.00,5.00,14.00,24.00,14.00,LOW,,,,,2026-06-24,2027-02-24,365,false,2007-02-10 08:17:37.000,2026-06-24 16:17:32.000
19540,4540,15.00,25.00,5.00,15.00,25.00,15.00,LOW,,,,,2026-05-24,2027-05-24,365,false,2019-03-29 01:51:44.000,2026-06-24 16:17:32.000
19543,4543,18.00,28.00,4.00,18.00,28.00,18.00,LOW,,,,,2026-01-24,2027-04-24,365,false,2012-06-03 15:13:55.000,2026-06-24 16:17:32.000
19545,4545,20.00,30.00,5.00,20.00,30.00,20.00,LOW,,,,,2026-01-24,2027-04-24,365,false,2016-03-29 17:24:48.000,2026-06-24 16:17:32.000
19546,4546,21.00,31.00,4.00,21.00,31.00,21.00,LOW,,,,,2026-04-24,2027-01-24,365,false,2025-06-17 13:33:45.000,2026-06-24 16:17:32.000
19547,4547,22.00,32.00,3.00,22.00,32.00,22.00,LOW,,,,,2026-06-24,2027-02-24,365,false,2006-01-28 22:46:53.000,2026-06-24 16:17:32.000
19548,4548,23.00,33.00,5.00,23.00,33.00,23.00,LOW,,,,,2026-03-24,2027-02-24,365,false,2007-02-21 09:34:27.000,2026-06-24 16:17:32.000
19549,4549,24.00,34.00,5.00,24.00,34.00,24.00,LOW,,,,,2026-02-24,2027-01-24,365,false,2016-01-08 08:47:15.000,2026-06-24 16:17:32.000
19550,4550,25.00,35.00,4.00,25.00,35.00,25.00,LOW,,,,,2026-01-24,2027-01-24,365,false,2016-10-08 11:44:56.000,2026-06-24 16:17:32.000
19551,4551,26.00,36.00,3.00,26.00,36.00,26.00,LOW,,,,,2026-01-24,2027-01-24,365,false,2017-07-15 10:46:19.000,2026-06-24 16:17:32.000
19553,4553,28.00,38.00,3.00,28.00,38.00,28.00,LOW,,,,,2026-04-24,2026-12-24,365,false,2025-03-28 16:01:26.000,2026-06-24 16:17:32.000
19555,4555,30.00,40.00,3.00,30.00,40.00,30.00,LOW,,,,,2026-02-24,2027-05-24,365,false,2018-07-22 10:38:07.000,2026-06-24 16:17:32.000
19556,4556,31.00,41.00,3.00,31.00,41.00,31.00,LOW,,,,,2026-03-24,2027-04-24,365,false,2024-12-25 16:38:30.000,2026-06-24 16:17:32.000
19557,4557,32.00,42.00,4.00,32.00,42.00,32.00,LOW,,,,,2026-01-24,2027-01-24,365,false,2017-12-06 03:20:35.000,2026-06-24 16:17:32.000
19558,4558,33.00,43.00,2.00,33.00,43.00,33.00,LOW,,,,,2026-03-24,2027-02-24,365,false,2009-01-14 00:12:54.000,2026-06-24 16:17:32.000
19559,4559,34.00,44.00,5.00,34.00,44.00,34.00,LOW,,,,,2026-04-24,2027-03-24,365,false,2020-07-19 09:25:47.000,2026-06-24 16:17:32.000
19560,4560,35.00,5.00,3.00,35.00,5.00,5.00,LOW,,,,,2026-06-24,2027-05-24,365,false,2022-03-19 14:14:16.000,2026-06-24 16:17:32.000
19561,4561,36.00,6.00,2.00,36.00,6.00,6.00,LOW,,,,,2026-06-24,2027-04-24,365,false,2002-07-20 05:39:27.000,2026-06-24 16:17:32.000
19563,4563,38.00,8.00,5.00,38.00,8.00,8.00,LOW,,,,,2026-04-24,2026-12-24,365,false,2015-03-14 14:33:33.000,2026-06-24 16:17:32.000
19564,4564,39.00,9.00,5.00,39.00,9.00,9.00,LOW,,,,,2026-02-24,2027-02-24,365,false,2001-09-18 19:14:50.000,2026-06-24 16:17:32.000
19566,4566,6.00,11.00,5.00,6.00,11.00,11.00,LOW,,,,,2026-05-24,2027-02-24,365,false,2007-09-15 22:43:30.000,2026-06-24 16:17:32.000
19567,4567,7.00,12.00,3.00,7.00,12.00,12.00,LOW,,,,,2026-06-24,2027-03-24,365,false,2025-09-23 21:41:07.000,2026-06-24 16:17:32.000
19568,4568,8.00,13.00,4.00,8.00,13.00,13.00,LOW,,,,,2026-03-24,2027-03-24,365,false,2014-11-09 14:36:34.000,2026-06-24 16:17:32.000
19573,4573,13.00,18.00,4.00,13.00,18.00,18.00,LOW,,,,,2026-03-24,2027-01-24,365,false,2021-06-21 07:25:50.000,2026-06-24 16:17:32.000
19574,4574,14.00,19.00,5.00,14.00,19.00,19.00,LOW,,,,,2026-02-24,2027-05-24,365,false,2019-12-18 18:09:01.000,2026-06-24 16:17:32.000
19575,4575,15.00,20.00,5.00,15.00,20.00,20.00,LOW,,,,,2026-05-24,2027-02-24,365,false,2023-03-22 16:49:13.000,2026-06-24 16:17:32.000
19576,4576,16.00,21.00,2.00,16.00,21.00,21.00,LOW,,,,,2026-06-24,2027-05-24,365,false,2010-09-15 20:46:50.000,2026-06-24 16:17:32.000
19577,4577,17.00,22.00,3.00,17.00,22.00,22.00,LOW,,,,,2026-03-24,2027-05-24,365,false,2013-09-11 23:49:11.000,2026-06-24 16:17:32.000
19579,4579,19.00,24.00,4.00,19.00,24.00,24.00,LOW,,,,,2026-02-24,2027-05-24,365,false,2016-05-31 10:46:16.000,2026-06-24 16:17:32.000
19580,4580,20.00,25.00,2.00,20.00,25.00,25.00,LOW,,,,,2026-04-24,2027-02-24,365,false,2026-06-02 16:24:15.000,2026-06-24 16:17:32.000
19581,4581,21.00,26.00,2.00,21.00,26.00,26.00,LOW,,,,,2026-06-24,2026-12-24,365,false,2021-12-18 12:56:14.000,2026-06-24 16:17:32.000
19585,4585,25.00,30.00,3.00,25.00,30.00,30.00,LOW,,,,,2026-02-24,2027-04-24,365,false,2021-04-12 21:56:03.000,2026-06-24 16:17:32.000
19586,4586,26.00,31.00,2.00,26.00,31.00,31.00,LOW,,,,,2026-06-24,2026-12-24,365,false,2022-08-12 15:58:03.000,2026-06-24 16:17:32.000
19587,4587,27.00,32.00,4.00,27.00,32.00,32.00,LOW,,,,,2026-03-24,2027-01-24,365,false,2023-07-15 01:31:21.000,2026-06-24 16:17:32.000
19588,4588,28.00,33.00,4.00,28.00,33.00,33.00,LOW,,,,,2026-01-24,2027-03-24,365,false,1994-08-07 20:02:22.000,2026-06-24 16:17:32.000
19589,4589,29.00,34.00,4.00,29.00,34.00,34.00,LOW,,,,,2026-01-24,2027-02-24,365,false,2023-11-10 06:54:24.000,2026-06-24 16:17:32.000
19590,4590,30.00,35.00,3.00,30.00,35.00,5.00,LOW,,,,,2026-04-24,2027-05-24,365,false,2011-06-24 01:01:38.000,2026-06-24 16:17:32.000
19591,4591,31.00,36.00,4.00,31.00,36.00,6.00,LOW,,,,,2026-01-24,2026-12-24,365,false,2020-10-09 08:28:50.000,2026-06-24 16:17:32.000
19593,4593,33.00,38.00,5.00,33.00,38.00,8.00,LOW,,,,,2026-03-24,2027-04-24,365,false,2024-10-04 07:32:38.000,2026-06-24 16:17:32.000
19594,4594,34.00,39.00,5.00,34.00,39.00,9.00,LOW,,,,,2026-03-24,2027-03-24,365,false,2008-07-19 11:26:29.000,2026-06-24 16:17:32.000
19596,4596,36.00,41.00,5.00,36.00,41.00,11.00,LOW,,,,,2026-01-24,2027-04-24,365,false,2025-06-05 01:52:32.000,2026-06-24 16:17:32.000
19597,4597,37.00,42.00,3.00,37.00,42.00,12.00,LOW,,,,,2026-05-24,2027-04-24,365,false,2000-07-28 10:12:40.000,2026-06-24 16:17:32.000
19598,4598,38.00,43.00,5.00,38.00,43.00,13.00,LOW,,,,,2026-03-24,2027-03-24,365,false,2020-10-27 21:55:36.000,2026-06-24 16:17:32.000
19599,4599,39.00,44.00,4.00,39.00,44.00,14.00,LOW,,,,,2026-05-24,2027-03-24,365,false,2008-01-07 10:16:11.000,2026-06-24 16:17:32.000
19602,4602,7.00,7.00,3.00,7.00,7.00,17.00,LOW,,,,,2026-04-24,2027-04-24,365,false,2019-01-20 11:36:36.000,2026-06-24 16:17:32.000
19603,4603,8.00,8.00,5.00,8.00,8.00,18.00,LOW,,,,,2026-06-24,2027-02-24,365,false,2019-08-23 19:03:46.000,2026-06-24 16:17:32.000
19605,4605,10.00,10.00,3.00,10.00,10.00,20.00,LOW,,,,,2026-02-24,2027-04-24,365,false,2023-03-30 22:48:47.000,2026-06-24 16:17:32.000
19606,4606,11.00,11.00,4.00,11.00,11.00,21.00,LOW,,,,,2026-06-24,2027-04-24,365,false,2025-02-11 01:24:28.000,2026-06-24 16:17:32.000
19607,4607,12.00,12.00,4.00,12.00,12.00,22.00,LOW,,,,,2026-06-24,2027-04-24,365,false,2019-08-17 15:43:20.000,2026-06-24 16:17:32.000
19608,4608,13.00,13.00,4.00,13.00,13.00,23.00,LOW,,,,,2026-05-24,2027-04-24,365,false,2021-03-03 14:57:41.000,2026-06-24 16:17:32.000
19609,4609,14.00,14.00,3.00,14.00,14.00,24.00,LOW,,,,,2026-03-24,2027-03-24,365,false,2006-12-17 07:16:12.000,2026-06-24 16:17:32.000
19611,4611,16.00,16.00,4.00,16.00,16.00,26.00,LOW,,,,,2026-01-24,2027-03-24,365,false,2010-07-22 07:21:23.000,2026-06-24 16:17:32.000
19612,4612,17.00,17.00,5.00,17.00,17.00,27.00,LOW,,,,,2026-04-24,2027-05-24,365,false,2022-01-25 10:13:21.000,2026-06-24 16:17:32.000
19613,4613,18.00,18.00,4.00,18.00,18.00,28.00,LOW,,,,,2026-05-24,2027-05-24,365,false,2019-12-21 08:20:49.000,2026-06-24 16:17:32.000
19614,4614,19.00,19.00,3.00,19.00,19.00,29.00,LOW,,,,,2026-04-24,2027-02-24,365,false,2002-07-25 18:11:54.000,2026-06-24 16:17:32.000
19616,4616,21.00,21.00,3.00,21.00,21.00,31.00,LOW,,,,,2026-06-24,2026-12-24,365,false,2023-11-18 13:32:38.000,2026-06-24 16:17:32.000
19617,4617,22.00,22.00,4.00,22.00,22.00,32.00,LOW,,,,,2026-05-24,2027-04-24,365,false,2015-08-23 22:22:16.000,2026-06-24 16:17:32.000
19618,4618,23.00,23.00,4.00,23.00,23.00,33.00,LOW,,,,,2026-03-24,2027-03-24,365,false,2020-01-22 20:25:05.000,2026-06-24 16:17:32.000
19619,4619,24.00,24.00,3.00,24.00,24.00,34.00,LOW,,,,,2026-05-24,2027-03-24,365,false,2016-08-21 19:19:02.000,2026-06-24 16:17:32.000
19620,4620,25.00,25.00,4.00,25.00,25.00,5.00,LOW,,,,,2026-04-24,2027-02-24,365,false,2017-10-09 05:45:21.000,2026-06-24 16:17:32.000
19621,4621,26.00,26.00,3.00,26.00,26.00,6.00,LOW,,,,,2026-01-24,2027-05-24,365,false,2024-12-30 04:25:43.000,2026-06-24 16:17:32.000
19626,4626,31.00,31.00,2.00,31.00,31.00,11.00,LOW,,,,,2026-05-24,2026-12-24,365,false,2020-11-13 22:09:10.000,2026-06-24 16:17:32.000
19628,4628,33.00,33.00,2.00,33.00,33.00,13.00,LOW,,,,,2026-02-24,2026-12-24,365,false,2018-12-18 16:22:23.000,2026-06-24 16:17:32.000
19629,4629,34.00,34.00,5.00,34.00,34.00,14.00,LOW,,,,,2026-04-24,2027-01-24,365,false,2010-05-25 00:51:51.000,2026-06-24 16:17:32.000
19630,4630,35.00,35.00,5.00,35.00,35.00,15.00,LOW,,,,,2026-06-24,2026-12-24,365,false,2009-01-25 08:57:04.000,2026-06-24 16:17:32.000
19631,4631,36.00,36.00,3.00,36.00,36.00,16.00,LOW,,,,,2026-06-24,2027-01-24,365,false,2009-10-01 21:21:57.000,2026-06-24 16:17:32.000
19632,4632,37.00,37.00,4.00,37.00,37.00,17.00,LOW,,,,,2026-06-24,2026-12-24,365,false,2014-08-12 23:57:24.000,2026-06-24 16:17:32.000
19633,4633,38.00,38.00,4.00,38.00,38.00,18.00,LOW,,,,,2026-03-24,2027-04-24,365,false,2022-01-15 09:49:28.000,2026-06-24 16:17:32.000
19635,4635,5.00,40.00,3.00,5.00,40.00,20.00,LOW,,,,,2026-06-24,2026-12-24,365,false,2019-06-28 20:36:35.000,2026-06-24 16:17:32.000
19636,4636,6.00,41.00,5.00,6.00,41.00,21.00,LOW,,,,,2026-04-24,2027-05-24,365,false,2017-08-23 10:38:06.000,2026-06-24 16:17:32.000
19638,4638,8.00,43.00,2.00,8.00,43.00,23.00,LOW,,,,,2026-01-24,2027-05-24,365,false,2016-02-16 15:38:02.000,2026-06-24 16:17:32.000
19639,4639,9.00,44.00,4.00,9.00,44.00,24.00,LOW,,,,,2026-01-24,2027-04-24,365,false,2008-06-12 22:31:46.000,2026-06-24 16:17:32.000
19640,4640,10.00,5.00,2.00,10.00,5.00,25.00,LOW,,,,,2026-05-24,2027-04-24,365,false,2005-03-18 21:01:29.000,2026-06-24 16:17:32.000
19641,4641,11.00,6.00,4.00,11.00,6.00,26.00,LOW,,,,,2026-05-24,2027-03-24,365,false,2025-02-12 16:42:32.000,2026-06-24 16:17:32.000
19643,4643,13.00,8.00,3.00,13.00,8.00,28.00,LOW,,,,,2026-04-24,2026-12-24,365,false,2016-07-19 09:10:22.000,2026-06-24 16:17:32.000
19645,4645,15.00,10.00,4.00,15.00,10.00,30.00,LOW,,,,,2026-01-24,2027-01-24,365,false,2024-12-17 12:59:07.000,2026-06-24 16:17:32.000
19646,4646,16.00,11.00,4.00,16.00,11.00,31.00,LOW,,,,,2026-05-24,2026-12-24,365,false,2021-04-15 18:56:48.000,2026-06-24 16:17:32.000
19647,4647,17.00,12.00,5.00,17.00,12.00,32.00,LOW,,,,,2026-06-24,2027-02-24,365,false,2013-08-06 11:13:21.000,2026-06-24 16:17:32.000
19648,4648,18.00,13.00,5.00,18.00,13.00,33.00,LOW,,,,,2026-06-24,2027-05-24,365,false,2011-08-24 09:18:24.000,2026-06-24 16:17:32.000
19650,4650,20.00,15.00,2.00,20.00,15.00,5.00,LOW,,,,,2026-01-24,2026-12-24,365,false,2026-05-07 21:40:09.000,2026-06-24 16:17:32.000
19652,4652,22.00,17.00,3.00,22.00,17.00,7.00,LOW,,,,,2026-02-24,2027-02-24,365,false,2009-05-24 05:48:22.000,2026-06-24 16:17:32.000
19654,4654,24.00,19.00,3.00,24.00,19.00,9.00,LOW,,,,,2026-02-24,2027-03-24,365,false,2022-02-20 01:18:53.000,2026-06-24 16:17:32.000
19655,4655,25.00,20.00,3.00,25.00,20.00,10.00,LOW,,,,,2026-01-24,2026-12-24,365,false,2015-11-22 22:05:17.000,2026-06-24 16:17:32.000
19656,4656,26.00,21.00,3.00,26.00,21.00,11.00,LOW,,,,,2026-04-24,2027-05-24,365,false,2018-10-18 17:07:16.000,2026-06-24 16:17:32.000
19658,4658,28.00,23.00,5.00,28.00,23.00,13.00,LOW,,,,,2026-05-24,2027-05-24,365,false,2016-08-04 14:13:55.000,2026-06-24 16:17:32.000
19661,4661,31.00,26.00,5.00,31.00,26.00,16.00,LOW,,,,,2026-04-24,2026-12-24,365,false,2009-05-24 13:07:38.000,2026-06-24 16:17:32.000
19662,4662,32.00,27.00,5.00,32.00,27.00,17.00,LOW,,,,,2026-04-24,2026-12-24,365,false,2020-02-25 03:45:30.000,2026-06-24 16:17:32.000
19664,4664,34.00,29.00,5.00,34.00,29.00,19.00,LOW,,,,,2026-06-24,2027-03-24,365,false,2022-05-18 12:15:38.000,2026-06-24 16:17:32.000
19665,4665,35.00,30.00,5.00,35.00,30.00,20.00,LOW,,,,,2026-06-24,2027-02-24,365,false,2006-10-06 12:35:17.000,2026-06-24 16:17:32.000
19666,4666,36.00,31.00,2.00,36.00,31.00,21.00,LOW,,,,,2026-06-24,2027-01-24,365,false,2026-06-01 19:01:11.000,2026-06-24 16:17:32.000
19667,4667,37.00,32.00,4.00,37.00,32.00,22.00,LOW,,,,,2026-04-24,2027-05-24,365,false,2011-12-18 15:45:18.000,2026-06-24 16:17:32.000
19669,4669,39.00,34.00,2.00,39.00,34.00,24.00,LOW,,,,,2026-03-24,2027-03-24,365,false,2011-11-19 12:06:49.000,2026-06-24 16:17:32.000
19670,4670,5.00,35.00,2.00,5.00,35.00,25.00,LOW,,,,,2026-01-24,2027-01-24,365,false,2003-12-02 14:27:12.000,2026-06-24 16:17:32.000
19671,4671,6.00,36.00,5.00,6.00,36.00,26.00,LOW,,,,,2026-05-24,2026-12-24,365,false,2014-01-07 12:54:53.000,2026-06-24 16:17:32.000
19672,4672,7.00,37.00,3.00,7.00,37.00,27.00,LOW,,,,,2026-05-24,2027-01-24,365,false,2023-03-16 06:16:47.000,2026-06-24 16:17:32.000
19674,4674,9.00,39.00,2.00,9.00,39.00,29.00,LOW,,,,,2026-04-24,2027-02-24,365,false,2022-11-06 20:05:44.000,2026-06-24 16:17:32.000
19675,4675,10.00,40.00,5.00,10.00,40.00,30.00,LOW,,,,,2026-04-24,2027-02-24,365,false,2022-05-05 11:22:13.000,2026-06-24 16:17:32.000
19677,4677,12.00,42.00,5.00,12.00,42.00,32.00,LOW,,,,,2026-06-24,2027-01-24,365,false,2017-06-12 07:42:36.000,2026-06-24 16:17:32.000
19679,4679,14.00,44.00,4.00,14.00,44.00,34.00,LOW,,,,,2026-04-24,2026-12-24,365,false,2023-02-04 17:03:29.000,2026-06-24 16:17:32.000
19680,4680,15.00,5.00,3.00,15.00,5.00,5.00,LOW,,,,,2026-06-24,2027-04-24,365,false,2024-05-25 19:37:36.000,2026-06-24 16:17:32.000
19681,4681,16.00,6.00,3.00,16.00,6.00,6.00,LOW,,,,,2026-05-24,2027-05-24,365,false,1996-06-18 17:37:21.000,2026-06-24 16:17:32.000
19683,4683,18.00,8.00,5.00,18.00,8.00,8.00,LOW,,,,,2026-01-24,2027-03-24,365,false,2012-08-28 23:51:14.000,2026-06-24 16:17:32.000
19685,4685,20.00,10.00,4.00,20.00,10.00,10.00,LOW,,,,,2026-03-24,2027-02-24,365,false,2023-10-09 22:29:17.000,2026-06-24 16:17:32.000
19686,4686,21.00,11.00,3.00,21.00,11.00,11.00,LOW,,,,,2026-06-24,2027-01-24,365,false,2025-08-19 08:44:43.000,2026-06-24 16:17:32.000
19688,4688,23.00,13.00,4.00,23.00,13.00,13.00,LOW,,,,,2026-01-24,2027-02-24,365,false,2015-03-31 10:30:04.000,2026-06-24 16:17:32.000
19689,4689,24.00,14.00,5.00,24.00,14.00,14.00,LOW,,,,,2026-03-24,2027-03-24,365,false,2016-01-14 23:38:29.000,2026-06-24 16:17:32.000
19690,4690,25.00,15.00,5.00,25.00,15.00,15.00,LOW,,,,,2026-05-24,2027-02-24,365,false,2023-09-22 15:15:17.000,2026-06-24 16:17:32.000
19691,4691,26.00,16.00,3.00,26.00,16.00,16.00,LOW,,,,,2026-05-24,2027-01-24,365,false,2018-03-24 03:42:24.000,2026-06-24 16:17:32.000
19695,4695,30.00,20.00,3.00,30.00,20.00,20.00,LOW,,,,,2026-06-24,2026-12-24,365,false,2014-12-16 03:04:59.000,2026-06-24 16:17:32.000
19698,4698,33.00,23.00,3.00,33.00,23.00,23.00,LOW,,,,,2026-01-24,2027-01-24,365,false,2016-02-08 19:30:21.000,2026-06-24 16:17:32.000
19699,4699,34.00,24.00,3.00,34.00,24.00,24.00,LOW,,,,,2026-02-24,2027-05-24,365,false,2024-06-06 01:24:10.000,2026-06-24 16:17:32.000
19701,4701,36.00,26.00,2.00,36.00,26.00,26.00,LOW,,,,,2026-03-24,2027-01-24,365,false,2018-09-25 03:28:41.000,2026-06-24 16:17:32.000
19703,4703,38.00,28.00,2.00,38.00,28.00,28.00,LOW,,,,,2026-06-24,2027-02-24,365,false,2020-11-09 01:14:31.000,2026-06-24 16:17:32.000
19704,4704,39.00,29.00,2.00,39.00,29.00,29.00,LOW,,,,,2026-02-24,2027-04-24,365,false,2013-07-12 03:47:11.000,2026-06-24 16:17:32.000
19705,4705,5.00,30.00,3.00,5.00,30.00,30.00,LOW,,,,,2026-02-24,2027-02-24,365,false,2024-05-03 08:43:01.000,2026-06-24 16:17:32.000
19706,4706,6.00,31.00,5.00,6.00,31.00,31.00,LOW,,,,,2026-04-24,2026-12-24,365,false,2019-02-14 06:55:16.000,2026-06-24 16:17:32.000
19707,4707,7.00,32.00,5.00,7.00,32.00,32.00,LOW,,,,,2026-03-24,2027-02-24,365,false,2022-10-05 17:16:17.000,2026-06-24 16:17:32.000
19708,4708,8.00,33.00,4.00,8.00,33.00,33.00,LOW,,,,,2026-03-24,2027-05-24,365,false,2024-07-16 10:26:16.000,2026-06-24 16:17:32.000
19710,4710,10.00,35.00,5.00,10.00,35.00,5.00,LOW,,,,,2026-02-24,2026-12-24,365,false,2017-11-13 10:58:46.000,2026-06-24 16:17:32.000
19711,4711,11.00,36.00,2.00,11.00,36.00,6.00,LOW,,,,,2026-06-24,2027-04-24,365,false,2013-07-29 05:33:11.000,2026-06-24 16:17:32.000
19714,4714,14.00,39.00,2.00,14.00,39.00,9.00,LOW,,,,,2026-02-24,2027-04-24,365,false,2006-09-11 00:54:32.000,2026-06-24 16:17:32.000
19715,4715,15.00,40.00,5.00,15.00,40.00,10.00,LOW,,,,,2026-05-24,2026-12-24,365,false,2009-06-04 00:38:57.000,2026-06-24 16:17:32.000
19717,4717,17.00,42.00,2.00,17.00,42.00,12.00,LOW,,,,,2026-02-24,2027-02-24,365,false,2013-10-28 22:38:40.000,2026-06-24 16:17:32.000
19719,4719,19.00,44.00,5.00,19.00,44.00,14.00,LOW,,,,,2026-01-24,2026-12-24,365,false,2015-01-01 17:35:18.000,2026-06-24 16:17:32.000
19721,4721,21.00,6.00,3.00,21.00,6.00,16.00,LOW,,,,,2026-05-24,2027-03-24,365,false,2013-07-27 18:00:31.000,2026-06-24 16:17:32.000
19722,4722,22.00,7.00,5.00,22.00,7.00,17.00,LOW,,,,,2026-05-24,2027-05-24,365,false,2024-08-18 02:37:10.000,2026-06-24 16:17:32.000
19725,4725,25.00,10.00,2.00,25.00,10.00,20.00,LOW,,,,,2026-02-24,2026-12-24,365,false,2024-12-09 18:14:40.000,2026-06-24 16:17:32.000
19727,4727,27.00,12.00,4.00,27.00,12.00,22.00,LOW,,,,,2026-04-24,2026-12-24,365,false,2023-12-01 20:57:06.000,2026-06-24 16:17:32.000
19729,4729,29.00,14.00,4.00,29.00,14.00,24.00,LOW,,,,,2026-03-24,2027-03-24,365,false,2009-01-23 03:37:08.000,2026-06-24 16:17:32.000
19730,4730,30.00,15.00,4.00,30.00,15.00,25.00,LOW,,,,,2026-06-24,2027-03-24,365,false,2023-11-07 03:34:16.000,2026-06-24 16:17:32.000
19734,4734,34.00,19.00,4.00,34.00,19.00,29.00,LOW,,,,,2026-01-24,2027-05-24,365,false,2018-08-31 14:34:53.000,2026-06-24 16:17:32.000
19735,4735,35.00,20.00,3.00,35.00,20.00,30.00,LOW,,,,,2026-01-24,2027-01-24,365,false,2019-11-16 14:54:00.000,2026-06-24 16:17:32.000
19737,4737,37.00,22.00,3.00,37.00,22.00,32.00,LOW,,,,,2026-06-24,2027-02-24,365,false,2023-06-16 17:03:05.000,2026-06-24 16:17:32.000
19739,4739,39.00,24.00,3.00,39.00,24.00,34.00,LOW,,,,,2026-01-24,2027-01-24,365,false,2004-09-06 12:36:50.000,2026-06-24 16:17:32.000
19741,4741,6.00,26.00,4.00,6.00,26.00,6.00,LOW,,,,,2026-04-24,2027-05-24,365,false,2000-09-15 02:40:45.000,2026-06-24 16:17:32.000
19747,4747,12.00,32.00,2.00,12.00,32.00,12.00,LOW,,,,,2026-06-24,2027-03-24,365,false,2024-02-08 02:27:10.000,2026-06-24 16:17:32.000
19749,4749,14.00,34.00,5.00,14.00,34.00,14.00,LOW,,,,,2026-01-24,2027-05-24,365,false,2026-05-13 10:15:32.000,2026-06-24 16:17:32.000
19750,4750,15.00,35.00,3.00,15.00,35.00,15.00,LOW,,,,,2026-02-24,2027-04-24,365,false,2003-07-14 03:54:08.000,2026-06-24 16:17:32.000
19751,4751,16.00,36.00,4.00,16.00,36.00,16.00,LOW,,,,,2026-05-24,2027-04-24,365,false,2023-08-16 19:33:50.000,2026-06-24 16:17:32.000
19752,4752,17.00,37.00,4.00,17.00,37.00,17.00,LOW,,,,,2026-04-24,2026-12-24,365,false,2023-09-28 17:58:51.000,2026-06-24 16:17:32.000
19753,4753,18.00,38.00,3.00,18.00,38.00,18.00,LOW,,,,,2026-05-24,2027-04-24,365,false,2007-07-24 18:23:41.000,2026-06-24 16:17:32.000
19757,4757,22.00,42.00,5.00,22.00,42.00,22.00,LOW,,,,,2026-02-24,2027-03-24,365,false,2026-06-16 05:05:43.000,2026-06-24 16:17:32.000
19758,4758,23.00,43.00,2.00,23.00,43.00,23.00,LOW,,,,,2026-06-24,2026-12-24,365,false,2017-12-08 02:30:54.000,2026-06-24 16:17:32.000
19759,4759,24.00,44.00,5.00,24.00,44.00,24.00,LOW,,,,,2026-05-24,2027-01-24,365,false,2015-09-03 20:07:06.000,2026-06-24 16:17:32.000
19760,4760,25.00,5.00,3.00,25.00,5.00,25.00,LOW,,,,,2026-04-24,2027-01-24,365,false,2025-09-30 17:51:54.000,2026-06-24 16:17:32.000
19761,4761,26.00,6.00,4.00,26.00,6.00,26.00,LOW,,,,,2026-04-24,2027-01-24,365,false,2018-01-29 08:50:41.000,2026-06-24 16:17:32.000
19763,4763,28.00,8.00,4.00,28.00,8.00,28.00,LOW,,,,,2026-05-24,2027-04-24,365,false,2012-05-13 03:14:33.000,2026-06-24 16:17:32.000
19765,4765,30.00,10.00,4.00,30.00,10.00,30.00,LOW,,,,,2026-01-24,2027-02-24,365,false,2025-07-03 12:51:02.000,2026-06-24 16:17:32.000
19767,4767,32.00,12.00,2.00,32.00,12.00,32.00,LOW,,,,,2026-06-24,2027-01-24,365,false,2021-05-18 11:42:26.000,2026-06-24 16:17:32.000
19768,4768,33.00,13.00,2.00,33.00,13.00,33.00,LOW,,,,,2026-04-24,2027-02-24,365,false,2024-07-04 07:12:58.000,2026-06-24 16:17:32.000
19769,4769,34.00,14.00,4.00,34.00,14.00,34.00,LOW,,,,,2026-04-24,2027-05-24,365,false,1999-03-24 07:31:30.000,2026-06-24 16:17:32.000
19771,4771,36.00,16.00,2.00,36.00,16.00,6.00,LOW,,,,,2026-02-24,2027-01-24,365,false,2018-09-27 03:57:45.000,2026-06-24 16:17:32.000
19772,4772,37.00,17.00,3.00,37.00,17.00,7.00,LOW,,,,,2026-03-24,2027-05-24,365,false,2022-02-06 18:12:50.000,2026-06-24 16:17:32.000
19774,4774,39.00,19.00,2.00,39.00,19.00,9.00,LOW,,,,,2026-06-24,2027-02-24,365,false,2024-02-16 06:36:09.000,2026-06-24 16:17:32.000
19776,4776,6.00,21.00,5.00,6.00,21.00,11.00,LOW,,,,,2026-05-24,2027-01-24,365,false,2023-09-28 09:24:05.000,2026-06-24 16:17:32.000
19777,4777,7.00,22.00,5.00,7.00,22.00,12.00,LOW,,,,,2026-06-24,2027-01-24,365,false,2023-02-22 22:18:34.000,2026-06-24 16:17:32.000
19781,4781,11.00,26.00,5.00,11.00,26.00,16.00,LOW,,,,,2026-04-24,2027-02-24,365,false,2002-05-10 01:01:01.000,2026-06-24 16:17:32.000
19784,4784,14.00,29.00,4.00,14.00,29.00,19.00,LOW,,,,,2026-06-24,2027-01-24,365,false,2013-07-25 14:49:22.000,2026-06-24 16:17:32.000
19786,4786,16.00,31.00,5.00,16.00,31.00,21.00,LOW,,,,,2026-06-24,2027-03-24,365,false,2020-03-07 09:15:03.000,2026-06-24 16:17:32.000
19787,4787,17.00,32.00,3.00,17.00,32.00,22.00,LOW,,,,,2026-03-24,2027-05-24,365,false,2023-05-14 12:59:18.000,2026-06-24 16:17:32.000
19788,4788,18.00,33.00,5.00,18.00,33.00,23.00,LOW,,,,,2026-06-24,2027-04-24,365,false,2004-06-07 03:05:18.000,2026-06-24 16:17:32.000
19790,4790,20.00,35.00,5.00,20.00,35.00,25.00,LOW,,,,,2026-01-24,2026-12-24,365,false,2022-06-03 18:22:54.000,2026-06-24 16:17:32.000
19791,4791,21.00,36.00,3.00,21.00,36.00,26.00,LOW,,,,,2026-06-24,2027-01-24,365,false,2025-06-25 06:58:53.000,2026-06-24 16:17:32.000
19793,4793,23.00,38.00,4.00,23.00,38.00,28.00,LOW,,,,,2026-03-24,2027-01-24,365,false,2001-03-14 04:08:08.000,2026-06-24 16:17:32.000
19796,4796,26.00,41.00,4.00,26.00,41.00,31.00,LOW,,,,,2026-04-24,2027-03-24,365,false,2009-11-08 21:09:31.000,2026-06-24 16:17:32.000
19799,4799,29.00,44.00,2.00,29.00,44.00,34.00,LOW,,,,,2026-01-24,2027-01-24,365,false,2010-12-20 22:53:36.000,2026-06-24 16:17:32.000
19800,4800,30.00,5.00,4.00,30.00,5.00,5.00,LOW,,,,,2026-05-24,2026-12-24,365,false,2014-07-22 15:06:22.000,2026-06-24 16:17:32.000
19801,4801,31.00,6.00,5.00,31.00,6.00,6.00,LOW,,,,,2026-01-24,2027-01-24,365,false,2019-01-07 13:30:20.000,2026-06-24 16:17:32.000
19802,4802,32.00,7.00,5.00,32.00,7.00,7.00,LOW,,,,,2026-06-24,2027-05-24,365,false,1991-05-24 01:42:06.000,2026-06-24 16:17:32.000
19805,4805,35.00,10.00,2.00,35.00,10.00,10.00,LOW,,,,,2026-03-24,2027-05-24,365,false,2024-08-17 22:28:56.000,2026-06-24 16:17:32.000
19806,4806,36.00,11.00,2.00,36.00,11.00,11.00,LOW,,,,,2026-05-24,2027-01-24,365,false,2022-05-06 23:50:53.000,2026-06-24 16:17:32.000
19808,4808,38.00,13.00,2.00,38.00,13.00,13.00,LOW,,,,,2026-05-24,2026-12-24,365,false,2017-10-09 16:23:51.000,2026-06-24 16:17:32.000
19811,4811,6.00,16.00,2.00,6.00,16.00,16.00,LOW,,,,,2026-06-24,2027-04-24,365,false,1994-10-24 18:09:44.000,2026-06-24 16:17:32.000
19813,4813,8.00,18.00,2.00,8.00,18.00,18.00,LOW,,,,,2026-01-24,2027-03-24,365,false,2025-09-08 05:11:55.000,2026-06-24 16:17:32.000
19815,4815,10.00,20.00,5.00,10.00,20.00,20.00,LOW,,,,,2026-06-24,2027-04-24,365,false,2010-08-05 03:05:58.000,2026-06-24 16:17:32.000
19816,4816,11.00,21.00,5.00,11.00,21.00,21.00,LOW,,,,,2026-03-24,2027-01-24,365,false,2006-11-12 18:24:24.000,2026-06-24 16:17:32.000
19817,4817,12.00,22.00,3.00,12.00,22.00,22.00,LOW,,,,,2026-02-24,2027-04-24,365,false,2016-08-30 06:25:33.000,2026-06-24 16:17:32.000
19819,4819,14.00,24.00,4.00,14.00,24.00,24.00,LOW,,,,,2026-01-24,2027-03-24,365,false,2023-10-25 09:18:08.000,2026-06-24 16:17:32.000
19820,4820,15.00,25.00,3.00,15.00,25.00,25.00,LOW,,,,,2026-03-24,2027-05-24,365,false,2018-10-22 14:32:47.000,2026-06-24 16:17:32.000
19822,4822,17.00,27.00,5.00,17.00,27.00,27.00,LOW,,,,,2026-05-24,2027-04-24,365,false,2020-02-08 13:46:47.000,2026-06-24 16:17:32.000
19823,4823,18.00,28.00,2.00,18.00,28.00,28.00,LOW,,,,,2026-02-24,2026-12-24,365,false,2024-11-10 14:17:32.000,2026-06-24 16:17:32.000
19825,4825,20.00,30.00,4.00,20.00,30.00,30.00,LOW,,,,,2026-02-24,2027-05-24,365,false,2023-07-07 08:08:11.000,2026-06-24 16:17:32.000
19826,4826,21.00,31.00,5.00,21.00,31.00,31.00,LOW,,,,,2026-02-24,2027-04-24,365,false,2006-06-04 20:54:45.000,2026-06-24 16:17:32.000
19835,4835,30.00,40.00,5.00,30.00,40.00,10.00,LOW,,,,,2026-06-24,2027-03-24,365,false,2008-12-07 14:51:23.000,2026-06-24 16:17:32.000
19837,4837,32.00,42.00,2.00,32.00,42.00,12.00,LOW,,,,,2026-05-24,2027-02-24,365,false,2025-04-17 11:50:10.000,2026-06-24 16:17:32.000
19838,4838,33.00,43.00,4.00,33.00,43.00,13.00,LOW,,,,,2026-05-24,2027-05-24,365,false,2010-11-01 22:38:11.000,2026-06-24 16:17:32.000
19839,4839,34.00,44.00,5.00,34.00,44.00,14.00,LOW,,,,,2026-05-24,2026-12-24,365,false,2017-07-03 04:48:48.000,2026-06-24 16:17:32.000
19840,4840,35.00,5.00,4.00,35.00,5.00,15.00,LOW,,,,,2026-06-24,2027-01-24,365,false,2023-01-08 13:16:17.000,2026-06-24 16:17:32.000
19841,4841,36.00,6.00,4.00,36.00,6.00,16.00,LOW,,,,,2026-02-24,2027-02-24,365,false,2015-10-29 17:59:26.000,2026-06-24 16:17:32.000
19842,4842,37.00,7.00,3.00,37.00,7.00,17.00,LOW,,,,,2026-02-24,2027-05-24,365,false,2018-05-23 06:39:13.000,2026-06-24 16:17:32.000
19843,4843,38.00,8.00,5.00,38.00,8.00,18.00,LOW,,,,,2026-05-24,2026-12-24,365,false,2022-05-01 09:34:39.000,2026-06-24 16:17:32.000
19844,4844,39.00,9.00,5.00,39.00,9.00,19.00,LOW,,,,,2026-03-24,2027-02-24,365,false,2007-09-28 01:36:51.000,2026-06-24 16:17:32.000
19845,4845,5.00,10.00,2.00,5.00,10.00,20.00,LOW,,,,,2026-05-24,2026-12-24,365,false,2014-07-06 22:01:21.000,2026-06-24 16:17:32.000
19846,4846,6.00,11.00,4.00,6.00,11.00,21.00,LOW,,,,,2026-06-24,2027-03-24,365,false,2018-08-04 17:51:41.000,2026-06-24 16:17:32.000
19847,4847,7.00,12.00,4.00,7.00,12.00,22.00,LOW,,,,,2026-06-24,2027-04-24,365,false,2019-01-28 23:50:05.000,2026-06-24 16:17:32.000
19849,4849,9.00,14.00,4.00,9.00,14.00,24.00,LOW,,,,,2026-03-24,2027-04-24,365,false,2022-12-13 03:41:49.000,2026-06-24 16:17:32.000
19850,4850,10.00,15.00,3.00,10.00,15.00,25.00,LOW,,,,,2026-04-24,2027-04-24,365,false,1999-12-11 08:23:18.000,2026-06-24 16:17:32.000
19851,4851,11.00,16.00,3.00,11.00,16.00,26.00,LOW,,,,,2026-04-24,2027-03-24,365,false,2008-02-16 06:26:02.000,2026-06-24 16:17:32.000
19853,4853,13.00,18.00,2.00,13.00,18.00,28.00,LOW,,,,,2026-06-24,2027-03-24,365,false,2022-11-12 18:59:23.000,2026-06-24 16:17:32.000
19854,4854,14.00,19.00,3.00,14.00,19.00,29.00,LOW,,,,,2026-06-24,2027-02-24,365,false,2022-12-02 11:06:50.000,2026-06-24 16:17:32.000
19855,4855,15.00,20.00,3.00,15.00,20.00,30.00,LOW,,,,,2026-03-24,2026-12-24,365,false,2025-10-06 04:18:41.000,2026-06-24 16:17:32.000
19859,4859,19.00,24.00,2.00,19.00,24.00,34.00,LOW,,,,,2026-04-24,2027-01-24,365,false,2019-07-12 06:45:05.000,2026-06-24 16:17:32.000
19860,4860,20.00,25.00,3.00,20.00,25.00,5.00,LOW,,,,,2026-05-24,2027-01-24,365,false,2026-04-27 14:04:19.000,2026-06-24 16:17:32.000
19861,4861,21.00,26.00,2.00,21.00,26.00,6.00,LOW,,,,,2026-05-24,2027-01-24,365,false,2003-07-04 08:24:29.000,2026-06-24 16:17:32.000
19862,4862,22.00,27.00,3.00,22.00,27.00,7.00,LOW,,,,,2026-01-24,2027-05-24,365,false,2017-07-19 18:36:08.000,2026-06-24 16:17:32.000
19863,4863,23.00,28.00,2.00,23.00,28.00,8.00,LOW,,,,,2026-03-24,2027-01-24,365,false,1999-12-26 20:53:20.000,2026-06-24 16:17:32.000
19864,4864,24.00,29.00,3.00,24.00,29.00,9.00,LOW,,,,,2026-04-24,2026-12-24,365,false,2024-10-20 16:08:44.000,2026-06-24 16:17:32.000
19866,4866,26.00,31.00,5.00,26.00,31.00,11.00,LOW,,,,,2026-01-24,2027-04-24,365,false,2017-10-12 17:58:56.000,2026-06-24 16:17:32.000
19867,4867,27.00,32.00,2.00,27.00,32.00,12.00,LOW,,,,,2026-01-24,2027-05-24,365,false,2015-08-04 17:11:16.000,2026-06-24 16:17:32.000
19870,4870,30.00,35.00,5.00,30.00,35.00,15.00,LOW,,,,,2026-06-24,2027-04-24,365,false,2025-12-24 02:34:37.000,2026-06-24 16:17:32.000
19873,4873,33.00,38.00,5.00,33.00,38.00,18.00,LOW,,,,,2026-01-24,2027-03-24,365,false,2020-12-27 04:02:16.000,2026-06-24 16:17:32.000
19874,4874,34.00,39.00,3.00,34.00,39.00,19.00,LOW,,,,,2026-05-24,2026-12-24,365,false,2017-12-21 08:52:14.000,2026-06-24 16:17:32.000
19875,4875,35.00,40.00,3.00,35.00,40.00,20.00,LOW,,,,,2026-02-24,2027-03-24,365,false,2025-02-20 03:59:11.000,2026-06-24 16:17:32.000
19876,4876,36.00,41.00,4.00,36.00,41.00,21.00,LOW,,,,,2026-05-24,2027-03-24,365,false,2017-01-17 14:07:50.000,2026-06-24 16:17:32.000
19878,4878,38.00,43.00,5.00,38.00,43.00,23.00,LOW,,,,,2026-03-24,2026-12-24,365,false,2007-09-27 08:10:04.000,2026-06-24 16:17:32.000
19879,4879,39.00,44.00,5.00,39.00,44.00,24.00,LOW,,,,,2026-05-24,2027-01-24,365,false,2018-10-06 23:40:02.000,2026-06-24 16:17:32.000
19880,4880,5.00,5.00,4.00,5.00,5.00,25.00,LOW,,,,,2026-01-24,2027-05-24,365,false,2024-09-03 01:17:50.000,2026-06-24 16:17:32.000
19881,4881,6.00,6.00,4.00,6.00,6.00,26.00,LOW,,,,,2026-01-24,2027-05-24,365,false,2019-10-12 06:12:07.000,2026-06-24 16:17:32.000
19882,4882,7.00,7.00,2.00,7.00,7.00,27.00,LOW,,,,,2026-02-24,2027-04-24,365,false,2010-07-03 20:42:42.000,2026-06-24 16:17:32.000
19884,4884,9.00,9.00,3.00,9.00,9.00,29.00,LOW,,,,,2026-05-24,2026-12-24,365,false,2016-11-09 02:55:43.000,2026-06-24 16:17:32.000
19885,4885,10.00,10.00,4.00,10.00,10.00,30.00,LOW,,,,,2026-01-24,2027-04-24,365,false,2023-09-11 18:20:15.000,2026-06-24 16:17:32.000
19886,4886,11.00,11.00,5.00,11.00,11.00,31.00,LOW,,,,,2026-03-24,2027-01-24,365,false,2008-08-05 17:31:07.000,2026-06-24 16:17:32.000
19887,4887,12.00,12.00,2.00,12.00,12.00,32.00,LOW,,,,,2026-05-24,2027-03-24,365,false,1996-11-25 01:14:55.000,2026-06-24 16:17:32.000
19891,4891,16.00,16.00,5.00,16.00,16.00,6.00,LOW,,,,,2026-01-24,2027-02-24,365,false,2025-12-20 12:49:38.000,2026-06-24 16:17:32.000
19892,4892,17.00,17.00,5.00,17.00,17.00,7.00,LOW,,,,,2026-02-24,2027-01-24,365,false,2023-11-10 03:39:01.000,2026-06-24 16:17:32.000
19893,4893,18.00,18.00,2.00,18.00,18.00,8.00,LOW,,,,,2026-04-24,2027-01-24,365,false,2026-01-08 16:14:20.000,2026-06-24 16:17:32.000
19894,4894,19.00,19.00,3.00,19.00,19.00,9.00,LOW,,,,,2026-04-24,2027-03-24,365,false,2025-05-09 20:07:50.000,2026-06-24 16:17:32.000
19895,4895,20.00,20.00,3.00,20.00,20.00,10.00,LOW,,,,,2026-05-24,2027-01-24,365,false,2022-07-04 02:45:53.000,2026-06-24 16:17:32.000
19898,4898,23.00,23.00,5.00,23.00,23.00,13.00,LOW,,,,,2026-04-24,2027-04-24,365,false,2012-09-10 02:05:38.000,2026-06-24 16:17:32.000
19899,4899,24.00,24.00,2.00,24.00,24.00,14.00,LOW,,,,,2026-06-24,2027-05-24,365,false,2024-05-11 18:48:48.000,2026-06-24 16:17:32.000
19901,4901,26.00,26.00,3.00,26.00,26.00,16.00,LOW,,,,,2026-06-24,2026-12-24,365,false,1993-09-10 22:54:32.000,2026-06-24 16:17:32.000
19902,4902,27.00,27.00,4.00,27.00,27.00,17.00,LOW,,,,,2026-03-24,2026-12-24,365,false,2024-04-26 02:36:40.000,2026-06-24 16:17:32.000
19903,4903,28.00,28.00,2.00,28.00,28.00,18.00,LOW,,,,,2026-06-24,2027-02-24,365,false,2025-04-19 08:03:36.000,2026-06-24 16:17:32.000
19906,4906,31.00,31.00,3.00,31.00,31.00,21.00,LOW,,,,,2026-01-24,2027-05-24,365,false,2015-11-08 10:34:47.000,2026-06-24 16:17:32.000
19907,4907,32.00,32.00,5.00,32.00,32.00,22.00,LOW,,,,,2026-04-24,2027-02-24,365,false,2020-04-25 14:51:21.000,2026-06-24 16:17:32.000
19908,4908,33.00,33.00,3.00,33.00,33.00,23.00,LOW,,,,,2026-03-24,2027-02-24,365,false,2024-12-30 12:13:25.000,2026-06-24 16:17:32.000
19909,4909,34.00,34.00,2.00,34.00,34.00,24.00,LOW,,,,,2026-01-24,2027-01-24,365,false,1998-11-03 21:42:26.000,2026-06-24 16:17:32.000
19910,4910,35.00,35.00,4.00,35.00,35.00,25.00,LOW,,,,,2026-02-24,2027-01-24,365,false,2025-10-21 14:34:29.000,2026-06-24 16:17:32.000
19911,4911,36.00,36.00,5.00,36.00,36.00,26.00,LOW,,,,,2026-01-24,2027-02-24,365,false,2017-11-24 20:33:28.000,2026-06-24 16:17:32.000
19912,4912,37.00,37.00,2.00,37.00,37.00,27.00,LOW,,,,,2026-02-24,2027-03-24,365,false,2024-12-23 13:45:19.000,2026-06-24 16:17:32.000
19913,4913,38.00,38.00,3.00,38.00,38.00,28.00,LOW,,,,,2026-06-24,2027-05-24,365,false,2018-01-23 05:54:30.000,2026-06-24 16:17:32.000
19914,4914,39.00,39.00,4.00,39.00,39.00,29.00,LOW,,,,,2026-04-24,2027-03-24,365,false,2005-08-02 00:57:59.000,2026-06-24 16:17:32.000
19918,4918,8.00,43.00,2.00,8.00,43.00,33.00,LOW,,,,,2026-04-24,2027-03-24,365,false,2007-09-27 06:47:45.000,2026-06-24 16:17:32.000
19920,4920,10.00,5.00,2.00,10.00,5.00,5.00,LOW,,,,,2026-06-24,2027-01-24,365,false,2014-05-25 20:48:31.000,2026-06-24 16:17:32.000
19923,4923,13.00,8.00,5.00,13.00,8.00,8.00,LOW,,,,,2026-06-24,2026-12-24,365,false,1998-11-10 02:16:27.000,2026-06-24 16:17:32.000
19924,4924,14.00,9.00,4.00,14.00,9.00,9.00,LOW,,,,,2026-01-24,2027-04-24,365,false,1996-06-23 17:08:55.000,2026-06-24 16:17:32.000
19925,4925,15.00,10.00,5.00,15.00,10.00,10.00,LOW,,,,,2026-04-24,2027-04-24,365,false,2023-06-21 06:54:10.000,2026-06-24 16:17:32.000
19926,4926,16.00,11.00,4.00,16.00,11.00,11.00,LOW,,,,,2026-02-24,2027-01-24,365,false,2001-05-07 20:06:30.000,2026-06-24 16:17:32.000
19927,4927,17.00,12.00,3.00,17.00,12.00,12.00,LOW,,,,,2026-05-24,2026-12-24,365,false,2014-02-23 21:56:32.000,2026-06-24 16:17:32.000
19931,4931,21.00,16.00,2.00,21.00,16.00,16.00,LOW,,,,,2026-03-24,2026-12-24,365,false,2025-12-22 08:06:28.000,2026-06-24 16:17:32.000
19934,4934,24.00,19.00,4.00,24.00,19.00,19.00,LOW,,,,,2026-05-24,2027-04-24,365,false,2015-06-21 01:21:47.000,2026-06-24 16:17:32.000
19935,4935,25.00,20.00,5.00,25.00,20.00,20.00,LOW,,,,,2026-01-24,2027-04-24,365,false,2022-04-24 01:34:52.000,2026-06-24 16:17:32.000
19937,4937,27.00,22.00,5.00,27.00,22.00,22.00,LOW,,,,,2026-04-24,2027-05-24,365,false,2024-03-22 18:27:51.000,2026-06-24 16:17:32.000
19939,4939,29.00,24.00,4.00,29.00,24.00,24.00,LOW,,,,,2026-06-24,2027-02-24,365,false,2021-03-09 18:11:09.000,2026-06-24 16:17:32.000
19942,4942,32.00,27.00,2.00,32.00,27.00,27.00,LOW,,,,,2026-01-24,2027-01-24,365,false,2017-03-30 22:14:08.000,2026-06-24 16:17:32.000
19943,4943,33.00,28.00,2.00,33.00,28.00,28.00,LOW,,,,,2026-04-24,2027-05-24,365,false,2026-04-01 04:22:37.000,2026-06-24 16:17:32.000
19945,4945,35.00,30.00,3.00,35.00,30.00,30.00,LOW,,,,,2026-02-24,2027-04-24,365,false,2025-08-11 22:19:57.000,2026-06-24 16:17:32.000
19946,4946,36.00,31.00,4.00,36.00,31.00,31.00,LOW,,,,,2026-01-24,2026-12-24,365,false,2022-02-14 02:23:02.000,2026-06-24 16:17:32.000
19947,4947,37.00,32.00,4.00,37.00,32.00,32.00,LOW,,,,,2026-03-24,2027-03-24,365,false,2017-11-13 17:38:37.000,2026-06-24 16:17:32.000
19948,4948,38.00,33.00,2.00,38.00,33.00,33.00,LOW,,,,,2026-02-24,2026-12-24,365,false,2025-07-14 04:18:12.000,2026-06-24 16:17:32.000
19950,4950,5.00,35.00,3.00,5.00,35.00,5.00,LOW,,,,,2026-03-24,2027-04-24,365,false,2026-05-22 03:43:35.000,2026-06-24 16:17:32.000
19954,4954,9.00,39.00,5.00,9.00,39.00,9.00,LOW,,,,,2026-01-24,2027-04-24,365,false,2026-04-07 07:19:06.000,2026-06-24 16:17:32.000
19955,4955,10.00,40.00,2.00,10.00,40.00,10.00,LOW,,,,,2026-01-24,2027-04-24,365,false,2022-06-30 04:31:24.000,2026-06-24 16:17:32.000
19959,4959,14.00,44.00,2.00,14.00,44.00,14.00,LOW,,,,,2026-06-24,2026-12-24,365,false,2023-06-30 18:23:09.000,2026-06-24 16:17:32.000
19960,4960,15.00,5.00,3.00,15.00,5.00,15.00,LOW,,,,,2026-02-24,2027-02-24,365,false,2021-05-23 09:14:13.000,2026-06-24 16:17:32.000
19961,4961,16.00,6.00,4.00,16.00,6.00,16.00,LOW,,,,,2026-01-24,2027-05-24,365,false,1994-10-10 08:00:03.000,2026-06-24 16:17:32.000
19962,4962,17.00,7.00,5.00,17.00,7.00,17.00,LOW,,,,,2026-03-24,2027-03-24,365,false,2024-08-20 20:20:49.000,2026-06-24 16:17:32.000
19963,4963,18.00,8.00,4.00,18.00,8.00,18.00,LOW,,,,,2026-03-24,2026-12-24,365,false,2009-02-26 23:02:12.000,2026-06-24 16:17:32.000
19968,4968,23.00,13.00,2.00,23.00,13.00,23.00,LOW,,,,,2026-01-24,2027-03-24,365,false,2017-06-14 07:46:18.000,2026-06-24 16:17:32.000
19970,4970,25.00,15.00,2.00,25.00,15.00,25.00,LOW,,,,,2026-05-24,2027-01-24,365,false,2026-04-20 14:50:52.000,2026-06-24 16:17:32.000
19971,4971,26.00,16.00,5.00,26.00,16.00,26.00,LOW,,,,,2026-06-24,2027-05-24,365,false,2009-03-30 19:09:47.000,2026-06-24 16:17:32.000
19972,4972,27.00,17.00,2.00,27.00,17.00,27.00,LOW,,,,,2026-05-24,2026-12-24,365,false,2019-01-27 00:19:15.000,2026-06-24 16:17:32.000
19974,4974,29.00,19.00,2.00,29.00,19.00,29.00,LOW,,,,,2026-06-24,2027-04-24,365,false,2022-08-09 04:34:02.000,2026-06-24 16:17:32.000
19975,4975,30.00,20.00,2.00,30.00,20.00,30.00,LOW,,,,,2026-05-24,2027-02-24,365,false,2025-08-15 01:59:40.000,2026-06-24 16:17:32.000
19977,4977,32.00,22.00,5.00,32.00,22.00,32.00,LOW,,,,,2026-03-24,2027-01-24,365,false,2024-05-05 14:31:47.000,2026-06-24 16:17:32.000
19980,4980,35.00,25.00,2.00,35.00,25.00,5.00,LOW,,,,,2026-05-24,2027-05-24,365,false,2019-10-02 04:55:04.000,2026-06-24 16:17:32.000
19981,4981,36.00,26.00,5.00,36.00,26.00,6.00,LOW,,,,,2026-05-24,2027-03-24,365,false,2010-10-09 22:50:10.000,2026-06-24 16:17:32.000
19984,4984,39.00,29.00,4.00,39.00,29.00,9.00,LOW,,,,,2026-03-24,2027-01-24,365,false,2022-09-06 21:57:31.000,2026-06-24 16:17:32.000
19985,4985,5.00,30.00,3.00,5.00,30.00,10.00,LOW,,,,,2026-05-24,2027-02-24,365,false,2017-06-05 15:07:18.000,2026-06-24 16:17:32.000
19987,4987,7.00,32.00,5.00,7.00,32.00,12.00,LOW,,,,,2026-03-24,2027-05-24,365,false,2007-11-25 19:06:43.000,2026-06-24 16:17:32.000
19988,4988,8.00,33.00,5.00,8.00,33.00,13.00,LOW,,,,,2026-03-24,2027-02-24,365,false,2023-05-13 14:43:44.000,2026-06-24 16:17:32.000
19989,4989,9.00,34.00,5.00,9.00,34.00,14.00,LOW,,,,,2026-05-24,2026-12-24,365,false,2011-10-06 15:14:14.000,2026-06-24 16:17:32.000
19990,4990,10.00,35.00,2.00,10.00,35.00,15.00,LOW,,,,,2026-01-24,2027-05-24,365,false,2016-04-27 12:26:52.000,2026-06-24 16:17:32.000
19992,4992,12.00,37.00,2.00,12.00,37.00,17.00,LOW,,,,,2026-05-24,2026-12-24,365,false,2022-08-12 13:07:36.000,2026-06-24 16:17:32.000
19993,4993,13.00,38.00,2.00,13.00,38.00,18.00,LOW,,,,,2026-05-24,2027-05-24,365,false,2023-11-12 09:15:44.000,2026-06-24 16:17:32.000
19994,4994,14.00,39.00,2.00,14.00,39.00,19.00,LOW,,,,,2026-06-24,2027-04-24,365,false,2018-11-13 14:52:43.000,2026-06-24 16:17:32.000
19995,4995,15.00,40.00,2.00,15.00,40.00,20.00,LOW,,,,,2026-04-24,2027-03-24,365,false,2019-08-22 06:40:37.000,2026-06-24 16:17:32.000
19996,4996,16.00,41.00,5.00,16.00,41.00,21.00,LOW,,,,,2026-04-24,2027-01-24,365,false,2013-12-08 13:25:46.000,2026-06-24 16:17:32.000
19997,4997,17.00,42.00,2.00,17.00,42.00,22.00,LOW,,,,,2026-06-24,2026-12-24,365,false,2020-05-04 18:23:03.000,2026-06-24 16:17:32.000
19998,4998,18.00,43.00,3.00,18.00,43.00,23.00,LOW,,,,,2026-01-24,2027-01-24,365,false,2000-04-16 02:23:52.000,2026-06-24 16:17:32.000
20000,5000,20.00,5.00,3.00,20.00,5.00,25.00,LOW,,,,,2026-03-24,2027-03-24,365,false,2019-08-20 17:57:23.000,2026-06-24 16:17:32.000
15007,7,87.00,62.00,4.00,87.00,62.00,72.00,HIGH,,,,,2026-05-24,2026-12-24,365,true,2025-09-30 14:53:43.000,2026-06-24 16:17:32.000
15014,14,94.00,69.00,3.00,94.00,69.00,79.00,HIGH,,,,,2026-06-24,2027-04-24,365,true,2012-11-11 15:19:31.000,2026-06-24 16:17:32.000
15022,22,67.00,77.00,2.00,67.00,77.00,87.00,HIGH,,,,,2026-02-24,2026-12-24,365,true,2021-08-22 18:28:14.000,2026-06-24 16:17:32.000
15035,35,80.00,90.00,2.00,80.00,90.00,70.00,HIGH,,,,,2026-01-24,2027-05-24,365,true,2016-05-09 23:27:09.000,2026-06-24 16:17:32.000
15042,42,87.00,57.00,2.00,87.00,57.00,77.00,HIGH,,,,,2026-04-24,2027-03-24,365,true,2013-09-20 21:46:45.000,2026-06-24 16:17:32.000
15047,47,92.00,62.00,3.00,92.00,62.00,82.00,HIGH,,,,,2026-01-24,2027-03-24,365,true,2017-02-03 18:21:55.000,2026-06-24 16:17:32.000
15062,62,72.00,77.00,3.00,72.00,77.00,67.00,HIGH,,,,,2026-01-24,2026-12-24,365,true,2015-05-25 15:31:31.000,2026-06-24 16:17:32.000
15065,65,75.00,80.00,3.00,75.00,80.00,70.00,HIGH,,,,,2026-02-24,2027-01-24,365,true,2011-01-15 04:48:10.000,2026-06-24 16:17:32.000
15080,80,90.00,55.00,2.00,90.00,55.00,85.00,HIGH,,,,,2026-01-24,2027-05-24,365,true,2019-10-31 06:08:10.000,2026-06-24 16:17:32.000
15083,83,93.00,58.00,5.00,93.00,58.00,88.00,HIGH,,,,,2026-03-24,2026-12-24,365,true,2005-03-03 08:56:22.000,2026-06-24 16:17:32.000
15113,113,88.00,88.00,5.00,88.00,88.00,88.00,HIGH,,,,,2026-01-24,2026-12-24,365,true,2023-03-20 13:12:29.000,2026-06-24 16:17:32.000
15115,115,90.00,90.00,4.00,90.00,90.00,90.00,HIGH,,,,,2026-03-24,2027-03-24,365,true,2024-12-01 20:23:17.000,2026-06-24 16:17:32.000
15131,131,71.00,66.00,4.00,71.00,66.00,76.00,HIGH,,,,,2026-05-24,2026-12-24,365,true,2026-06-10 18:50:30.000,2026-06-24 16:17:32.000
15166,166,71.00,61.00,4.00,71.00,61.00,81.00,HIGH,,,,,2026-03-24,2027-05-24,365,true,2015-05-06 14:20:52.000,2026-06-24 16:17:32.000
15177,177,82.00,72.00,5.00,82.00,72.00,92.00,HIGH,,,,,2026-06-24,2027-05-24,365,true,2017-05-19 13:36:57.000,2026-06-24 16:17:32.000
15183,183,88.00,78.00,3.00,88.00,78.00,68.00,HIGH,,,,,2026-05-24,2027-01-24,365,true,2008-01-20 15:24:31.000,2026-06-24 16:17:32.000
15190,190,60.00,85.00,3.00,60.00,85.00,75.00,HIGH,,,,,2026-04-24,2027-04-24,365,true,2003-01-31 20:11:23.000,2026-06-24 16:17:32.000
15197,197,67.00,92.00,2.00,67.00,92.00,82.00,HIGH,,,,,2026-02-24,2027-04-24,365,true,2009-07-10 22:36:05.000,2026-06-24 16:17:32.000
15222,222,92.00,77.00,2.00,92.00,77.00,77.00,HIGH,,,,,2026-03-24,2027-01-24,365,true,2005-02-26 15:24:54.000,2026-06-24 16:17:32.000
15233,233,68.00,88.00,5.00,68.00,88.00,88.00,HIGH,,,,,2026-05-24,2027-01-24,365,true,2026-02-04 05:01:44.000,2026-06-24 16:17:32.000
15244,244,79.00,59.00,5.00,79.00,59.00,69.00,HIGH,,,,,2026-02-24,2027-04-24,365,true,2017-08-27 18:21:45.000,2026-06-24 16:17:32.000
15250,250,85.00,65.00,5.00,85.00,65.00,75.00,HIGH,,,,,2026-06-24,2027-02-24,365,true,2016-08-09 07:13:40.000,2026-06-24 16:17:32.000
15267,267,67.00,82.00,4.00,67.00,82.00,92.00,HIGH,,,,,2026-03-24,2026-12-24,365,true,2023-03-20 16:55:22.000,2026-06-24 16:17:32.000
15294,294,94.00,69.00,2.00,94.00,69.00,89.00,HIGH,,,,,2026-02-24,2027-05-24,365,true,2025-07-01 09:19:44.000,2026-06-24 16:17:32.000
15295,295,60.00,70.00,3.00,60.00,70.00,90.00,HIGH,,,,,2026-02-24,2027-01-24,365,true,2025-06-28 01:46:14.000,2026-06-24 16:17:32.000
15304,304,69.00,79.00,2.00,69.00,79.00,69.00,HIGH,,,,,2026-03-24,2027-05-24,365,true,2023-03-30 04:27:30.000,2026-06-24 16:17:32.000
15307,307,72.00,82.00,4.00,72.00,82.00,72.00,HIGH,,,,,2026-05-24,2027-04-24,365,true,2016-04-07 01:29:21.000,2026-06-24 16:17:32.000
15324,324,89.00,59.00,2.00,89.00,59.00,89.00,HIGH,,,,,2026-02-24,2026-12-24,365,true,2011-03-10 09:29:07.000,2026-06-24 16:17:32.000
15354,354,84.00,89.00,3.00,84.00,89.00,89.00,HIGH,,,,,2026-06-24,2027-03-24,365,true,2008-09-15 01:55:44.000,2026-06-24 16:17:32.000
15373,373,68.00,68.00,3.00,68.00,68.00,78.00,HIGH,,,,,2026-02-24,2027-04-24,365,true,2022-05-19 23:05:39.000,2026-06-24 16:17:32.000
15386,386,81.00,81.00,5.00,81.00,81.00,91.00,HIGH,,,,,2026-03-24,2027-03-24,365,true,2014-05-02 05:44:26.000,2026-06-24 16:17:32.000
15387,387,82.00,82.00,2.00,82.00,82.00,92.00,HIGH,,,,,2026-02-24,2026-12-24,365,true,2010-12-13 15:04:27.000,2026-06-24 16:17:32.000
15407,407,67.00,62.00,5.00,67.00,62.00,82.00,HIGH,,,,,2026-01-24,2027-02-24,365,true,2006-02-25 04:38:54.000,2026-06-24 16:17:32.000
15420,420,80.00,75.00,2.00,80.00,75.00,65.00,HIGH,,,,,2026-06-24,2027-05-24,365,true,2024-06-17 06:14:08.000,2026-06-24 16:17:32.000
15435,435,60.00,90.00,2.00,60.00,90.00,80.00,HIGH,,,,,2026-04-24,2027-03-24,365,true,2021-05-08 10:49:28.000,2026-06-24 16:17:32.000
15440,440,65.00,55.00,3.00,65.00,55.00,85.00,HIGH,,,,,2026-01-24,2026-12-24,365,true,2004-03-11 08:37:05.000,2026-06-24 16:17:32.000
15470,470,60.00,85.00,5.00,60.00,85.00,85.00,HIGH,,,,,2026-02-24,2027-04-24,365,true,2022-12-31 07:01:35.000,2026-06-24 16:17:32.000
15510,510,65.00,85.00,4.00,65.00,85.00,65.00,HIGH,,,,,2026-02-24,2027-02-24,365,true,2019-10-11 13:24:15.000,2026-06-24 16:17:32.000
15530,530,85.00,65.00,4.00,85.00,65.00,85.00,HIGH,,,,,2026-04-24,2027-03-24,365,true,2022-01-05 12:20:20.000,2026-06-24 16:17:32.000
15547,547,67.00,82.00,3.00,67.00,82.00,72.00,HIGH,,,,,2026-02-24,2027-03-24,365,true,2020-08-15 19:28:14.000,2026-06-24 16:17:32.000
15557,557,77.00,92.00,3.00,77.00,92.00,82.00,HIGH,,,,,2026-05-24,2027-04-24,365,true,2003-07-31 11:31:52.000,2026-06-24 16:17:32.000
15564,564,84.00,59.00,2.00,84.00,59.00,89.00,HIGH,,,,,2026-04-24,2027-01-24,365,true,2010-02-16 06:20:16.000,2026-06-24 16:17:32.000
15587,587,72.00,82.00,3.00,72.00,82.00,82.00,HIGH,,,,,2026-03-24,2027-03-24,365,true,2026-05-07 07:41:25.000,2026-06-24 16:17:32.000
15602,602,87.00,57.00,2.00,87.00,57.00,67.00,HIGH,,,,,2026-03-24,2027-02-24,365,true,2026-06-05 16:25:15.000,2026-06-24 16:17:32.000
15606,606,91.00,61.00,4.00,91.00,61.00,71.00,HIGH,,,,,2026-05-24,2027-03-24,365,true,2017-02-27 08:18:09.000,2026-06-24 16:17:32.000
15613,613,63.00,68.00,2.00,63.00,68.00,78.00,HIGH,,,,,2026-06-24,2027-02-24,365,true,2026-05-18 17:00:29.000,2026-06-24 16:17:32.000
15617,617,67.00,72.00,2.00,67.00,72.00,82.00,HIGH,,,,,2026-01-24,2027-01-24,365,true,2011-08-31 23:19:44.000,2026-06-24 16:17:32.000
15623,623,73.00,78.00,5.00,73.00,78.00,88.00,HIGH,,,,,2026-01-24,2027-03-24,365,true,2010-01-29 22:01:14.000,2026-06-24 16:17:32.000
15632,632,82.00,87.00,2.00,82.00,87.00,67.00,HIGH,,,,,2026-03-24,2026-12-24,365,true,2019-02-23 13:10:07.000,2026-06-24 16:17:32.000
15645,645,60.00,60.00,2.00,60.00,60.00,80.00,HIGH,,,,,2026-04-24,2027-05-24,365,true,2010-08-21 09:41:40.000,2026-06-24 16:17:32.000
15654,654,69.00,69.00,3.00,69.00,69.00,89.00,HIGH,,,,,2026-04-24,2027-03-24,365,true,2006-04-02 14:35:52.000,2026-06-24 16:17:32.000
15657,657,72.00,72.00,3.00,72.00,72.00,92.00,HIGH,,,,,2026-04-24,2027-04-24,365,true,2016-09-18 03:02:02.000,2026-06-24 16:17:32.000
15665,665,80.00,80.00,4.00,80.00,80.00,70.00,HIGH,,,,,2026-02-24,2027-01-24,365,true,2012-07-06 20:42:06.000,2026-06-24 16:17:32.000
15700,700,80.00,75.00,2.00,80.00,75.00,75.00,HIGH,,,,,2026-06-24,2027-02-24,365,true,2014-04-04 06:49:44.000,2026-06-24 16:17:32.000
15707,707,87.00,82.00,4.00,87.00,82.00,82.00,HIGH,,,,,2026-03-24,2027-04-24,365,true,2006-11-15 23:46:01.000,2026-06-24 16:17:32.000
15713,713,93.00,88.00,5.00,93.00,88.00,88.00,HIGH,,,,,2026-02-24,2027-03-24,365,true,2010-02-28 14:54:44.000,2026-06-24 16:17:32.000
15714,714,94.00,89.00,4.00,94.00,89.00,89.00,HIGH,,,,,2026-06-24,2027-03-24,365,true,2021-01-01 07:16:39.000,2026-06-24 16:17:32.000
15716,716,61.00,91.00,4.00,61.00,91.00,91.00,HIGH,,,,,2026-06-24,2027-02-24,365,true,2021-01-05 16:16:09.000,2026-06-24 16:17:32.000
15732,732,77.00,67.00,2.00,77.00,67.00,77.00,HIGH,,,,,2026-03-24,2027-03-24,365,true,2017-07-28 16:36:30.000,2026-06-24 16:17:32.000
15750,750,60.00,85.00,3.00,60.00,85.00,65.00,HIGH,,,,,2026-02-24,2027-05-24,365,true,2010-04-19 06:43:32.000,2026-06-24 16:17:32.000
15752,752,62.00,87.00,4.00,62.00,87.00,67.00,HIGH,,,,,2026-02-24,2027-04-24,365,true,2013-03-06 06:24:10.000,2026-06-24 16:17:32.000
15767,767,77.00,62.00,4.00,77.00,62.00,82.00,HIGH,,,,,2026-05-24,2027-05-24,365,true,2008-11-03 07:20:48.000,2026-06-24 16:17:32.000
15770,770,80.00,65.00,2.00,80.00,65.00,85.00,HIGH,,,,,2026-01-24,2027-05-24,365,true,2025-08-14 04:11:14.000,2026-06-24 16:17:32.000
15774,774,84.00,69.00,4.00,84.00,69.00,89.00,HIGH,,,,,2026-05-24,2027-03-24,365,true,2007-08-18 06:28:24.000,2026-06-24 16:17:32.000
15777,777,87.00,72.00,5.00,87.00,72.00,92.00,HIGH,,,,,2026-01-24,2027-05-24,365,true,2011-12-05 01:10:45.000,2026-06-24 16:17:32.000
15783,783,93.00,78.00,4.00,93.00,78.00,68.00,HIGH,,,,,2026-05-24,2027-05-24,365,true,2002-12-22 09:06:04.000,2026-06-24 16:17:32.000
15796,796,71.00,91.00,2.00,71.00,91.00,81.00,HIGH,,,,,2026-04-24,2027-02-24,365,true,2017-08-27 04:35:40.000,2026-06-24 16:17:32.000
15797,797,72.00,92.00,3.00,72.00,92.00,82.00,HIGH,,,,,2026-04-24,2027-05-24,365,true,2024-02-26 12:36:51.000,2026-06-24 16:17:32.000
15821,821,61.00,76.00,2.00,61.00,76.00,76.00,HIGH,,,,,2026-02-24,2027-05-24,365,true,2024-12-08 01:33:04.000,2026-06-24 16:17:32.000
15830,830,70.00,85.00,2.00,70.00,85.00,85.00,HIGH,,,,,2026-05-24,2027-02-24,365,true,2019-10-11 21:34:25.000,2026-06-24 16:17:32.000
15834,834,74.00,89.00,2.00,74.00,89.00,89.00,HIGH,,,,,2026-04-24,2027-02-24,365,true,2015-11-01 12:41:15.000,2026-06-24 16:17:32.000
15885,885,90.00,60.00,5.00,90.00,60.00,80.00,HIGH,,,,,2026-02-24,2027-04-24,365,true,2023-01-05 06:48:58.000,2026-06-24 16:17:32.000
15900,900,70.00,75.00,2.00,70.00,75.00,65.00,HIGH,,,,,2026-01-24,2027-02-24,365,true,2001-04-10 06:10:37.000,2026-06-24 16:17:32.000
15902,902,72.00,77.00,3.00,72.00,77.00,67.00,HIGH,,,,,2026-06-24,2027-02-24,365,true,2022-03-08 10:08:22.000,2026-06-24 16:17:32.000
15907,907,77.00,82.00,3.00,77.00,82.00,72.00,HIGH,,,,,2026-01-24,2027-04-24,365,true,2008-04-26 17:57:56.000,2026-06-24 16:17:32.000
15915,915,85.00,90.00,5.00,85.00,90.00,80.00,HIGH,,,,,2026-03-24,2027-02-24,365,true,2004-03-17 21:33:56.000,2026-06-24 16:17:32.000
15921,921,91.00,56.00,5.00,91.00,56.00,86.00,HIGH,,,,,2026-06-24,2027-03-24,365,true,2013-07-02 12:47:57.000,2026-06-24 16:17:32.000
15922,922,92.00,57.00,2.00,92.00,57.00,87.00,HIGH,,,,,2026-02-24,2027-01-24,365,true,2024-05-10 02:00:36.000,2026-06-24 16:17:32.000
15932,932,67.00,67.00,2.00,67.00,67.00,67.00,HIGH,,,,,2026-02-24,2027-03-24,365,true,2017-04-12 00:20:14.000,2026-06-24 16:17:32.000
15960,960,60.00,55.00,3.00,60.00,55.00,65.00,HIGH,,,,,2026-02-24,2027-03-24,365,true,1999-10-24 16:26:23.000,2026-06-24 16:17:32.000
15967,967,67.00,62.00,3.00,67.00,62.00,72.00,HIGH,,,,,2026-04-24,2027-04-24,365,true,2023-02-25 01:06:06.000,2026-06-24 16:17:32.000
15973,973,73.00,68.00,2.00,73.00,68.00,78.00,HIGH,,,,,2026-04-24,2027-04-24,365,true,2022-01-27 20:11:35.000,2026-06-24 16:17:32.000
15985,985,85.00,80.00,3.00,85.00,80.00,90.00,HIGH,,,,,2026-06-24,2027-01-24,365,true,2017-02-15 06:26:58.000,2026-06-24 16:17:32.000
15987,987,87.00,82.00,5.00,87.00,82.00,92.00,HIGH,,,,,2026-05-24,2027-01-24,365,true,2019-10-27 23:06:13.000,2026-06-24 16:17:32.000
16003,1003,68.00,58.00,5.00,68.00,58.00,78.00,HIGH,,,,,2026-02-24,2027-04-24,365,true,2017-12-27 09:06:19.000,2026-06-24 16:17:32.000
16015,1015,80.00,70.00,3.00,80.00,70.00,90.00,HIGH,,,,,2026-03-24,2027-05-24,365,true,2004-05-23 07:10:37.000,2026-06-24 16:17:32.000
16026,1026,91.00,81.00,5.00,91.00,81.00,71.00,HIGH,,,,,2026-03-24,2027-03-24,365,true,2004-12-05 02:30:10.000,2026-06-24 16:17:32.000
16027,1027,92.00,82.00,4.00,92.00,82.00,72.00,HIGH,,,,,2026-03-24,2026-12-24,365,true,2019-11-01 16:56:41.000,2026-06-24 16:17:32.000
16080,1080,75.00,55.00,4.00,75.00,55.00,65.00,HIGH,,,,,2026-02-24,2027-02-24,365,true,2017-12-29 10:30:15.000,2026-06-24 16:17:32.000
16085,1085,80.00,60.00,5.00,80.00,60.00,70.00,HIGH,,,,,2026-03-24,2027-05-24,365,true,2024-07-16 06:41:55.000,2026-06-24 16:17:32.000
16093,1093,88.00,68.00,2.00,88.00,68.00,78.00,HIGH,,,,,2026-05-24,2027-01-24,365,true,2018-12-22 23:06:07.000,2026-06-24 16:17:32.000
16100,1100,60.00,75.00,4.00,60.00,75.00,85.00,HIGH,,,,,2026-01-24,2026-12-24,365,true,2024-05-18 23:31:41.000,2026-06-24 16:17:32.000
16137,1137,62.00,72.00,4.00,62.00,72.00,92.00,HIGH,,,,,2026-01-24,2027-01-24,365,true,2025-04-24 04:42:41.000,2026-06-24 16:17:32.000
16152,1152,77.00,87.00,2.00,77.00,87.00,77.00,HIGH,,,,,2026-05-24,2027-02-24,365,true,2025-02-17 21:29:20.000,2026-06-24 16:17:32.000
16156,1156,81.00,91.00,3.00,81.00,91.00,81.00,HIGH,,,,,2026-05-24,2027-04-24,365,true,2020-12-14 01:25:49.000,2026-06-24 16:17:32.000
16161,1161,86.00,56.00,2.00,86.00,56.00,86.00,HIGH,,,,,2026-04-24,2027-02-24,365,true,2022-04-24 23:37:14.000,2026-06-24 16:17:32.000
16162,1162,87.00,57.00,3.00,87.00,57.00,87.00,HIGH,,,,,2026-05-24,2027-05-24,365,true,2024-05-06 00:20:54.000,2026-06-24 16:17:32.000
16172,1172,62.00,67.00,4.00,62.00,67.00,67.00,HIGH,,,,,2026-01-24,2027-05-24,365,true,2010-10-05 20:37:53.000,2026-06-24 16:17:32.000
16181,1181,71.00,76.00,2.00,71.00,76.00,76.00,HIGH,,,,,2026-05-24,2027-02-24,365,true,2016-01-23 20:24:46.000,2026-06-24 16:17:32.000
16264,1264,84.00,79.00,3.00,84.00,79.00,69.00,HIGH,,,,,2026-06-24,2026-12-24,365,true,2024-05-21 21:13:58.000,2026-06-24 16:17:32.000
16292,1292,77.00,67.00,5.00,77.00,67.00,67.00,HIGH,,,,,2026-04-24,2027-01-24,365,true,2020-10-26 03:28:52.000,2026-06-24 16:17:32.000
16310,1310,60.00,85.00,3.00,60.00,85.00,85.00,HIGH,,,,,2026-06-24,2027-03-24,365,true,2024-05-10 15:55:48.000,2026-06-24 16:17:32.000
16324,1324,74.00,59.00,4.00,74.00,59.00,69.00,HIGH,,,,,2026-05-24,2027-02-24,365,true,2005-12-28 21:28:39.000,2026-06-24 16:17:32.000
16335,1335,85.00,70.00,5.00,85.00,70.00,80.00,HIGH,,,,,2026-01-24,2027-02-24,365,true,2023-04-08 10:21:54.000,2026-06-24 16:17:32.000
16350,1350,65.00,85.00,4.00,65.00,85.00,65.00,HIGH,,,,,2026-05-24,2027-04-24,365,true,2008-07-21 02:56:41.000,2026-06-24 16:17:32.000
16356,1356,71.00,91.00,5.00,71.00,91.00,71.00,HIGH,,,,,2026-02-24,2027-04-24,365,true,2022-01-24 21:56:59.000,2026-06-24 16:17:32.000
16365,1365,80.00,60.00,2.00,80.00,60.00,80.00,HIGH,,,,,2026-03-24,2027-03-24,365,true,2025-02-02 03:39:31.000,2026-06-24 16:17:32.000
16370,1370,85.00,65.00,2.00,85.00,65.00,85.00,HIGH,,,,,2026-01-24,2027-01-24,365,true,2002-11-12 13:44:07.000,2026-06-24 16:17:32.000
16383,1383,63.00,78.00,4.00,63.00,78.00,68.00,HIGH,,,,,2026-02-24,2026-12-24,365,true,2010-03-19 04:24:29.000,2026-06-24 16:17:32.000
16393,1393,73.00,88.00,3.00,73.00,88.00,78.00,HIGH,,,,,2026-06-24,2027-01-24,365,true,2026-04-25 07:21:51.000,2026-06-24 16:17:32.000
16397,1397,77.00,92.00,3.00,77.00,92.00,82.00,HIGH,,,,,2026-06-24,2027-02-24,365,true,2014-09-05 17:13:53.000,2026-06-24 16:17:32.000
16401,1401,81.00,56.00,3.00,81.00,56.00,86.00,HIGH,,,,,2026-05-24,2027-01-24,365,true,2021-03-31 23:01:24.000,2026-06-24 16:17:32.000
16402,1402,82.00,57.00,2.00,82.00,57.00,87.00,HIGH,,,,,2026-04-24,2027-02-24,365,true,2019-02-01 12:17:28.000,2026-06-24 16:17:32.000
16437,1437,82.00,92.00,4.00,82.00,92.00,92.00,HIGH,,,,,2026-04-24,2027-03-24,365,true,2009-01-26 23:31:52.000,2026-06-24 16:17:32.000
16441,1441,86.00,56.00,4.00,86.00,56.00,66.00,HIGH,,,,,2026-01-24,2027-01-24,365,true,2017-09-19 04:37:58.000,2026-06-24 16:17:32.000
16445,1445,90.00,60.00,5.00,90.00,60.00,70.00,HIGH,,,,,2026-04-24,2027-05-24,365,true,2025-02-28 17:55:51.000,2026-06-24 16:17:32.000
16450,1450,60.00,65.00,2.00,60.00,65.00,75.00,HIGH,,,,,2026-06-24,2027-01-24,365,true,2011-08-17 00:19:21.000,2026-06-24 16:17:32.000
16462,1462,72.00,77.00,5.00,72.00,77.00,87.00,HIGH,,,,,2026-04-24,2027-04-24,365,true,2004-07-06 18:28:40.000,2026-06-24 16:17:32.000
16483,1483,93.00,58.00,4.00,93.00,58.00,78.00,HIGH,,,,,2026-01-24,2027-04-24,365,true,2025-12-28 21:03:13.000,2026-06-24 16:17:32.000
16484,1484,94.00,59.00,5.00,94.00,59.00,79.00,HIGH,,,,,2026-05-24,2027-02-24,365,true,2017-03-04 21:57:55.000,2026-06-24 16:17:32.000
16491,1491,66.00,66.00,4.00,66.00,66.00,86.00,HIGH,,,,,2026-03-24,2027-04-24,365,true,1996-12-11 05:57:21.000,2026-06-24 16:17:32.000
16500,1500,75.00,75.00,2.00,75.00,75.00,65.00,HIGH,,,,,2026-06-24,2027-03-24,365,true,2021-01-03 08:05:13.000,2026-06-24 16:17:32.000
16513,1513,88.00,88.00,5.00,88.00,88.00,78.00,HIGH,,,,,2026-04-24,2027-02-24,365,true,2006-05-20 15:48:27.000,2026-06-24 16:17:32.000
16550,1550,90.00,85.00,4.00,90.00,85.00,85.00,HIGH,,,,,2026-02-24,2027-03-24,365,true,2024-11-06 07:56:56.000,2026-06-24 16:17:32.000
16552,1552,92.00,87.00,3.00,92.00,87.00,87.00,HIGH,,,,,2026-03-24,2026-12-24,365,true,2006-10-25 00:08:26.000,2026-06-24 16:17:32.000
16581,1581,86.00,76.00,4.00,86.00,76.00,86.00,HIGH,,,,,2026-06-24,2027-01-24,365,true,2024-11-08 16:47:54.000,2026-06-24 16:17:32.000
16587,1587,92.00,82.00,5.00,92.00,82.00,92.00,HIGH,,,,,2026-03-24,2027-05-24,365,true,2003-10-20 16:05:05.000,2026-06-24 16:17:32.000
16596,1596,66.00,91.00,4.00,66.00,91.00,71.00,HIGH,,,,,2026-04-24,2027-04-24,365,true,2010-08-13 11:10:10.000,2026-06-24 16:17:32.000
16602,1602,72.00,57.00,3.00,72.00,57.00,77.00,HIGH,,,,,2026-03-24,2027-05-24,365,true,2023-02-12 09:50:06.000,2026-06-24 16:17:32.000
16627,1627,62.00,82.00,3.00,62.00,82.00,72.00,HIGH,,,,,2026-02-24,2027-05-24,365,true,2013-08-07 05:10:30.000,2026-06-24 16:17:32.000
16644,1644,79.00,59.00,3.00,79.00,59.00,89.00,HIGH,,,,,2026-01-24,2027-04-24,365,true,2018-12-13 14:56:35.000,2026-06-24 16:17:32.000
16674,1674,74.00,89.00,2.00,74.00,89.00,89.00,HIGH,,,,,2026-03-24,2027-01-24,365,true,2021-04-06 01:12:18.000,2026-06-24 16:17:32.000
16677,1677,77.00,92.00,5.00,77.00,92.00,92.00,HIGH,,,,,2026-05-24,2027-04-24,365,true,2003-09-11 18:52:40.000,2026-06-24 16:17:32.000
16681,1681,81.00,56.00,2.00,81.00,56.00,66.00,HIGH,,,,,2026-03-24,2026-12-24,365,true,2017-06-28 07:05:03.000,2026-06-24 16:17:32.000
16685,1685,85.00,60.00,5.00,85.00,60.00,70.00,HIGH,,,,,2026-03-24,2027-05-24,365,true,2014-02-13 14:45:15.000,2026-06-24 16:17:32.000
16686,1686,86.00,61.00,2.00,86.00,61.00,71.00,HIGH,,,,,2026-05-24,2027-01-24,365,true,2025-09-23 05:28:15.000,2026-06-24 16:17:32.000
16723,1723,88.00,58.00,5.00,88.00,58.00,78.00,HIGH,,,,,2026-06-24,2027-04-24,365,true,2017-07-26 06:42:57.000,2026-06-24 16:17:32.000
16757,1757,87.00,92.00,5.00,87.00,92.00,82.00,HIGH,,,,,2026-04-24,2027-03-24,365,true,2019-08-10 23:16:46.000,2026-06-24 16:17:32.000
16760,1760,90.00,55.00,3.00,90.00,55.00,85.00,HIGH,,,,,2026-06-24,2027-05-24,365,true,2023-02-01 23:06:42.000,2026-06-24 16:17:32.000
16767,1767,62.00,62.00,3.00,62.00,62.00,92.00,HIGH,,,,,2026-06-24,2027-01-24,365,true,2024-02-19 08:15:56.000,2026-06-24 16:17:32.000
16772,1772,67.00,67.00,4.00,67.00,67.00,67.00,HIGH,,,,,2026-06-24,2027-03-24,365,true,2022-12-29 23:26:31.000,2026-06-24 16:17:32.000
16774,1774,69.00,69.00,3.00,69.00,69.00,69.00,HIGH,,,,,2026-06-24,2027-05-24,365,true,2024-07-27 19:22:55.000,2026-06-24 16:17:32.000
16776,1776,71.00,71.00,5.00,71.00,71.00,71.00,HIGH,,,,,2026-03-24,2027-01-24,365,true,1998-12-15 18:20:38.000,2026-06-24 16:17:32.000
16795,1795,90.00,90.00,5.00,90.00,90.00,90.00,HIGH,,,,,2026-01-24,2027-04-24,365,true,2020-08-21 13:50:51.000,2026-06-24 16:17:32.000
16801,1801,61.00,56.00,4.00,61.00,56.00,66.00,HIGH,,,,,2026-05-24,2026-12-24,365,true,2026-01-18 13:14:06.000,2026-06-24 16:17:32.000
16805,1805,65.00,60.00,2.00,65.00,60.00,70.00,HIGH,,,,,2026-03-24,2026-12-24,365,true,2021-10-14 06:36:12.000,2026-06-24 16:17:32.000
16807,1807,67.00,62.00,3.00,67.00,62.00,72.00,HIGH,,,,,2026-03-24,2027-04-24,365,true,2026-06-13 08:00:14.000,2026-06-24 16:17:32.000
16840,1840,65.00,55.00,4.00,65.00,55.00,75.00,HIGH,,,,,2026-06-24,2027-03-24,365,true,2013-05-03 02:09:23.000,2026-06-24 16:17:32.000
16855,1855,80.00,70.00,4.00,80.00,70.00,90.00,HIGH,,,,,2026-01-24,2027-01-24,365,true,2023-10-06 04:34:11.000,2026-06-24 16:17:32.000
16870,1870,60.00,85.00,4.00,60.00,85.00,75.00,HIGH,,,,,2026-06-24,2027-01-24,365,true,2022-06-06 04:37:48.000,2026-06-24 16:17:32.000
16884,1884,74.00,59.00,4.00,74.00,59.00,89.00,HIGH,,,,,2026-01-24,2027-01-24,365,true,2019-09-06 03:10:26.000,2026-06-24 16:17:32.000
16903,1903,93.00,78.00,5.00,93.00,78.00,78.00,HIGH,,,,,2026-06-24,2027-01-24,365,true,2011-08-09 19:32:37.000,2026-06-24 16:17:32.000
16910,1910,65.00,85.00,5.00,65.00,85.00,85.00,HIGH,,,,,2026-05-24,2027-05-24,365,true,2020-09-11 02:40:51.000,2026-06-24 16:17:32.000
16985,1985,70.00,80.00,3.00,70.00,80.00,70.00,HIGH,,,,,2026-04-24,2027-02-24,365,true,2006-03-04 23:16:58.000,2026-06-24 16:17:32.000
16991,1991,76.00,86.00,2.00,76.00,86.00,76.00,HIGH,,,,,2026-05-24,2026-12-24,365,true,2022-03-01 02:18:48.000,2026-06-24 16:17:32.000
16992,1992,77.00,87.00,5.00,77.00,87.00,77.00,HIGH,,,,,2026-01-24,2027-01-24,365,true,2013-10-29 16:10:00.000,2026-06-24 16:17:32.000
16996,1996,81.00,91.00,2.00,81.00,91.00,81.00,HIGH,,,,,2026-01-24,2027-04-24,365,true,2006-07-19 06:52:51.000,2026-06-24 16:17:32.000
17003,2003,88.00,58.00,2.00,88.00,58.00,88.00,HIGH,,,,,2026-01-24,2027-01-24,365,true,2025-12-14 17:06:35.000,2026-06-24 16:17:32.000
17004,2004,89.00,59.00,3.00,89.00,59.00,89.00,HIGH,,,,,2026-01-24,2026-12-24,365,true,2023-05-09 04:03:07.000,2026-06-24 16:17:32.000
17070,2070,85.00,85.00,3.00,85.00,85.00,65.00,HIGH,,,,,2026-06-24,2027-05-24,365,true,2015-08-26 07:30:45.000,2026-06-24 16:17:32.000
17071,2071,86.00,86.00,2.00,86.00,86.00,66.00,HIGH,,,,,2026-02-24,2026-12-24,365,true,2025-01-12 18:46:03.000,2026-06-24 16:17:32.000
17076,2076,91.00,91.00,2.00,91.00,91.00,71.00,HIGH,,,,,2026-06-24,2027-01-24,365,true,2009-06-18 09:21:33.000,2026-06-24 16:17:32.000
17150,2150,60.00,85.00,2.00,60.00,85.00,85.00,HIGH,,,,,2026-02-24,2027-02-24,365,true,2023-07-02 14:58:06.000,2026-06-24 16:17:32.000
17152,2152,62.00,87.00,5.00,62.00,87.00,87.00,HIGH,,,,,2026-02-24,2027-02-24,365,true,2020-07-03 22:29:53.000,2026-06-24 16:17:32.000
17182,2182,92.00,77.00,4.00,92.00,77.00,87.00,HIGH,,,,,2026-02-24,2027-03-24,365,true,2020-02-06 08:20:28.000,2026-06-24 16:17:32.000
17201,2201,76.00,56.00,4.00,76.00,56.00,76.00,HIGH,,,,,2026-04-24,2027-05-24,365,true,2022-12-24 23:55:02.000,2026-06-24 16:17:32.000
17232,2232,72.00,87.00,5.00,72.00,87.00,77.00,HIGH,,,,,2026-03-24,2027-04-24,365,true,2014-09-03 02:52:38.000,2026-06-24 16:17:32.000
17242,2242,82.00,57.00,3.00,82.00,57.00,87.00,HIGH,,,,,2026-01-24,2027-01-24,365,true,2010-05-16 12:35:19.000,2026-06-24 16:17:32.000
17302,2302,72.00,77.00,2.00,72.00,77.00,87.00,HIGH,,,,,2026-05-24,2026-12-24,365,true,2015-03-27 22:25:42.000,2026-06-24 16:17:32.000
17306,2306,76.00,81.00,5.00,76.00,81.00,91.00,HIGH,,,,,2026-03-24,2027-02-24,365,true,2020-08-05 20:49:01.000,2026-06-24 16:17:32.000
17344,2344,79.00,79.00,4.00,79.00,79.00,69.00,HIGH,,,,,2026-05-24,2027-03-24,365,true,2004-07-28 02:59:10.000,2026-06-24 16:17:32.000
17357,2357,92.00,92.00,4.00,92.00,92.00,82.00,HIGH,,,,,2026-05-24,2026-12-24,365,true,2022-10-06 06:04:22.000,2026-06-24 16:17:32.000
17367,2367,67.00,62.00,3.00,67.00,62.00,92.00,HIGH,,,,,2026-04-24,2027-03-24,365,true,2026-03-22 15:17:31.000,2026-06-24 16:17:32.000
17374,2374,74.00,69.00,5.00,74.00,69.00,69.00,HIGH,,,,,2026-03-24,2027-03-24,365,true,1993-12-17 17:45:25.000,2026-06-24 16:17:32.000
17375,2375,75.00,70.00,5.00,75.00,70.00,70.00,HIGH,,,,,2026-05-24,2027-03-24,365,true,2014-02-18 21:43:10.000,2026-06-24 16:17:32.000
17376,2376,76.00,71.00,2.00,76.00,71.00,71.00,HIGH,,,,,2026-03-24,2027-02-24,365,true,2024-11-28 00:56:48.000,2026-06-24 16:17:32.000
17384,2384,84.00,79.00,2.00,84.00,79.00,79.00,HIGH,,,,,2026-04-24,2027-02-24,365,true,2018-11-09 20:05:40.000,2026-06-24 16:17:32.000
17392,2392,92.00,87.00,5.00,92.00,87.00,87.00,HIGH,,,,,2026-06-24,2027-03-24,365,true,2017-10-24 13:19:09.000,2026-06-24 16:17:32.000
17397,2397,62.00,92.00,4.00,62.00,92.00,92.00,HIGH,,,,,2026-03-24,2027-03-24,365,true,2020-01-30 08:16:57.000,2026-06-24 16:17:32.000
17412,2412,77.00,67.00,5.00,77.00,67.00,77.00,HIGH,,,,,2026-05-24,2027-01-24,365,true,2017-06-21 08:57:05.000,2026-06-24 16:17:32.000
17414,2414,79.00,69.00,5.00,79.00,69.00,79.00,HIGH,,,,,2026-05-24,2026-12-24,365,true,2018-05-28 19:51:14.000,2026-06-24 16:17:32.000
17447,2447,77.00,62.00,5.00,77.00,62.00,82.00,HIGH,,,,,2026-02-24,2026-12-24,365,true,2014-12-18 05:27:34.000,2026-06-24 16:17:32.000
17452,2452,82.00,67.00,5.00,82.00,67.00,87.00,HIGH,,,,,2026-04-24,2027-02-24,365,true,2003-10-24 00:52:06.000,2026-06-24 16:17:32.000
17455,2455,85.00,70.00,4.00,85.00,70.00,90.00,HIGH,,,,,2026-04-24,2027-01-24,365,true,2015-06-08 17:50:08.000,2026-06-24 16:17:32.000
17456,2456,86.00,71.00,3.00,86.00,71.00,91.00,HIGH,,,,,2026-01-24,2026-12-24,365,true,2019-12-08 11:07:01.000,2026-06-24 16:17:32.000
17466,2466,61.00,81.00,4.00,61.00,81.00,71.00,HIGH,,,,,2026-02-24,2026-12-24,365,true,2018-12-25 16:07:43.000,2026-06-24 16:17:32.000
17471,2471,66.00,86.00,2.00,66.00,86.00,76.00,HIGH,,,,,2026-02-24,2027-02-24,365,true,2018-01-13 19:47:14.000,2026-06-24 16:17:32.000
17482,2482,77.00,57.00,5.00,77.00,57.00,87.00,HIGH,,,,,2026-04-24,2027-03-24,365,true,2010-09-13 19:14:38.000,2026-06-24 16:17:32.000
17491,2491,86.00,66.00,2.00,86.00,66.00,66.00,HIGH,,,,,2026-02-24,2027-05-24,365,true,2007-03-06 06:10:11.000,2026-06-24 16:17:32.000
17497,2497,92.00,72.00,2.00,92.00,72.00,72.00,HIGH,,,,,2026-04-24,2027-05-24,365,true,2014-10-03 12:27:27.000,2026-06-24 16:17:32.000
17503,2503,63.00,78.00,5.00,63.00,78.00,78.00,HIGH,,,,,2026-03-24,2027-01-24,365,true,2024-05-28 22:59:40.000,2026-06-24 16:17:32.000
17510,2510,70.00,85.00,3.00,70.00,85.00,85.00,HIGH,,,,,2026-02-24,2027-02-24,365,true,2007-03-29 12:15:35.000,2026-06-24 16:17:32.000
17515,2515,75.00,90.00,3.00,75.00,90.00,90.00,HIGH,,,,,2026-01-24,2027-03-24,365,true,2020-07-17 10:20:21.000,2026-06-24 16:17:32.000
17525,2525,85.00,60.00,4.00,85.00,60.00,70.00,HIGH,,,,,2026-06-24,2027-01-24,365,true,2026-03-22 13:48:42.000,2026-06-24 16:17:32.000
17536,2536,61.00,71.00,4.00,61.00,71.00,81.00,HIGH,,,,,2026-03-24,2027-03-24,365,true,2023-04-14 01:30:31.000,2026-06-24 16:17:32.000
17541,2541,66.00,76.00,3.00,66.00,76.00,86.00,HIGH,,,,,2026-04-24,2026-12-24,365,true,2021-11-25 16:49:13.000,2026-06-24 16:17:32.000
17564,2564,89.00,59.00,4.00,89.00,59.00,79.00,HIGH,,,,,2026-02-24,2027-04-24,365,true,1995-08-17 02:03:00.000,2026-06-24 16:17:32.000
17573,2573,63.00,68.00,2.00,63.00,68.00,88.00,HIGH,,,,,2026-02-24,2026-12-24,365,true,2001-10-31 15:45:51.000,2026-06-24 16:17:32.000
17583,2583,73.00,78.00,5.00,73.00,78.00,68.00,HIGH,,,,,2026-04-24,2027-02-24,365,true,2025-05-25 12:38:32.000,2026-06-24 16:17:32.000
17585,2585,75.00,80.00,2.00,75.00,80.00,70.00,HIGH,,,,,2026-04-24,2027-05-24,365,true,2022-01-06 11:00:58.000,2026-06-24 16:17:32.000
17604,2604,94.00,59.00,4.00,94.00,59.00,89.00,HIGH,,,,,2026-03-24,2027-05-24,365,true,2014-12-16 08:33:41.000,2026-06-24 16:17:32.000
17610,2610,65.00,65.00,2.00,65.00,65.00,65.00,HIGH,,,,,2026-02-24,2026-12-24,365,true,2011-04-03 10:17:10.000,2026-06-24 16:17:32.000
17625,2625,80.00,80.00,3.00,80.00,80.00,80.00,HIGH,,,,,2026-05-24,2027-02-24,365,true,2024-02-02 15:00:39.000,2026-06-24 16:17:32.000
17626,2626,81.00,81.00,3.00,81.00,81.00,81.00,HIGH,,,,,2026-06-24,2027-03-24,365,true,2019-05-09 23:08:29.000,2026-06-24 16:17:32.000
17633,2633,88.00,88.00,4.00,88.00,88.00,88.00,HIGH,,,,,2026-06-24,2027-02-24,365,true,2020-08-08 01:20:47.000,2026-06-24 16:17:32.000
17654,2654,74.00,69.00,3.00,74.00,69.00,79.00,HIGH,,,,,2026-05-24,2026-12-24,365,true,2011-11-20 04:57:59.000,2026-06-24 16:17:32.000
17655,2655,75.00,70.00,5.00,75.00,70.00,80.00,HIGH,,,,,2026-03-24,2027-05-24,365,true,2006-03-09 17:20:41.000,2026-06-24 16:17:32.000
17662,2662,82.00,77.00,4.00,82.00,77.00,87.00,HIGH,,,,,2026-02-24,2027-05-24,365,true,2015-10-10 07:45:43.000,2026-06-24 16:17:32.000
17664,2664,84.00,79.00,4.00,84.00,79.00,89.00,HIGH,,,,,2026-02-24,2026-12-24,365,true,2025-08-08 21:35:00.000,2026-06-24 16:17:32.000
17665,2665,85.00,80.00,3.00,85.00,80.00,90.00,HIGH,,,,,2026-06-24,2027-05-24,365,true,2021-12-10 01:58:16.000,2026-06-24 16:17:32.000
17673,2673,93.00,88.00,2.00,93.00,88.00,68.00,HIGH,,,,,2026-01-24,2027-01-24,365,true,2022-08-17 02:21:53.000,2026-06-24 16:17:32.000
17691,2691,76.00,66.00,2.00,76.00,66.00,86.00,HIGH,,,,,2026-02-24,2027-01-24,365,true,2025-07-26 18:48:39.000,2026-06-24 16:17:32.000
17693,2693,78.00,68.00,5.00,78.00,68.00,88.00,HIGH,,,,,2026-05-24,2027-05-24,365,true,2016-08-10 15:25:36.000,2026-06-24 16:17:32.000
17694,2694,79.00,69.00,4.00,79.00,69.00,89.00,HIGH,,,,,2026-04-24,2027-01-24,365,true,1993-04-07 11:32:40.000,2026-06-24 16:17:32.000
17705,2705,90.00,80.00,5.00,90.00,80.00,70.00,HIGH,,,,,2026-02-24,2027-02-24,365,true,2015-12-13 10:38:44.000,2026-06-24 16:17:32.000
17745,2745,60.00,80.00,2.00,60.00,80.00,80.00,HIGH,,,,,2026-01-24,2027-04-24,365,true,2019-06-03 10:47:36.000,2026-06-24 16:17:32.000
17751,2751,66.00,86.00,4.00,66.00,86.00,86.00,HIGH,,,,,2026-01-24,2026-12-24,365,true,2018-02-20 01:01:05.000,2026-06-24 16:17:32.000
17752,2752,67.00,87.00,5.00,67.00,87.00,87.00,HIGH,,,,,2026-03-24,2027-03-24,365,true,2025-07-11 07:01:32.000,2026-06-24 16:17:32.000
17764,2764,79.00,59.00,4.00,79.00,59.00,69.00,HIGH,,,,,2026-04-24,2026-12-24,365,true,2024-07-24 01:52:25.000,2026-06-24 16:17:32.000
17771,2771,86.00,66.00,5.00,86.00,66.00,76.00,HIGH,,,,,2026-02-24,2026-12-24,365,true,2009-10-08 02:54:12.000,2026-06-24 16:17:32.000
17772,2772,87.00,67.00,2.00,87.00,67.00,77.00,HIGH,,,,,2026-01-24,2027-03-24,365,true,2024-12-20 23:51:27.000,2026-06-24 16:17:32.000
17801,2801,81.00,56.00,3.00,81.00,56.00,76.00,HIGH,,,,,2026-05-24,2027-03-24,365,true,2016-07-19 03:58:34.000,2026-06-24 16:17:32.000
17817,2817,62.00,72.00,3.00,62.00,72.00,92.00,HIGH,,,,,2026-05-24,2027-02-24,365,true,2017-10-25 00:00:46.000,2026-06-24 16:17:32.000
17831,2831,76.00,86.00,3.00,76.00,86.00,76.00,HIGH,,,,,2026-04-24,2027-05-24,365,true,2024-07-20 04:01:27.000,2026-06-24 16:17:32.000
17860,2860,70.00,75.00,3.00,70.00,75.00,75.00,HIGH,,,,,2026-05-24,2027-03-24,365,true,2008-02-06 21:20:59.000,2026-06-24 16:17:32.000
17873,2873,83.00,88.00,4.00,83.00,88.00,88.00,HIGH,,,,,2026-05-24,2026-12-24,365,true,2023-08-18 21:56:45.000,2026-06-24 16:17:32.000
17876,2876,86.00,91.00,2.00,86.00,91.00,91.00,HIGH,,,,,2026-05-24,2026-12-24,365,true,2019-09-06 00:21:23.000,2026-06-24 16:17:32.000
17916,2916,91.00,91.00,5.00,91.00,91.00,71.00,HIGH,,,,,2026-01-24,2027-02-24,365,true,2021-12-21 19:04:31.000,2026-06-24 16:17:32.000
17932,2932,72.00,67.00,4.00,72.00,67.00,87.00,HIGH,,,,,2026-01-24,2027-04-24,365,true,2021-08-21 17:07:03.000,2026-06-24 16:17:32.000
17936,2936,76.00,71.00,2.00,76.00,71.00,91.00,HIGH,,,,,2026-05-24,2027-01-24,365,true,2024-04-20 20:08:42.000,2026-06-24 16:17:32.000
17946,2946,86.00,81.00,4.00,86.00,81.00,71.00,HIGH,,,,,2026-01-24,2027-03-24,365,true,2024-04-09 11:59:54.000,2026-06-24 16:17:32.000
17952,2952,92.00,87.00,5.00,92.00,87.00,77.00,HIGH,,,,,2026-04-24,2027-04-24,365,true,2020-08-04 14:43:53.000,2026-06-24 16:17:32.000
17955,2955,60.00,90.00,5.00,60.00,90.00,80.00,HIGH,,,,,2026-03-24,2026-12-24,365,true,2012-09-24 16:35:24.000,2026-06-24 16:17:32.000
17965,2965,70.00,60.00,5.00,70.00,60.00,90.00,HIGH,,,,,2026-02-24,2027-02-24,365,true,2008-10-30 22:58:26.000,2026-06-24 16:17:32.000
17966,2966,71.00,61.00,4.00,71.00,61.00,91.00,HIGH,,,,,2026-01-24,2027-04-24,365,true,2019-09-27 16:09:00.000,2026-06-24 16:17:32.000
17981,2981,86.00,76.00,3.00,86.00,76.00,76.00,HIGH,,,,,2026-06-24,2027-01-24,365,true,2014-06-11 20:37:14.000,2026-06-24 16:17:32.000
17984,2984,89.00,79.00,3.00,89.00,79.00,79.00,HIGH,,,,,2026-04-24,2026-12-24,365,true,2024-02-15 16:58:54.000,2026-06-24 16:17:32.000
18007,3007,77.00,62.00,5.00,77.00,62.00,72.00,HIGH,,,,,2026-06-24,2027-01-24,365,true,2020-04-28 05:47:02.000,2026-06-24 16:17:32.000
18064,3064,64.00,79.00,4.00,64.00,79.00,69.00,HIGH,,,,,2026-05-24,2027-04-24,365,true,2023-07-23 07:26:09.000,2026-06-24 16:17:32.000
18072,3072,72.00,87.00,5.00,72.00,87.00,77.00,HIGH,,,,,2026-05-24,2027-02-24,365,true,2009-08-05 22:01:05.000,2026-06-24 16:17:32.000
18101,3101,66.00,76.00,2.00,66.00,76.00,76.00,HIGH,,,,,2026-02-24,2027-04-24,365,true,2020-05-26 17:02:01.000,2026-06-24 16:17:32.000
18107,3107,72.00,82.00,2.00,72.00,82.00,82.00,HIGH,,,,,2026-01-24,2027-04-24,365,true,2025-07-26 23:25:16.000,2026-06-24 16:17:32.000
18112,3112,77.00,87.00,3.00,77.00,87.00,87.00,HIGH,,,,,2026-05-24,2027-01-24,365,true,2020-02-08 02:11:45.000,2026-06-24 16:17:32.000
18125,3125,90.00,60.00,2.00,90.00,60.00,70.00,HIGH,,,,,2026-06-24,2026-12-24,365,true,2007-03-30 08:41:56.000,2026-06-24 16:17:32.000
18135,3135,65.00,70.00,2.00,65.00,70.00,80.00,HIGH,,,,,2026-04-24,2027-02-24,365,true,2025-12-25 03:59:06.000,2026-06-24 16:17:32.000
18165,3165,60.00,60.00,5.00,60.00,60.00,80.00,HIGH,,,,,2026-03-24,2027-04-24,365,true,2022-11-14 01:25:40.000,2026-06-24 16:17:32.000
18197,3197,92.00,92.00,4.00,92.00,92.00,82.00,HIGH,,,,,2026-03-24,2027-05-24,365,true,2026-02-16 16:23:10.000,2026-06-24 16:17:32.000
18202,3202,62.00,57.00,4.00,62.00,57.00,87.00,HIGH,,,,,2026-02-24,2027-02-24,365,true,2019-12-04 07:50:24.000,2026-06-24 16:17:32.000
18214,3214,74.00,69.00,2.00,74.00,69.00,69.00,HIGH,,,,,2026-04-24,2027-03-24,365,true,2018-01-22 19:09:10.000,2026-06-24 16:17:32.000
18215,3215,75.00,70.00,4.00,75.00,70.00,70.00,HIGH,,,,,2026-04-24,2027-02-24,365,true,2019-08-26 07:40:22.000,2026-06-24 16:17:32.000
18266,3266,91.00,81.00,3.00,91.00,81.00,91.00,HIGH,,,,,2026-02-24,2027-02-24,365,true,2013-03-27 20:56:38.000,2026-06-24 16:17:32.000
18271,3271,61.00,86.00,4.00,61.00,86.00,66.00,HIGH,,,,,2026-02-24,2027-02-24,365,true,2025-07-29 23:54:24.000,2026-06-24 16:17:32.000
18282,3282,72.00,57.00,2.00,72.00,57.00,77.00,HIGH,,,,,2026-01-24,2026-12-24,365,true,2024-08-04 22:34:07.000,2026-06-24 16:17:32.000
18287,3287,77.00,62.00,2.00,77.00,62.00,82.00,HIGH,,,,,2026-03-24,2027-03-24,365,true,2021-09-20 12:30:39.000,2026-06-24 16:17:32.000
18293,3293,83.00,68.00,2.00,83.00,68.00,88.00,HIGH,,,,,2026-03-24,2026-12-24,365,true,2025-10-25 20:48:33.000,2026-06-24 16:17:32.000
18297,3297,87.00,72.00,2.00,87.00,72.00,92.00,HIGH,,,,,2026-01-24,2026-12-24,365,true,2013-12-08 18:13:34.000,2026-06-24 16:17:32.000
18302,3302,92.00,77.00,2.00,92.00,77.00,67.00,HIGH,,,,,2026-06-24,2027-03-24,365,true,2016-12-18 10:45:25.000,2026-06-24 16:17:32.000
18326,3326,81.00,61.00,5.00,81.00,61.00,91.00,HIGH,,,,,2026-06-24,2027-01-24,365,true,2021-01-15 21:55:23.000,2026-06-24 16:17:32.000
18344,3344,64.00,79.00,3.00,64.00,79.00,79.00,HIGH,,,,,2026-06-24,2027-03-24,365,true,2013-10-05 05:19:21.000,2026-06-24 16:17:32.000
18352,3352,72.00,87.00,3.00,72.00,87.00,87.00,HIGH,,,,,2026-01-24,2027-03-24,365,true,2020-09-29 23:13:16.000,2026-06-24 16:17:32.000
18383,3383,68.00,78.00,5.00,68.00,78.00,88.00,HIGH,,,,,2026-02-24,2027-03-24,365,true,2016-12-12 17:21:20.000,2026-06-24 16:17:32.000
18433,3433,83.00,88.00,4.00,83.00,88.00,78.00,HIGH,,,,,2026-06-24,2027-05-24,365,true,2022-05-04 03:03:26.000,2026-06-24 16:17:32.000
18434,3434,84.00,89.00,2.00,84.00,89.00,79.00,HIGH,,,,,2026-02-24,2027-02-24,365,true,2025-06-25 11:25:56.000,2026-06-24 16:17:32.000
18443,3443,93.00,58.00,3.00,93.00,58.00,88.00,HIGH,,,,,2026-05-24,2027-04-24,365,true,2007-07-30 00:49:54.000,2026-06-24 16:17:32.000
18447,3447,62.00,62.00,3.00,62.00,62.00,92.00,HIGH,,,,,2026-06-24,2027-05-24,365,true,2011-02-16 22:57:49.000,2026-06-24 16:17:32.000
18450,3450,65.00,65.00,5.00,65.00,65.00,65.00,HIGH,,,,,2026-06-24,2027-04-24,365,true,2026-03-11 02:08:46.000,2026-06-24 16:17:32.000
18452,3452,67.00,67.00,5.00,67.00,67.00,67.00,HIGH,,,,,2026-04-24,2026-12-24,365,true,2022-04-02 06:00:17.000,2026-06-24 16:17:32.000
18472,3472,87.00,87.00,2.00,87.00,87.00,87.00,HIGH,,,,,2026-04-24,2027-05-24,365,true,2025-04-10 18:42:22.000,2026-06-24 16:17:32.000
18475,3475,90.00,90.00,4.00,90.00,90.00,90.00,HIGH,,,,,2026-03-24,2027-04-24,365,true,2014-05-04 11:06:06.000,2026-06-24 16:17:32.000
18494,3494,74.00,69.00,3.00,74.00,69.00,79.00,HIGH,,,,,2026-04-24,2027-03-24,365,true,2025-12-21 10:18:26.000,2026-06-24 16:17:32.000
18497,3497,77.00,72.00,3.00,77.00,72.00,82.00,HIGH,,,,,2026-05-24,2027-01-24,365,true,2016-08-07 21:30:39.000,2026-06-24 16:17:32.000
18511,3511,91.00,86.00,2.00,91.00,86.00,66.00,HIGH,,,,,2026-05-24,2027-02-24,365,true,2016-12-13 18:10:03.000,2026-06-24 16:17:32.000
18517,3517,62.00,92.00,5.00,62.00,92.00,72.00,HIGH,,,,,2026-01-24,2027-05-24,365,true,2018-02-15 22:13:00.000,2026-06-24 16:17:32.000
18520,3520,65.00,55.00,3.00,65.00,55.00,75.00,HIGH,,,,,2026-01-24,2027-04-24,365,true,2022-03-24 12:34:00.000,2026-06-24 16:17:32.000
18537,3537,82.00,72.00,3.00,82.00,72.00,92.00,HIGH,,,,,2026-05-24,2027-02-24,365,true,2024-10-26 12:20:20.000,2026-06-24 16:17:32.000
18563,3563,73.00,58.00,4.00,73.00,58.00,88.00,HIGH,,,,,2026-06-24,2027-02-24,365,true,2019-03-21 11:34:06.000,2026-06-24 16:17:32.000
18600,3600,75.00,55.00,5.00,75.00,55.00,65.00,HIGH,,,,,2026-06-24,2027-05-24,365,true,2009-08-15 19:10:07.000,2026-06-24 16:17:32.000
18603,3603,78.00,58.00,2.00,78.00,58.00,68.00,HIGH,,,,,2026-03-24,2027-05-24,365,true,2026-04-15 08:34:39.000,2026-06-24 16:17:32.000
18651,3651,91.00,66.00,5.00,91.00,66.00,86.00,HIGH,,,,,2026-01-24,2027-05-24,365,true,2020-11-07 03:25:10.000,2026-06-24 16:17:32.000
18656,3656,61.00,71.00,3.00,61.00,71.00,91.00,HIGH,,,,,2026-06-24,2027-02-24,365,true,2019-04-15 19:44:41.000,2026-06-24 16:17:32.000
18666,3666,71.00,81.00,3.00,71.00,81.00,71.00,HIGH,,,,,2026-06-24,2027-01-24,365,true,2019-09-03 02:17:21.000,2026-06-24 16:17:32.000
18704,3704,74.00,79.00,3.00,74.00,79.00,79.00,HIGH,,,,,2026-06-24,2027-02-24,365,true,2026-06-05 17:22:13.000,2026-06-24 16:17:32.000
18741,3741,76.00,76.00,2.00,76.00,76.00,86.00,HIGH,,,,,2026-05-24,2027-01-24,365,true,1996-02-03 17:49:51.000,2026-06-24 16:17:32.000
18743,3743,78.00,78.00,4.00,78.00,78.00,88.00,HIGH,,,,,2026-04-24,2027-04-24,365,true,2024-09-09 00:17:07.000,2026-06-24 16:17:32.000
18783,3783,83.00,78.00,4.00,83.00,78.00,68.00,HIGH,,,,,2026-02-24,2026-12-24,365,true,2017-03-03 15:26:13.000,2026-06-24 16:17:32.000
18784,3784,84.00,79.00,5.00,84.00,79.00,69.00,HIGH,,,,,2026-02-24,2026-12-24,365,true,2024-01-20 16:58:33.000,2026-06-24 16:17:32.000
18791,3791,91.00,86.00,2.00,91.00,86.00,76.00,HIGH,,,,,2026-06-24,2026-12-24,365,true,2010-11-01 09:55:13.000,2026-06-24 16:17:32.000
18795,3795,60.00,90.00,5.00,60.00,90.00,80.00,HIGH,,,,,2026-06-24,2027-03-24,365,true,2023-12-23 19:28:20.000,2026-06-24 16:17:32.000
18796,3796,61.00,91.00,2.00,61.00,91.00,81.00,HIGH,,,,,2026-02-24,2026-12-24,365,true,1992-05-31 15:40:12.000,2026-06-24 16:17:32.000
18802,3802,67.00,57.00,5.00,67.00,57.00,87.00,HIGH,,,,,2026-04-24,2027-01-24,365,true,2020-01-14 18:34:29.000,2026-06-24 16:17:32.000
18812,3812,77.00,67.00,2.00,77.00,67.00,67.00,HIGH,,,,,2026-01-24,2027-05-24,365,true,2024-02-01 09:08:46.000,2026-06-24 16:17:32.000
18833,3833,63.00,88.00,3.00,63.00,88.00,88.00,HIGH,,,,,2026-04-24,2026-12-24,365,true,2022-11-12 03:50:37.000,2026-06-24 16:17:32.000
18847,3847,77.00,62.00,4.00,77.00,62.00,72.00,HIGH,,,,,2026-02-24,2027-05-24,365,true,2024-08-08 20:56:57.000,2026-06-24 16:17:32.000
18860,3860,90.00,75.00,5.00,90.00,75.00,85.00,HIGH,,,,,2026-01-24,2027-05-24,365,true,2015-06-16 04:56:15.000,2026-06-24 16:17:32.000
18866,3866,61.00,81.00,2.00,61.00,81.00,91.00,HIGH,,,,,2026-01-24,2027-03-24,365,true,2025-07-31 18:48:39.000,2026-06-24 16:17:32.000
18895,3895,90.00,70.00,2.00,90.00,70.00,90.00,HIGH,,,,,2026-06-24,2027-03-24,365,true,2014-05-31 14:04:50.000,2026-06-24 16:17:32.000
18914,3914,74.00,89.00,5.00,74.00,89.00,79.00,HIGH,,,,,2026-02-24,2027-01-24,365,true,2025-01-02 00:13:28.000,2026-06-24 16:17:32.000
18926,3926,86.00,61.00,3.00,86.00,61.00,91.00,HIGH,,,,,2026-05-24,2027-03-24,365,true,2026-06-06 01:58:57.000,2026-06-24 16:17:32.000
18932,3932,92.00,67.00,2.00,92.00,67.00,67.00,HIGH,,,,,2026-04-24,2027-02-24,365,true,2025-07-09 04:22:02.000,2026-06-24 16:17:32.000
18960,3960,85.00,55.00,3.00,85.00,55.00,65.00,HIGH,,,,,2026-02-24,2027-05-24,365,true,2021-10-14 14:05:32.000,2026-06-24 16:17:32.000
18963,3963,88.00,58.00,4.00,88.00,58.00,68.00,HIGH,,,,,2026-01-24,2027-05-24,365,true,2015-10-25 23:32:16.000,2026-06-24 16:17:32.000
18990,3990,80.00,85.00,4.00,80.00,85.00,65.00,HIGH,,,,,2026-01-24,2027-01-24,365,true,2022-10-07 05:03:37.000,2026-06-24 16:17:32.000
18997,3997,87.00,92.00,2.00,87.00,92.00,72.00,HIGH,,,,,2026-02-24,2027-02-24,365,true,2020-06-06 23:07:45.000,2026-06-24 16:17:32.000
19002,4002,92.00,57.00,2.00,92.00,57.00,77.00,HIGH,,,,,2026-03-24,2026-12-24,365,true,2022-05-09 07:37:56.000,2026-06-24 16:17:32.000
19003,4003,93.00,58.00,4.00,93.00,58.00,78.00,HIGH,,,,,2026-01-24,2027-01-24,365,true,2020-02-29 23:33:19.000,2026-06-24 16:17:32.000
19014,4014,69.00,69.00,3.00,69.00,69.00,89.00,HIGH,,,,,2026-04-24,2027-04-24,365,true,2005-01-21 22:06:17.000,2026-06-24 16:17:32.000
19016,4016,71.00,71.00,3.00,71.00,71.00,91.00,HIGH,,,,,2026-06-24,2027-04-24,365,true,2025-03-30 17:40:29.000,2026-06-24 16:17:32.000
19052,4052,72.00,67.00,2.00,72.00,67.00,67.00,HIGH,,,,,2026-01-24,2027-05-24,365,true,2020-04-12 18:05:37.000,2026-06-24 16:17:32.000
19070,4070,90.00,85.00,3.00,90.00,85.00,85.00,HIGH,,,,,2026-06-24,2027-01-24,365,true,2001-07-22 17:02:44.000,2026-06-24 16:17:32.000
19094,4094,79.00,69.00,3.00,79.00,69.00,79.00,HIGH,,,,,2026-03-24,2027-04-24,365,true,2025-03-03 00:12:29.000,2026-06-24 16:17:32.000
19096,4096,81.00,71.00,5.00,81.00,71.00,81.00,HIGH,,,,,2026-04-24,2026-12-24,365,true,2022-12-28 23:42:36.000,2026-06-24 16:17:32.000
19105,4105,90.00,80.00,2.00,90.00,80.00,90.00,HIGH,,,,,2026-03-24,2027-01-24,365,true,2007-02-06 07:18:33.000,2026-06-24 16:17:32.000
19107,4107,92.00,82.00,2.00,92.00,82.00,92.00,HIGH,,,,,2026-05-24,2027-04-24,365,true,2025-05-26 18:30:10.000,2026-06-24 16:17:32.000
19125,4125,75.00,60.00,5.00,75.00,60.00,80.00,HIGH,,,,,2026-03-24,2026-12-24,365,true,2005-12-22 00:40:10.000,2026-06-24 16:17:32.000
19134,4134,84.00,69.00,5.00,84.00,69.00,89.00,HIGH,,,,,2026-03-24,2027-01-24,365,true,2009-01-19 14:46:01.000,2026-06-24 16:17:32.000
19142,4142,92.00,77.00,3.00,92.00,77.00,67.00,HIGH,,,,,2026-02-24,2027-04-24,365,true,2010-02-19 23:23:14.000,2026-06-24 16:17:32.000
19155,4155,70.00,90.00,2.00,70.00,90.00,80.00,HIGH,,,,,2026-04-24,2027-02-24,365,true,2018-05-08 22:41:06.000,2026-06-24 16:17:32.000
19171,4171,86.00,66.00,5.00,86.00,66.00,66.00,HIGH,,,,,2026-01-24,2027-03-24,365,true,2026-03-19 03:18:18.000,2026-06-24 16:17:32.000
19186,4186,66.00,81.00,4.00,66.00,81.00,81.00,HIGH,,,,,2026-02-24,2027-02-24,365,true,1995-12-30 07:45:09.000,2026-06-24 16:17:32.000
19187,4187,67.00,82.00,4.00,67.00,82.00,82.00,HIGH,,,,,2026-04-24,2027-02-24,365,true,2008-07-15 16:49:08.000,2026-06-24 16:17:32.000
19232,4232,77.00,87.00,4.00,77.00,87.00,67.00,HIGH,,,,,2026-01-24,2027-05-24,365,true,2019-05-04 17:08:55.000,2026-06-24 16:17:32.000
19236,4236,81.00,91.00,4.00,81.00,91.00,71.00,HIGH,,,,,2026-03-24,2027-01-24,365,true,2020-05-30 10:34:54.000,2026-06-24 16:17:32.000
19244,4244,89.00,59.00,2.00,89.00,59.00,79.00,HIGH,,,,,2026-04-24,2027-03-24,365,true,2020-11-01 01:08:38.000,2026-06-24 16:17:32.000
19261,4261,71.00,76.00,2.00,71.00,76.00,66.00,HIGH,,,,,2026-03-24,2027-04-24,365,true,2022-05-26 11:11:47.000,2026-06-24 16:17:32.000
19270,4270,80.00,85.00,4.00,80.00,85.00,75.00,HIGH,,,,,2026-03-24,2027-05-24,365,true,2012-10-02 13:20:55.000,2026-06-24 16:17:32.000
19285,4285,60.00,60.00,3.00,60.00,60.00,90.00,HIGH,,,,,2026-06-24,2027-03-24,365,true,2022-01-25 10:33:49.000,2026-06-24 16:17:32.000
19290,4290,65.00,65.00,2.00,65.00,65.00,65.00,HIGH,,,,,2026-02-24,2027-04-24,365,true,2015-05-06 16:45:22.000,2026-06-24 16:17:32.000
19294,4294,69.00,69.00,4.00,69.00,69.00,69.00,HIGH,,,,,2026-03-24,2027-05-24,365,true,2010-09-09 12:44:58.000,2026-06-24 16:17:32.000
19296,4296,71.00,71.00,5.00,71.00,71.00,71.00,HIGH,,,,,2026-03-24,2027-05-24,365,true,2014-02-13 01:07:44.000,2026-06-24 16:17:32.000
19297,4297,72.00,72.00,3.00,72.00,72.00,72.00,HIGH,,,,,2026-03-24,2026-12-24,365,true,2013-06-25 00:41:00.000,2026-06-24 16:17:32.000
19307,4307,82.00,82.00,3.00,82.00,82.00,82.00,HIGH,,,,,2026-04-24,2027-03-24,365,true,2022-01-01 09:08:20.000,2026-06-24 16:17:32.000
19312,4312,87.00,87.00,2.00,87.00,87.00,87.00,HIGH,,,,,2026-01-24,2027-04-24,365,true,1998-05-20 16:17:47.000,2026-06-24 16:17:32.000
19313,4313,88.00,88.00,2.00,88.00,88.00,88.00,HIGH,,,,,2026-02-24,2027-03-24,365,true,2022-01-17 04:46:34.000,2026-06-24 16:17:32.000
19335,4335,75.00,70.00,3.00,75.00,70.00,80.00,HIGH,,,,,2026-01-24,2027-02-24,365,true,2022-01-11 02:52:40.000,2026-06-24 16:17:32.000
19337,4337,77.00,72.00,2.00,77.00,72.00,82.00,HIGH,,,,,2026-01-24,2027-04-24,365,true,2009-02-15 05:44:13.000,2026-06-24 16:17:32.000
19350,4350,90.00,85.00,5.00,90.00,85.00,65.00,HIGH,,,,,2026-03-24,2027-01-24,365,true,2022-04-08 18:19:19.000,2026-06-24 16:17:32.000
19362,4362,67.00,57.00,3.00,67.00,57.00,77.00,HIGH,,,,,2026-04-24,2026-12-24,365,true,2017-08-27 10:54:13.000,2026-06-24 16:17:32.000
19372,4372,77.00,67.00,4.00,77.00,67.00,87.00,HIGH,,,,,2026-04-24,2027-01-24,365,true,2001-10-25 13:32:14.000,2026-06-24 16:17:32.000
19374,4374,79.00,69.00,2.00,79.00,69.00,89.00,HIGH,,,,,2026-06-24,2027-04-24,365,true,2010-03-14 16:52:34.000,2026-06-24 16:17:32.000
19413,4413,83.00,68.00,3.00,83.00,68.00,68.00,HIGH,,,,,2026-03-24,2027-03-24,365,true,2015-10-13 23:32:59.000,2026-06-24 16:17:32.000
19424,4424,94.00,79.00,4.00,94.00,79.00,79.00,HIGH,,,,,2026-02-24,2027-03-24,365,true,2017-12-24 01:37:28.000,2026-06-24 16:17:32.000
19442,4442,77.00,57.00,4.00,77.00,57.00,67.00,HIGH,,,,,2026-02-24,2027-03-24,365,true,2024-12-02 12:13:48.000,2026-06-24 16:17:32.000
19454,4454,89.00,69.00,4.00,89.00,69.00,79.00,HIGH,,,,,2026-04-24,2027-01-24,365,true,2026-05-09 12:17:37.000,2026-06-24 16:17:32.000
19457,4457,92.00,72.00,2.00,92.00,72.00,82.00,HIGH,,,,,2026-01-24,2027-01-24,365,true,2022-08-22 07:28:55.000,2026-06-24 16:17:32.000
19462,4462,62.00,77.00,3.00,62.00,77.00,87.00,HIGH,,,,,2026-02-24,2027-03-24,365,true,2024-06-16 00:58:08.000,2026-06-24 16:17:32.000
19473,4473,73.00,88.00,5.00,73.00,88.00,68.00,HIGH,,,,,2026-01-24,2027-05-24,365,true,2020-09-20 19:57:47.000,2026-06-24 16:17:32.000
19481,4481,81.00,56.00,3.00,81.00,56.00,76.00,HIGH,,,,,2026-05-24,2027-05-24,365,true,2013-11-16 05:18:37.000,2026-06-24 16:17:32.000
19482,4482,82.00,57.00,2.00,82.00,57.00,77.00,HIGH,,,,,2026-03-24,2027-05-24,365,true,2018-01-09 13:13:06.000,2026-06-24 16:17:32.000
19485,4485,85.00,60.00,2.00,85.00,60.00,80.00,HIGH,,,,,2026-06-24,2027-03-24,365,true,2023-12-21 14:36:41.000,2026-06-24 16:17:32.000
19506,4506,71.00,81.00,2.00,71.00,81.00,71.00,HIGH,,,,,2026-04-24,2027-02-24,365,true,2023-02-05 17:06:29.000,2026-06-24 16:17:32.000
19515,4515,80.00,90.00,4.00,80.00,90.00,80.00,HIGH,,,,,2026-02-24,2027-04-24,365,true,2023-09-30 02:37:53.000,2026-06-24 16:17:32.000
19527,4527,92.00,62.00,2.00,92.00,62.00,92.00,HIGH,,,,,2026-04-24,2027-05-24,365,true,2012-09-26 00:29:21.000,2026-06-24 16:17:32.000
19531,4531,61.00,66.00,3.00,61.00,66.00,66.00,HIGH,,,,,2026-01-24,2027-04-24,365,true,2021-08-25 07:27:19.000,2026-06-24 16:17:32.000
19536,4536,66.00,71.00,2.00,66.00,71.00,71.00,HIGH,,,,,2026-03-24,2027-01-24,365,true,2020-09-19 05:00:43.000,2026-06-24 16:17:32.000
19552,4552,82.00,87.00,3.00,82.00,87.00,87.00,HIGH,,,,,2026-06-24,2027-03-24,365,true,2023-12-26 01:13:45.000,2026-06-24 16:17:32.000
19554,4554,84.00,89.00,2.00,84.00,89.00,89.00,HIGH,,,,,2026-01-24,2027-05-24,365,true,2020-12-24 02:21:58.000,2026-06-24 16:17:32.000
19582,4582,77.00,77.00,3.00,77.00,77.00,87.00,HIGH,,,,,2026-05-24,2027-05-24,365,true,2016-08-30 21:51:32.000,2026-06-24 16:17:32.000
19583,4583,78.00,78.00,3.00,78.00,78.00,88.00,HIGH,,,,,2026-03-24,2026-12-24,365,true,2023-01-25 16:28:38.000,2026-06-24 16:17:32.000
19601,4601,61.00,56.00,3.00,61.00,56.00,76.00,HIGH,,,,,2026-03-24,2027-03-24,365,true,2015-07-17 21:12:47.000,2026-06-24 16:17:32.000
19610,4610,70.00,65.00,3.00,70.00,65.00,85.00,HIGH,,,,,2026-04-24,2027-02-24,365,true,2019-11-12 07:59:47.000,2026-06-24 16:17:32.000
19625,4625,85.00,80.00,4.00,85.00,80.00,70.00,HIGH,,,,,2026-03-24,2027-01-24,365,true,2010-12-18 22:22:29.000,2026-06-24 16:17:32.000
19627,4627,87.00,82.00,3.00,87.00,82.00,72.00,HIGH,,,,,2026-01-24,2026-12-24,365,true,2008-08-30 04:30:12.000,2026-06-24 16:17:32.000
19663,4663,88.00,78.00,2.00,88.00,78.00,78.00,HIGH,,,,,2026-05-24,2027-02-24,365,true,2002-08-17 05:36:12.000,2026-06-24 16:17:32.000
19692,4692,82.00,67.00,4.00,82.00,67.00,77.00,HIGH,,,,,2026-01-24,2027-03-24,365,true,2016-12-15 08:20:40.000,2026-06-24 16:17:32.000
19694,4694,84.00,69.00,5.00,84.00,69.00,79.00,HIGH,,,,,2026-02-24,2026-12-24,365,true,2008-05-23 12:20:39.000,2026-06-24 16:17:32.000
19702,4702,92.00,77.00,3.00,92.00,77.00,87.00,HIGH,,,,,2026-02-24,2026-12-24,365,true,1999-02-15 14:31:11.000,2026-06-24 16:17:32.000
19713,4713,68.00,88.00,5.00,68.00,88.00,68.00,HIGH,,,,,2026-02-24,2027-04-24,365,true,2018-04-23 17:22:52.000,2026-06-24 16:17:32.000
19732,4732,87.00,67.00,4.00,87.00,67.00,87.00,HIGH,,,,,2026-05-24,2027-03-24,365,true,2022-01-24 21:43:13.000,2026-06-24 16:17:32.000
19736,4736,91.00,71.00,4.00,91.00,71.00,91.00,HIGH,,,,,2026-01-24,2027-04-24,365,true,2020-08-05 15:35:23.000,2026-06-24 16:17:32.000
19754,4754,74.00,89.00,4.00,74.00,89.00,79.00,HIGH,,,,,2026-03-24,2027-01-24,365,true,2026-06-15 05:27:12.000,2026-06-24 16:17:32.000
19773,4773,93.00,68.00,2.00,93.00,68.00,68.00,HIGH,,,,,2026-02-24,2027-03-24,365,true,2015-08-29 15:57:23.000,2026-06-24 16:17:32.000
19775,4775,60.00,70.00,5.00,60.00,70.00,70.00,HIGH,,,,,2026-03-24,2027-04-24,365,true,2003-03-13 12:44:05.000,2026-06-24 16:17:32.000
19785,4785,70.00,80.00,3.00,70.00,80.00,80.00,HIGH,,,,,2026-01-24,2027-04-24,365,true,2011-05-29 18:17:28.000,2026-06-24 16:17:32.000
19794,4794,79.00,89.00,4.00,79.00,89.00,89.00,HIGH,,,,,2026-05-24,2027-03-24,365,true,2009-09-14 00:54:35.000,2026-06-24 16:17:32.000
19795,4795,80.00,90.00,4.00,80.00,90.00,90.00,HIGH,,,,,2026-03-24,2027-02-24,365,true,2023-02-11 00:12:18.000,2026-06-24 16:17:32.000
19812,4812,62.00,67.00,3.00,62.00,67.00,77.00,HIGH,,,,,2026-02-24,2026-12-24,365,true,2025-04-07 07:55:06.000,2026-06-24 16:17:32.000
19821,4821,71.00,76.00,5.00,71.00,76.00,86.00,HIGH,,,,,2026-03-24,2027-05-24,365,true,2022-06-26 03:40:38.000,2026-06-24 16:17:32.000
19827,4827,77.00,82.00,4.00,77.00,82.00,92.00,HIGH,,,,,2026-02-24,2026-12-24,365,true,2011-04-21 20:38:46.000,2026-06-24 16:17:32.000
19831,4831,81.00,86.00,5.00,81.00,86.00,66.00,HIGH,,,,,2026-06-24,2027-04-24,365,true,2021-07-11 18:27:04.000,2026-06-24 16:17:32.000
19833,4833,83.00,88.00,4.00,83.00,88.00,68.00,HIGH,,,,,2026-05-24,2027-05-24,365,true,2025-09-22 19:38:51.000,2026-06-24 16:17:32.000
19865,4865,80.00,80.00,2.00,80.00,80.00,70.00,HIGH,,,,,2026-02-24,2027-05-24,365,true,2019-11-08 04:34:44.000,2026-06-24 16:17:32.000
19872,4872,87.00,87.00,5.00,87.00,87.00,77.00,HIGH,,,,,2026-05-24,2027-02-24,365,true,2016-10-04 00:20:18.000,2026-06-24 16:17:32.000
19890,4890,70.00,65.00,2.00,70.00,65.00,65.00,HIGH,,,,,2026-01-24,2027-01-24,365,true,2003-04-24 13:24:08.000,2026-06-24 16:17:32.000
19904,4904,84.00,79.00,3.00,84.00,79.00,79.00,HIGH,,,,,2026-03-24,2027-01-24,365,true,2020-05-21 06:25:51.000,2026-06-24 16:17:32.000
19915,4915,60.00,90.00,2.00,60.00,90.00,90.00,HIGH,,,,,2026-05-24,2027-04-24,365,true,2016-09-14 13:30:06.000,2026-06-24 16:17:32.000
19922,4922,67.00,57.00,3.00,67.00,57.00,67.00,HIGH,,,,,2026-02-24,2027-02-24,365,true,2025-07-05 16:40:22.000,2026-06-24 16:17:32.000
19932,4932,77.00,67.00,4.00,77.00,67.00,77.00,HIGH,,,,,2026-01-24,2027-02-24,365,true,1996-04-28 04:14:39.000,2026-06-24 16:17:32.000
19933,4933,78.00,68.00,4.00,78.00,68.00,78.00,HIGH,,,,,2026-02-24,2027-01-24,365,true,2023-08-05 12:17:46.000,2026-06-24 16:17:32.000
19951,4951,61.00,86.00,5.00,61.00,86.00,66.00,HIGH,,,,,2026-04-24,2027-01-24,365,true,2016-04-10 04:40:13.000,2026-06-24 16:17:32.000
19957,4957,67.00,92.00,3.00,67.00,92.00,72.00,HIGH,,,,,2026-05-24,2027-01-24,365,true,2016-09-16 21:25:59.000,2026-06-24 16:17:32.000
19964,4964,74.00,59.00,5.00,74.00,59.00,79.00,HIGH,,,,,2026-04-24,2027-02-24,365,true,2002-12-28 01:51:12.000,2026-06-24 16:17:32.000
19976,4976,86.00,71.00,4.00,86.00,71.00,91.00,HIGH,,,,,2026-01-24,2027-01-24,365,true,2007-07-31 23:36:14.000,2026-06-24 16:17:32.000
19982,4982,92.00,77.00,3.00,92.00,77.00,67.00,HIGH,,,,,2026-03-24,2027-01-24,365,true,2013-12-23 18:28:53.000,2026-06-24 16:17:32.000
15004,4,54.00,29.00,3.00,54.00,29.00,39.00,MEDIUM,,,,,2026-04-24,2027-03-24,365,true,2006-10-28 18:00:53.000,2026-06-24 16:17:32.000
15008,8,58.00,33.00,2.00,58.00,33.00,43.00,MEDIUM,,,,,2026-06-24,2027-01-24,365,true,2007-06-02 01:27:56.000,2026-06-24 16:17:32.000
15028,28,43.00,53.00,2.00,43.00,53.00,63.00,MEDIUM,,,,,2026-04-24,2027-04-24,365,true,2001-07-19 05:45:56.000,2026-06-24 16:17:32.000
15092,92,37.00,37.00,3.00,37.00,37.00,37.00,MEDIUM,,,,,2026-06-24,2027-01-24,365,true,2014-06-29 18:21:56.000,2026-06-24 16:17:32.000
15116,116,61.00,61.00,3.00,61.00,61.00,61.00,MEDIUM,,,,,2026-05-24,2027-01-24,365,true,2020-06-23 03:33:07.000,2026-06-24 16:17:32.000
15132,132,42.00,37.00,4.00,42.00,37.00,47.00,MEDIUM,,,,,2026-04-24,2027-03-24,365,true,2022-11-01 22:40:18.000,2026-06-24 16:17:32.000
15152,152,62.00,57.00,5.00,62.00,57.00,37.00,MEDIUM,,,,,2026-03-24,2027-02-24,365,true,2005-08-13 13:22:21.000,2026-06-24 16:17:32.000
15160,160,35.00,25.00,5.00,35.00,25.00,45.00,MEDIUM,,,,,2026-05-24,2026-12-24,365,true,2023-01-26 13:23:34.000,2026-06-24 16:17:32.000
15180,180,55.00,45.00,2.00,55.00,45.00,35.00,MEDIUM,,,,,2026-02-24,2027-02-24,365,true,2003-06-08 01:07:38.000,2026-06-24 16:17:32.000
15208,208,48.00,33.00,2.00,48.00,33.00,63.00,MEDIUM,,,,,2026-04-24,2027-05-24,365,true,2025-03-21 03:03:11.000,2026-06-24 16:17:32.000
15220,220,60.00,45.00,5.00,60.00,45.00,45.00,MEDIUM,,,,,2026-02-24,2027-01-24,365,true,2023-10-19 10:43:08.000,2026-06-24 16:17:32.000
15224,224,64.00,49.00,5.00,64.00,49.00,49.00,MEDIUM,,,,,2026-01-24,2027-02-24,365,true,2010-08-27 05:46:52.000,2026-06-24 16:17:32.000
15288,288,58.00,33.00,4.00,58.00,33.00,53.00,MEDIUM,,,,,2026-01-24,2027-05-24,365,true,2016-10-02 14:05:57.000,2026-06-24 16:17:32.000
15300,300,35.00,45.00,2.00,35.00,45.00,35.00,MEDIUM,,,,,2026-06-24,2027-02-24,365,true,2014-10-15 07:44:24.000,2026-06-24 16:17:32.000
15316,316,51.00,61.00,4.00,51.00,61.00,51.00,MEDIUM,,,,,2026-01-24,2027-02-24,365,true,2008-09-03 11:01:01.000,2026-06-24 16:17:32.000
15328,328,63.00,33.00,4.00,63.00,33.00,63.00,MEDIUM,,,,,2026-01-24,2027-05-24,365,true,2016-05-01 05:29:04.000,2026-06-24 16:17:32.000
15352,352,52.00,57.00,4.00,52.00,57.00,57.00,MEDIUM,,,,,2026-03-24,2027-05-24,365,true,2012-11-14 22:06:56.000,2026-06-24 16:17:32.000
15360,360,60.00,25.00,4.00,60.00,25.00,35.00,MEDIUM,,,,,2026-06-24,2026-12-24,365,true,1992-12-31 15:33:59.000,2026-06-24 16:17:32.000
15408,408,38.00,33.00,2.00,38.00,33.00,53.00,MEDIUM,,,,,2026-06-24,2027-01-24,365,true,2020-09-19 09:13:34.000,2026-06-24 16:17:32.000
15448,448,43.00,33.00,3.00,43.00,33.00,63.00,MEDIUM,,,,,2026-03-24,2027-05-24,365,true,2011-08-31 19:24:51.000,2026-06-24 16:17:32.000
15476,476,36.00,61.00,3.00,36.00,61.00,61.00,MEDIUM,,,,,2026-02-24,2027-05-24,365,true,2024-02-05 09:08:58.000,2026-06-24 16:17:32.000
15488,488,48.00,33.00,5.00,48.00,33.00,43.00,MEDIUM,,,,,2026-06-24,2027-05-24,365,true,2013-12-04 00:15:21.000,2026-06-24 16:17:32.000
15576,576,31.00,41.00,5.00,31.00,41.00,41.00,MEDIUM,,,,,2026-06-24,2027-01-24,365,true,2002-05-11 01:22:51.000,2026-06-24 16:17:32.000
15608,608,63.00,33.00,5.00,63.00,33.00,43.00,MEDIUM,,,,,2026-03-24,2026-12-24,365,true,2020-10-21 18:22:15.000,2026-06-24 16:17:32.000
15612,612,32.00,37.00,4.00,32.00,37.00,47.00,MEDIUM,,,,,2026-02-24,2027-01-24,365,true,2008-09-10 04:17:52.000,2026-06-24 16:17:32.000
15624,624,44.00,49.00,5.00,44.00,49.00,59.00,MEDIUM,,,,,2026-02-24,2026-12-24,365,true,2024-07-04 02:00:55.000,2026-06-24 16:17:32.000
15636,636,56.00,61.00,3.00,56.00,61.00,41.00,MEDIUM,,,,,2026-06-24,2027-02-24,365,true,2017-09-07 01:54:35.000,2026-06-24 16:17:32.000
15644,644,64.00,29.00,3.00,64.00,29.00,49.00,MEDIUM,,,,,2026-03-24,2027-02-24,365,true,2023-07-30 11:03:28.000,2026-06-24 16:17:32.000
15664,664,49.00,49.00,2.00,49.00,49.00,39.00,MEDIUM,,,,,2026-04-24,2027-03-24,365,true,2022-03-30 20:12:47.000,2026-06-24 16:17:32.000
15676,676,61.00,61.00,3.00,61.00,61.00,51.00,MEDIUM,,,,,2026-05-24,2027-05-24,365,true,2014-07-06 07:45:04.000,2026-06-24 16:17:32.000
15708,708,58.00,53.00,4.00,58.00,53.00,53.00,MEDIUM,,,,,2026-01-24,2027-02-24,365,true,2024-12-03 05:41:02.000,2026-06-24 16:17:32.000
15720,720,35.00,25.00,5.00,35.00,25.00,35.00,MEDIUM,,,,,2026-04-24,2027-03-24,365,true,2017-01-28 21:45:43.000,2026-06-24 16:17:32.000
15764,764,44.00,29.00,3.00,44.00,29.00,49.00,MEDIUM,,,,,2026-02-24,2027-02-24,365,true,2003-03-05 19:41:27.000,2026-06-24 16:17:32.000
15776,776,56.00,41.00,2.00,56.00,41.00,61.00,MEDIUM,,,,,2026-05-24,2027-05-24,365,true,2024-01-07 09:46:28.000,2026-06-24 16:17:32.000
15788,788,33.00,53.00,5.00,33.00,53.00,43.00,MEDIUM,,,,,2026-01-24,2027-02-24,365,true,2025-10-18 02:44:46.000,2026-06-24 16:17:32.000
15792,792,37.00,57.00,4.00,37.00,57.00,47.00,MEDIUM,,,,,2026-04-24,2027-05-24,365,true,2014-08-02 07:12:32.000,2026-06-24 16:17:32.000
15840,840,50.00,25.00,5.00,50.00,25.00,35.00,MEDIUM,,,,,2026-04-24,2027-02-24,365,true,2011-07-22 14:43:33.000,2026-06-24 16:17:32.000
15884,884,59.00,29.00,2.00,59.00,29.00,49.00,MEDIUM,,,,,2026-02-24,2027-01-24,365,true,2020-04-12 16:30:35.000,2026-06-24 16:17:32.000
15888,888,63.00,33.00,4.00,63.00,33.00,53.00,MEDIUM,,,,,2026-05-24,2027-02-24,365,true,2005-09-02 02:09:29.000,2026-06-24 16:17:32.000
15904,904,44.00,49.00,2.00,44.00,49.00,39.00,MEDIUM,,,,,2026-04-24,2027-03-24,365,true,2015-06-28 16:45:52.000,2026-06-24 16:17:32.000
15916,916,56.00,61.00,3.00,56.00,61.00,51.00,MEDIUM,,,,,2026-03-24,2027-02-24,365,true,2015-10-07 09:02:32.000,2026-06-24 16:17:32.000
15968,968,38.00,33.00,4.00,38.00,33.00,43.00,MEDIUM,,,,,2026-04-24,2027-04-24,365,true,2010-06-23 17:58:43.000,2026-06-24 16:17:32.000
15972,972,42.00,37.00,5.00,42.00,37.00,47.00,MEDIUM,,,,,2026-04-24,2027-03-24,365,true,2000-06-01 11:10:48.000,2026-06-24 16:17:32.000
15984,984,54.00,49.00,3.00,54.00,49.00,59.00,MEDIUM,,,,,2026-03-24,2026-12-24,365,true,2001-10-14 19:42:53.000,2026-06-24 16:17:32.000
16000,1000,35.00,25.00,5.00,35.00,25.00,45.00,MEDIUM,,,,,2026-06-24,2027-04-24,365,true,2025-10-16 14:40:00.000,2026-06-24 16:17:32.000
16020,1020,55.00,45.00,3.00,55.00,45.00,35.00,MEDIUM,,,,,2026-02-24,2027-05-24,365,true,2025-10-10 10:18:42.000,2026-06-24 16:17:32.000
16028,1028,63.00,53.00,2.00,63.00,53.00,43.00,MEDIUM,,,,,2026-02-24,2026-12-24,365,true,2012-07-31 06:53:04.000,2026-06-24 16:17:32.000
16084,1084,49.00,29.00,4.00,49.00,29.00,39.00,MEDIUM,,,,,2026-01-24,2027-03-24,365,true,2019-06-18 13:14:44.000,2026-06-24 16:17:32.000
16116,1116,46.00,61.00,4.00,46.00,61.00,41.00,MEDIUM,,,,,2026-03-24,2027-02-24,365,true,2025-04-15 04:08:14.000,2026-06-24 16:17:32.000
16128,1128,58.00,33.00,5.00,58.00,33.00,53.00,MEDIUM,,,,,2026-01-24,2027-03-24,365,true,2022-06-16 21:40:30.000,2026-06-24 16:17:32.000
16144,1144,39.00,49.00,2.00,39.00,49.00,39.00,MEDIUM,,,,,2026-02-24,2027-05-24,365,true,2016-11-15 22:47:20.000,2026-06-24 16:17:32.000
16160,1160,55.00,25.00,4.00,55.00,25.00,55.00,MEDIUM,,,,,2026-06-24,2027-04-24,365,true,2019-01-19 00:54:20.000,2026-06-24 16:17:32.000
16176,1176,36.00,41.00,3.00,36.00,41.00,41.00,MEDIUM,,,,,2026-02-24,2027-02-24,365,true,2021-12-31 05:43:25.000,2026-06-24 16:17:32.000
16188,1188,48.00,53.00,3.00,48.00,53.00,53.00,MEDIUM,,,,,2026-04-24,2027-01-24,365,true,2024-11-09 21:42:05.000,2026-06-24 16:17:32.000
16208,1208,33.00,33.00,4.00,33.00,33.00,43.00,MEDIUM,,,,,2026-06-24,2027-05-24,365,true,2018-12-22 08:29:50.000,2026-06-24 16:17:32.000
16228,1228,53.00,53.00,2.00,53.00,53.00,63.00,MEDIUM,,,,,2026-03-24,2027-02-24,365,true,2024-12-26 21:44:53.000,2026-06-24 16:17:32.000
16232,1232,57.00,57.00,4.00,57.00,57.00,37.00,MEDIUM,,,,,2026-04-24,2027-02-24,365,true,2024-03-07 03:06:50.000,2026-06-24 16:17:32.000
16248,1248,38.00,33.00,3.00,38.00,33.00,53.00,MEDIUM,,,,,2026-06-24,2027-04-24,365,true,2015-01-31 09:07:44.000,2026-06-24 16:17:32.000
16252,1252,42.00,37.00,5.00,42.00,37.00,57.00,MEDIUM,,,,,2026-05-24,2027-05-24,365,true,2009-09-11 05:51:06.000,2026-06-24 16:17:32.000
16276,1276,31.00,61.00,4.00,31.00,61.00,51.00,MEDIUM,,,,,2026-06-24,2027-02-24,365,true,2023-10-08 11:46:30.000,2026-06-24 16:17:32.000
16288,1288,43.00,33.00,5.00,43.00,33.00,63.00,MEDIUM,,,,,2026-06-24,2027-02-24,365,true,2016-06-21 17:10:23.000,2026-06-24 16:17:32.000
16296,1296,51.00,41.00,3.00,51.00,41.00,41.00,MEDIUM,,,,,2026-03-24,2027-02-24,365,true,2025-07-10 10:54:43.000,2026-06-24 16:17:32.000
16300,1300,55.00,45.00,4.00,55.00,45.00,45.00,MEDIUM,,,,,2026-05-24,2026-12-24,365,true,2006-02-26 06:58:16.000,2026-06-24 16:17:32.000
16320,1320,40.00,25.00,2.00,40.00,25.00,35.00,MEDIUM,,,,,2026-05-24,2027-04-24,365,true,2006-12-04 09:32:25.000,2026-06-24 16:17:32.000
16328,1328,48.00,33.00,3.00,48.00,33.00,43.00,MEDIUM,,,,,2026-01-24,2026-12-24,365,true,2022-05-08 01:37:50.000,2026-06-24 16:17:32.000
16352,1352,37.00,57.00,2.00,37.00,57.00,37.00,MEDIUM,,,,,2026-04-24,2027-05-24,365,true,2019-01-26 06:11:06.000,2026-06-24 16:17:32.000
16364,1364,49.00,29.00,5.00,49.00,29.00,49.00,MEDIUM,,,,,2026-03-24,2026-12-24,365,true,2025-07-24 11:57:13.000,2026-06-24 16:17:32.000
16380,1380,30.00,45.00,5.00,30.00,45.00,35.00,MEDIUM,,,,,2026-03-24,2027-04-24,365,true,2023-05-10 07:23:40.000,2026-06-24 16:17:32.000
16384,1384,34.00,49.00,3.00,34.00,49.00,39.00,MEDIUM,,,,,2026-05-24,2027-04-24,365,true,2022-07-25 20:49:27.000,2026-06-24 16:17:32.000
16388,1388,38.00,53.00,5.00,38.00,53.00,43.00,MEDIUM,,,,,2026-06-24,2027-03-24,365,true,2011-04-26 09:52:16.000,2026-06-24 16:17:32.000
16424,1424,39.00,49.00,3.00,39.00,49.00,49.00,MEDIUM,,,,,2026-04-24,2027-05-24,365,true,2023-09-18 20:11:31.000,2026-06-24 16:17:32.000
16516,1516,61.00,61.00,5.00,61.00,61.00,51.00,MEDIUM,,,,,2026-02-24,2027-04-24,365,true,2025-05-05 18:15:21.000,2026-06-24 16:17:32.000
16532,1532,42.00,37.00,5.00,42.00,37.00,37.00,MEDIUM,,,,,2026-04-24,2027-04-24,365,true,2015-09-24 15:33:26.000,2026-06-24 16:17:32.000
16620,1620,60.00,45.00,5.00,60.00,45.00,35.00,MEDIUM,,,,,2026-02-24,2027-04-24,365,true,2025-04-08 22:47:09.000,2026-06-24 16:17:32.000
16632,1632,37.00,57.00,3.00,37.00,57.00,47.00,MEDIUM,,,,,2026-06-24,2027-02-24,365,true,2006-07-19 12:08:48.000,2026-06-24 16:17:32.000
16648,1648,53.00,33.00,3.00,53.00,33.00,63.00,MEDIUM,,,,,2026-02-24,2027-01-24,365,true,2024-09-25 06:23:53.000,2026-06-24 16:17:32.000
16676,1676,46.00,61.00,3.00,46.00,61.00,61.00,MEDIUM,,,,,2026-03-24,2027-02-24,365,true,2009-09-18 17:33:25.000,2026-06-24 16:17:32.000
16708,1708,43.00,53.00,5.00,43.00,53.00,63.00,MEDIUM,,,,,2026-04-24,2027-01-24,365,true,2016-07-14 12:34:20.000,2026-06-24 16:17:32.000
16720,1720,55.00,25.00,4.00,55.00,25.00,45.00,MEDIUM,,,,,2026-02-24,2027-04-24,365,true,2025-11-14 18:26:34.000,2026-06-24 16:17:32.000
16788,1788,53.00,53.00,2.00,53.00,53.00,53.00,MEDIUM,,,,,2026-01-24,2027-05-24,365,true,2024-12-07 00:58:22.000,2026-06-24 16:17:32.000
16800,1800,30.00,25.00,5.00,30.00,25.00,35.00,MEDIUM,,,,,2026-04-24,2026-12-24,365,true,2024-11-09 02:59:59.000,2026-06-24 16:17:32.000
16844,1844,39.00,29.00,4.00,39.00,29.00,49.00,MEDIUM,,,,,2026-06-24,2027-03-24,365,true,2015-05-29 01:03:36.000,2026-06-24 16:17:32.000
16852,1852,47.00,37.00,2.00,47.00,37.00,57.00,MEDIUM,,,,,2026-01-24,2027-02-24,365,true,2025-10-21 07:42:31.000,2026-06-24 16:17:32.000
16880,1880,40.00,25.00,4.00,40.00,25.00,55.00,MEDIUM,,,,,2026-03-24,2027-01-24,365,true,2016-11-30 10:57:45.000,2026-06-24 16:17:32.000
16888,1888,48.00,33.00,2.00,48.00,33.00,63.00,MEDIUM,,,,,2026-01-24,2027-02-24,365,true,2012-07-31 16:33:58.000,2026-06-24 16:17:32.000
16916,1916,41.00,61.00,2.00,41.00,61.00,61.00,MEDIUM,,,,,2026-04-24,2027-04-24,365,true,2007-09-24 18:16:04.000,2026-06-24 16:17:32.000
16972,1972,62.00,37.00,4.00,62.00,37.00,57.00,MEDIUM,,,,,2026-04-24,2027-01-24,365,true,2018-05-19 12:37:25.000,2026-06-24 16:17:32.000
16988,1988,43.00,53.00,3.00,43.00,53.00,43.00,MEDIUM,,,,,2026-02-24,2027-03-24,365,true,2015-02-24 23:47:18.000,2026-06-24 16:17:32.000
17024,2024,44.00,49.00,4.00,44.00,49.00,49.00,MEDIUM,,,,,2026-03-24,2027-01-24,365,true,2025-08-21 22:35:05.000,2026-06-24 16:17:32.000
17028,2028,48.00,53.00,4.00,48.00,53.00,53.00,MEDIUM,,,,,2026-06-24,2026-12-24,365,true,2016-10-27 17:45:28.000,2026-06-24 16:17:32.000
17064,2064,49.00,49.00,2.00,49.00,49.00,59.00,MEDIUM,,,,,2026-03-24,2026-12-24,365,true,1996-10-12 08:07:13.000,2026-06-24 16:17:32.000
17080,2080,30.00,25.00,3.00,30.00,25.00,45.00,MEDIUM,,,,,2026-02-24,2027-01-24,365,true,2006-01-09 18:19:57.000,2026-06-24 16:17:32.000
17084,2084,34.00,29.00,5.00,34.00,29.00,49.00,MEDIUM,,,,,2026-02-24,2027-02-24,365,true,2016-07-08 03:10:42.000,2026-06-24 16:17:32.000
17144,2144,59.00,49.00,4.00,59.00,49.00,49.00,MEDIUM,,,,,2026-05-24,2027-05-24,365,true,2020-10-17 17:36:00.000,2026-06-24 16:17:32.000
17184,2184,64.00,49.00,2.00,64.00,49.00,59.00,MEDIUM,,,,,2026-01-24,2027-04-24,365,true,2010-12-06 01:43:22.000,2026-06-24 16:17:32.000
17192,2192,37.00,57.00,2.00,37.00,57.00,37.00,MEDIUM,,,,,2026-05-24,2027-02-24,365,true,2011-08-18 16:21:26.000,2026-06-24 16:17:32.000
17208,2208,53.00,33.00,2.00,53.00,33.00,53.00,MEDIUM,,,,,2026-01-24,2027-01-24,365,true,2000-03-25 19:38:12.000,2026-06-24 16:17:32.000
17276,2276,51.00,61.00,5.00,51.00,61.00,61.00,MEDIUM,,,,,2026-03-24,2027-02-24,365,true,1998-12-09 22:42:02.000,2026-06-24 16:17:32.000
17296,2296,36.00,41.00,4.00,36.00,41.00,51.00,MEDIUM,,,,,2026-02-24,2026-12-24,365,true,2018-10-08 06:01:05.000,2026-06-24 16:17:32.000
17312,2312,52.00,57.00,3.00,52.00,57.00,37.00,MEDIUM,,,,,2026-01-24,2027-02-24,365,true,2020-06-18 21:16:17.000,2026-06-24 16:17:32.000
17328,2328,33.00,33.00,4.00,33.00,33.00,53.00,MEDIUM,,,,,2026-01-24,2027-02-24,365,true,2024-05-26 04:54:58.000,2026-06-24 16:17:32.000
17336,2336,41.00,41.00,3.00,41.00,41.00,61.00,MEDIUM,,,,,2026-04-24,2026-12-24,365,true,2007-12-03 21:29:43.000,2026-06-24 16:17:32.000
17364,2364,34.00,29.00,5.00,34.00,29.00,59.00,MEDIUM,,,,,2026-01-24,2027-01-24,365,true,2025-05-24 23:44:10.000,2026-06-24 16:17:32.000
17408,2408,43.00,33.00,4.00,43.00,33.00,43.00,MEDIUM,,,,,2026-06-24,2027-04-24,365,true,2023-04-28 09:53:41.000,2026-06-24 16:17:32.000
17428,2428,63.00,53.00,4.00,63.00,53.00,63.00,MEDIUM,,,,,2026-05-24,2027-05-24,365,true,2017-05-06 12:27:50.000,2026-06-24 16:17:32.000
17444,2444,44.00,29.00,2.00,44.00,29.00,49.00,MEDIUM,,,,,2026-06-24,2027-04-24,365,true,2003-04-18 09:23:13.000,2026-06-24 16:17:32.000
17460,2460,60.00,45.00,2.00,60.00,45.00,35.00,MEDIUM,,,,,2026-02-24,2027-03-24,365,true,2008-06-23 13:37:04.000,2026-06-24 16:17:32.000
17472,2472,37.00,57.00,3.00,37.00,57.00,47.00,MEDIUM,,,,,2026-04-24,2027-02-24,365,true,2024-12-31 07:26:15.000,2026-06-24 16:17:32.000
17492,2492,57.00,37.00,4.00,57.00,37.00,37.00,MEDIUM,,,,,2026-01-24,2027-02-24,365,true,2013-05-06 15:04:35.000,2026-06-24 16:17:32.000
17500,2500,30.00,45.00,2.00,30.00,45.00,45.00,MEDIUM,,,,,2026-06-24,2027-04-24,365,true,2006-08-28 09:16:40.000,2026-06-24 16:17:32.000
17504,2504,34.00,49.00,3.00,34.00,49.00,49.00,MEDIUM,,,,,2026-04-24,2027-03-24,365,true,2021-12-31 01:50:46.000,2026-06-24 16:17:32.000
17508,2508,38.00,53.00,5.00,38.00,53.00,53.00,MEDIUM,,,,,2026-06-24,2027-01-24,365,true,2011-04-26 01:20:30.000,2026-06-24 16:17:32.000
17528,2528,58.00,33.00,3.00,58.00,33.00,43.00,MEDIUM,,,,,2026-02-24,2027-03-24,365,true,2016-05-03 09:27:49.000,2026-06-24 16:17:32.000
17552,2552,47.00,57.00,3.00,47.00,57.00,37.00,MEDIUM,,,,,2026-04-24,2027-05-24,365,true,2023-05-25 23:41:01.000,2026-06-24 16:17:32.000
17576,2576,36.00,41.00,3.00,36.00,41.00,61.00,MEDIUM,,,,,2026-06-24,2027-01-24,365,true,2024-02-27 10:10:19.000,2026-06-24 16:17:32.000
17600,2600,60.00,25.00,5.00,60.00,25.00,55.00,MEDIUM,,,,,2026-05-24,2027-04-24,365,true,2026-01-18 15:16:26.000,2026-06-24 16:17:32.000
17612,2612,37.00,37.00,2.00,37.00,37.00,37.00,MEDIUM,,,,,2026-05-24,2027-03-24,365,true,2023-08-23 23:36:29.000,2026-06-24 16:17:32.000
17616,2616,41.00,41.00,3.00,41.00,41.00,41.00,MEDIUM,,,,,2026-05-24,2026-12-24,365,true,2021-01-15 12:39:35.000,2026-06-24 16:17:32.000
17636,2636,61.00,61.00,2.00,61.00,61.00,61.00,MEDIUM,,,,,2026-06-24,2026-12-24,365,true,2018-06-17 08:52:28.000,2026-06-24 16:17:32.000
17652,2652,42.00,37.00,2.00,42.00,37.00,47.00,MEDIUM,,,,,2026-06-24,2027-05-24,365,true,1999-09-06 07:14:28.000,2026-06-24 16:17:32.000
17676,2676,31.00,61.00,4.00,31.00,61.00,41.00,MEDIUM,,,,,2026-06-24,2026-12-24,365,true,2015-02-10 06:56:05.000,2026-06-24 16:17:32.000
17700,2700,55.00,45.00,5.00,55.00,45.00,35.00,MEDIUM,,,,,2026-03-24,2027-04-24,365,true,2015-12-22 13:21:09.000,2026-06-24 16:17:32.000
17716,2716,36.00,61.00,5.00,36.00,61.00,51.00,MEDIUM,,,,,2026-06-24,2027-03-24,365,true,2018-05-25 07:12:26.000,2026-06-24 16:17:32.000
17724,2724,44.00,29.00,2.00,44.00,29.00,59.00,MEDIUM,,,,,2026-05-24,2027-04-24,365,true,2020-09-25 23:36:46.000,2026-06-24 16:17:32.000
17796,2796,46.00,61.00,5.00,46.00,61.00,41.00,MEDIUM,,,,,2026-05-24,2027-02-24,365,true,2001-02-06 06:05:00.000,2026-06-24 16:17:32.000
17848,2848,63.00,33.00,3.00,63.00,33.00,63.00,MEDIUM,,,,,2026-03-24,2027-05-24,365,true,2021-08-31 17:38:44.000,2026-06-24 16:17:32.000
17864,2864,44.00,49.00,3.00,44.00,49.00,49.00,MEDIUM,,,,,2026-03-24,2027-04-24,365,true,2022-11-03 14:32:19.000,2026-06-24 16:17:32.000
17880,2880,60.00,25.00,2.00,60.00,25.00,35.00,MEDIUM,,,,,2026-02-24,2027-01-24,365,true,2013-03-24 22:37:38.000,2026-06-24 16:17:32.000
17920,2920,30.00,25.00,4.00,30.00,25.00,45.00,MEDIUM,,,,,2026-05-24,2026-12-24,365,true,2020-09-27 22:17:50.000,2026-06-24 16:17:32.000
18004,3004,44.00,29.00,2.00,44.00,29.00,39.00,MEDIUM,,,,,2026-05-24,2027-01-24,365,true,2013-06-01 21:30:37.000,2026-06-24 16:17:32.000
18020,3020,60.00,45.00,2.00,60.00,45.00,55.00,MEDIUM,,,,,2026-01-24,2027-01-24,365,true,2019-08-15 02:38:00.000,2026-06-24 16:17:32.000
18040,3040,45.00,25.00,2.00,45.00,25.00,45.00,MEDIUM,,,,,2026-03-24,2027-02-24,365,true,2009-11-02 14:53:41.000,2026-06-24 16:17:32.000
18080,3080,50.00,25.00,4.00,50.00,25.00,55.00,MEDIUM,,,,,2026-02-24,2027-02-24,365,true,2018-02-23 12:02:03.000,2026-06-24 16:17:32.000
18088,3088,58.00,33.00,3.00,58.00,33.00,63.00,MEDIUM,,,,,2026-06-24,2027-01-24,365,true,2024-11-26 19:50:49.000,2026-06-24 16:17:32.000
18092,3092,62.00,37.00,4.00,62.00,37.00,37.00,MEDIUM,,,,,2026-01-24,2027-02-24,365,true,2023-05-05 14:27:31.000,2026-06-24 16:17:32.000
18096,3096,31.00,41.00,5.00,31.00,41.00,41.00,MEDIUM,,,,,2026-03-24,2027-03-24,365,true,2011-05-12 05:03:01.000,2026-06-24 16:17:32.000
18100,3100,35.00,45.00,2.00,35.00,45.00,45.00,MEDIUM,,,,,2026-04-24,2027-05-24,365,true,2024-02-21 22:50:08.000,2026-06-24 16:17:32.000
18104,3104,39.00,49.00,2.00,39.00,49.00,49.00,MEDIUM,,,,,2026-01-24,2027-05-24,365,true,2019-01-02 14:21:59.000,2026-06-24 16:17:32.000
18108,3108,43.00,53.00,4.00,43.00,53.00,53.00,MEDIUM,,,,,2026-03-24,2027-03-24,365,true,2012-10-10 07:24:57.000,2026-06-24 16:17:32.000
18128,3128,63.00,33.00,5.00,63.00,33.00,43.00,MEDIUM,,,,,2026-02-24,2027-05-24,365,true,2017-04-28 15:55:12.000,2026-06-24 16:17:32.000
18148,3148,48.00,53.00,4.00,48.00,53.00,63.00,MEDIUM,,,,,2026-03-24,2027-01-24,365,true,2004-02-22 13:33:45.000,2026-06-24 16:17:32.000
18232,3232,62.00,57.00,3.00,62.00,57.00,57.00,MEDIUM,,,,,2026-04-24,2026-12-24,365,true,2024-06-20 09:52:00.000,2026-06-24 16:17:32.000
18236,3236,31.00,61.00,4.00,31.00,61.00,61.00,MEDIUM,,,,,2026-01-24,2027-05-24,365,true,2017-06-30 21:24:29.000,2026-06-24 16:17:32.000
18260,3260,55.00,45.00,2.00,55.00,45.00,55.00,MEDIUM,,,,,2026-01-24,2027-02-24,365,true,2008-08-17 12:45:15.000,2026-06-24 16:17:32.000
18280,3280,40.00,25.00,3.00,40.00,25.00,45.00,MEDIUM,,,,,2026-04-24,2026-12-24,365,true,2018-02-14 06:12:37.000,2026-06-24 16:17:32.000
18316,3316,41.00,61.00,4.00,41.00,61.00,51.00,MEDIUM,,,,,2026-02-24,2027-03-24,365,true,2025-01-18 10:29:08.000,2026-06-24 16:17:32.000
18324,3324,49.00,29.00,3.00,49.00,29.00,59.00,MEDIUM,,,,,2026-05-24,2026-12-24,365,true,2005-05-26 08:02:59.000,2026-06-24 16:17:32.000
18340,3340,30.00,45.00,3.00,30.00,45.00,45.00,MEDIUM,,,,,2026-01-24,2027-01-24,365,true,2021-02-20 05:41:18.000,2026-06-24 16:17:32.000
18348,3348,38.00,53.00,2.00,38.00,53.00,53.00,MEDIUM,,,,,2026-04-24,2027-01-24,365,true,2013-04-27 02:58:08.000,2026-06-24 16:17:32.000
18364,3364,54.00,29.00,3.00,54.00,29.00,39.00,MEDIUM,,,,,2026-01-24,2027-02-24,365,true,2023-02-20 11:30:35.000,2026-06-24 16:17:32.000
18372,3372,62.00,37.00,5.00,62.00,37.00,47.00,MEDIUM,,,,,2026-03-24,2027-02-24,365,true,2023-11-12 12:39:54.000,2026-06-24 16:17:32.000
18392,3392,47.00,57.00,4.00,47.00,57.00,37.00,MEDIUM,,,,,2026-04-24,2027-02-24,365,true,2022-08-04 17:20:50.000,2026-06-24 16:17:32.000
18412,3412,32.00,37.00,4.00,32.00,37.00,57.00,MEDIUM,,,,,2026-06-24,2027-05-24,365,true,2011-06-26 03:31:35.000,2026-06-24 16:17:32.000
18492,3492,42.00,37.00,4.00,42.00,37.00,47.00,MEDIUM,,,,,2026-06-24,2027-01-24,365,true,2018-10-21 08:19:41.000,2026-06-24 16:17:32.000
18496,3496,46.00,41.00,3.00,46.00,41.00,51.00,MEDIUM,,,,,2026-04-24,2027-02-24,365,true,2023-05-31 10:56:18.000,2026-06-24 16:17:32.000
18536,3536,51.00,41.00,2.00,51.00,41.00,61.00,MEDIUM,,,,,2026-03-24,2027-05-24,365,true,1997-04-25 19:43:45.000,2026-06-24 16:17:32.000
18560,3560,40.00,25.00,4.00,40.00,25.00,55.00,MEDIUM,,,,,2026-01-24,2026-12-24,365,true,2026-03-28 13:32:49.000,2026-06-24 16:17:32.000
18568,3568,48.00,33.00,3.00,48.00,33.00,63.00,MEDIUM,,,,,2026-03-24,2027-05-24,365,true,2011-08-01 14:41:41.000,2026-06-24 16:17:32.000
18624,3624,34.00,49.00,2.00,34.00,49.00,59.00,MEDIUM,,,,,2026-02-24,2026-12-24,365,true,2010-01-19 21:39:21.000,2026-06-24 16:17:32.000
18632,3632,42.00,57.00,4.00,42.00,57.00,37.00,MEDIUM,,,,,2026-02-24,2027-04-24,365,true,2005-04-20 23:21:44.000,2026-06-24 16:17:32.000
18648,3648,58.00,33.00,4.00,58.00,33.00,53.00,MEDIUM,,,,,2026-05-24,2027-01-24,365,true,2016-01-06 15:49:38.000,2026-06-24 16:17:32.000
18676,3676,51.00,61.00,2.00,51.00,61.00,51.00,MEDIUM,,,,,2026-02-24,2027-03-24,365,true,2023-03-25 16:08:51.000,2026-06-24 16:17:32.000
18700,3700,40.00,45.00,5.00,40.00,45.00,45.00,MEDIUM,,,,,2026-05-24,2027-03-24,365,true,2015-08-03 23:28:59.000,2026-06-24 16:17:32.000
18748,3748,53.00,53.00,4.00,53.00,53.00,63.00,MEDIUM,,,,,2026-04-24,2027-02-24,365,true,2008-04-07 09:30:22.000,2026-06-24 16:17:32.000
18756,3756,61.00,61.00,5.00,61.00,61.00,41.00,MEDIUM,,,,,2026-04-24,2026-12-24,365,true,2015-01-10 21:25:37.000,2026-06-24 16:17:32.000
18788,3788,58.00,53.00,2.00,58.00,53.00,43.00,MEDIUM,,,,,2026-04-24,2027-05-24,365,true,2026-02-03 19:07:46.000,2026-06-24 16:17:32.000
18792,3792,62.00,57.00,5.00,62.00,57.00,47.00,MEDIUM,,,,,2026-01-24,2027-03-24,365,true,2011-06-10 17:29:38.000,2026-06-24 16:17:32.000
18836,3836,36.00,61.00,3.00,36.00,61.00,61.00,MEDIUM,,,,,2026-06-24,2027-05-24,365,true,2018-08-16 15:22:16.000,2026-06-24 16:17:32.000
18856,3856,56.00,41.00,5.00,56.00,41.00,51.00,MEDIUM,,,,,2026-04-24,2027-01-24,365,true,2011-02-09 14:46:18.000,2026-06-24 16:17:32.000
18864,3864,64.00,49.00,4.00,64.00,49.00,59.00,MEDIUM,,,,,2026-03-24,2027-04-24,365,true,2020-10-03 15:50:54.000,2026-06-24 16:17:32.000
18872,3872,37.00,57.00,4.00,37.00,57.00,37.00,MEDIUM,,,,,2026-05-24,2027-01-24,365,true,2022-07-09 02:46:40.000,2026-06-24 16:17:32.000
18908,3908,38.00,53.00,5.00,38.00,53.00,43.00,MEDIUM,,,,,2026-02-24,2027-05-24,365,true,2014-07-01 18:37:54.000,2026-06-24 16:17:32.000
18912,3912,42.00,57.00,4.00,42.00,57.00,47.00,MEDIUM,,,,,2026-03-24,2027-03-24,365,true,2024-11-12 16:34:36.000,2026-06-24 16:17:32.000
18920,3920,50.00,25.00,4.00,50.00,25.00,55.00,MEDIUM,,,,,2026-02-24,2026-12-24,365,true,2017-10-14 10:01:41.000,2026-06-24 16:17:32.000
18956,3956,51.00,61.00,5.00,51.00,61.00,61.00,MEDIUM,,,,,2026-02-24,2027-04-24,365,true,2022-04-27 08:15:47.000,2026-06-24 16:17:32.000
18968,3968,63.00,33.00,3.00,63.00,33.00,43.00,MEDIUM,,,,,2026-03-24,2027-03-24,365,true,2018-10-12 12:22:14.000,2026-06-24 16:17:32.000
18972,3972,32.00,37.00,4.00,32.00,37.00,47.00,MEDIUM,,,,,2026-03-24,2027-02-24,365,true,2019-08-14 19:58:09.000,2026-06-24 16:17:32.000
18976,3976,36.00,41.00,4.00,36.00,41.00,51.00,MEDIUM,,,,,2026-04-24,2027-03-24,365,true,1998-07-07 05:48:26.000,2026-06-24 16:17:32.000
18988,3988,48.00,53.00,4.00,48.00,53.00,63.00,MEDIUM,,,,,2026-02-24,2027-01-24,365,true,2025-06-10 20:36:07.000,2026-06-24 16:17:32.000
19024,4024,49.00,49.00,4.00,49.00,49.00,39.00,MEDIUM,,,,,2026-02-24,2027-03-24,365,true,2025-11-22 03:32:29.000,2026-06-24 16:17:32.000
19044,4044,34.00,29.00,3.00,34.00,29.00,59.00,MEDIUM,,,,,2026-03-24,2027-02-24,365,true,2025-07-15 19:06:06.000,2026-06-24 16:17:32.000
19080,4080,35.00,25.00,2.00,35.00,25.00,35.00,MEDIUM,,,,,2026-06-24,2027-05-24,365,true,1999-12-12 00:41:32.000,2026-06-24 16:17:32.000
19092,4092,47.00,37.00,5.00,47.00,37.00,47.00,MEDIUM,,,,,2026-04-24,2027-04-24,365,true,2022-02-11 18:09:44.000,2026-06-24 16:17:32.000
19104,4104,59.00,49.00,4.00,59.00,49.00,59.00,MEDIUM,,,,,2026-03-24,2027-03-24,365,true,2017-08-27 23:41:24.000,2026-06-24 16:17:32.000
19116,4116,36.00,61.00,3.00,36.00,61.00,41.00,MEDIUM,,,,,2026-02-24,2027-02-24,365,true,2025-10-26 13:18:41.000,2026-06-24 16:17:32.000
19144,4144,64.00,49.00,3.00,64.00,49.00,39.00,MEDIUM,,,,,2026-03-24,2027-01-24,365,true,2002-05-16 04:21:55.000,2026-06-24 16:17:32.000
19164,4164,49.00,29.00,3.00,49.00,29.00,59.00,MEDIUM,,,,,2026-02-24,2027-05-24,365,true,2025-06-18 13:26:25.000,2026-06-24 16:17:32.000
19168,4168,53.00,33.00,4.00,53.00,33.00,63.00,MEDIUM,,,,,2026-03-24,2027-05-24,365,true,2020-08-30 15:26:07.000,2026-06-24 16:17:32.000
19188,4188,38.00,53.00,3.00,38.00,53.00,53.00,MEDIUM,,,,,2026-02-24,2027-03-24,365,true,2024-03-03 00:51:32.000,2026-06-24 16:17:32.000
19196,4196,46.00,61.00,4.00,46.00,61.00,61.00,MEDIUM,,,,,2026-05-24,2027-03-24,365,true,2003-12-07 21:46:20.000,2026-06-24 16:17:32.000
19224,4224,39.00,49.00,5.00,39.00,49.00,59.00,MEDIUM,,,,,2026-03-24,2027-05-24,365,true,2026-01-12 04:10:35.000,2026-06-24 16:17:32.000
19228,4228,43.00,53.00,4.00,43.00,53.00,63.00,MEDIUM,,,,,2026-02-24,2026-12-24,365,true,2009-10-27 02:49:46.000,2026-06-24 16:17:32.000
19252,4252,32.00,37.00,2.00,32.00,37.00,57.00,MEDIUM,,,,,2026-05-24,2027-01-24,365,true,2012-08-14 02:03:06.000,2026-06-24 16:17:32.000
19264,4264,44.00,49.00,3.00,44.00,49.00,39.00,MEDIUM,,,,,2026-05-24,2027-01-24,365,true,2025-07-18 22:23:14.000,2026-06-24 16:17:32.000
19280,4280,60.00,25.00,3.00,60.00,25.00,55.00,MEDIUM,,,,,2026-02-24,2026-12-24,365,true,2016-09-26 00:29:08.000,2026-06-24 16:17:32.000
19288,4288,33.00,33.00,4.00,33.00,33.00,63.00,MEDIUM,,,,,2026-02-24,2026-12-24,365,true,2014-12-28 13:25:20.000,2026-06-24 16:17:32.000
19304,4304,49.00,49.00,3.00,49.00,49.00,49.00,MEDIUM,,,,,2026-06-24,2027-01-24,365,true,2023-01-04 20:45:03.000,2026-06-24 16:17:32.000
19316,4316,61.00,61.00,2.00,61.00,61.00,61.00,MEDIUM,,,,,2026-02-24,2027-01-24,365,true,2020-03-24 18:45:00.000,2026-06-24 16:17:32.000
19332,4332,42.00,37.00,3.00,42.00,37.00,47.00,MEDIUM,,,,,2026-06-24,2027-04-24,365,true,2026-04-30 07:43:46.000,2026-06-24 16:17:32.000
19344,4344,54.00,49.00,4.00,54.00,49.00,59.00,MEDIUM,,,,,2026-04-24,2027-05-24,365,true,1996-08-27 00:06:52.000,2026-06-24 16:17:32.000
19360,4360,35.00,25.00,4.00,35.00,25.00,45.00,MEDIUM,,,,,2026-05-24,2027-03-24,365,true,2022-08-10 07:03:34.000,2026-06-24 16:17:32.000
19364,4364,39.00,29.00,4.00,39.00,29.00,49.00,MEDIUM,,,,,2026-02-24,2027-03-24,365,true,2020-02-22 04:22:44.000,2026-06-24 16:17:32.000
19384,4384,59.00,49.00,3.00,59.00,49.00,39.00,MEDIUM,,,,,2026-04-24,2027-03-24,365,true,2020-10-14 13:27:49.000,2026-06-24 16:17:32.000
19460,4460,30.00,45.00,4.00,30.00,45.00,55.00,MEDIUM,,,,,2026-04-24,2027-01-24,365,true,2005-07-14 04:34:56.000,2026-06-24 16:17:32.000
19472,4472,42.00,57.00,2.00,42.00,57.00,37.00,MEDIUM,,,,,2026-05-24,2027-02-24,365,true,2025-04-17 00:48:49.000,2026-06-24 16:17:32.000
19476,4476,46.00,61.00,3.00,46.00,61.00,41.00,MEDIUM,,,,,2026-05-24,2027-05-24,365,true,2012-08-15 19:56:21.000,2026-06-24 16:17:32.000
19488,4488,58.00,33.00,3.00,58.00,33.00,53.00,MEDIUM,,,,,2026-06-24,2027-01-24,365,true,2022-08-02 11:11:04.000,2026-06-24 16:17:32.000
19524,4524,59.00,29.00,2.00,59.00,29.00,59.00,MEDIUM,,,,,2026-03-24,2026-12-24,365,true,2021-03-07 00:09:15.000,2026-06-24 16:17:32.000
19544,4544,44.00,49.00,2.00,44.00,49.00,49.00,MEDIUM,,,,,2026-05-24,2027-04-24,365,true,2017-10-31 01:38:39.000,2026-06-24 16:17:32.000
19572,4572,37.00,37.00,4.00,37.00,37.00,47.00,MEDIUM,,,,,2026-01-24,2027-01-24,365,true,2019-08-08 05:50:53.000,2026-06-24 16:17:32.000
19584,4584,49.00,49.00,2.00,49.00,49.00,59.00,MEDIUM,,,,,2026-04-24,2027-01-24,365,true,2016-05-11 10:16:50.000,2026-06-24 16:17:32.000
19592,4592,57.00,57.00,3.00,57.00,57.00,37.00,MEDIUM,,,,,2026-05-24,2027-04-24,365,true,2017-02-11 11:42:58.000,2026-06-24 16:17:32.000
19600,4600,30.00,25.00,5.00,30.00,25.00,45.00,MEDIUM,,,,,2026-03-24,2027-04-24,365,true,2024-10-12 12:59:04.000,2026-06-24 16:17:32.000
19604,4604,34.00,29.00,5.00,34.00,29.00,49.00,MEDIUM,,,,,2026-01-24,2027-05-24,365,true,2023-05-24 10:53:53.000,2026-06-24 16:17:32.000
19624,4624,54.00,49.00,2.00,54.00,49.00,39.00,MEDIUM,,,,,2026-06-24,2027-04-24,365,true,2025-12-05 08:54:05.000,2026-06-24 16:17:32.000
19660,4660,55.00,45.00,2.00,55.00,45.00,45.00,MEDIUM,,,,,2026-02-24,2027-01-24,365,true,2019-03-01 15:43:06.000,2026-06-24 16:17:32.000
19676,4676,36.00,61.00,5.00,36.00,61.00,61.00,MEDIUM,,,,,2026-01-24,2027-02-24,365,true,2026-03-14 22:27:12.000,2026-06-24 16:17:32.000
19684,4684,44.00,29.00,4.00,44.00,29.00,39.00,MEDIUM,,,,,2026-06-24,2027-04-24,365,true,2010-12-05 12:21:52.000,2026-06-24 16:17:32.000
19700,4700,60.00,45.00,4.00,60.00,45.00,55.00,MEDIUM,,,,,2026-02-24,2027-04-24,365,true,2025-02-06 21:59:08.000,2026-06-24 16:17:32.000
19716,4716,41.00,61.00,3.00,41.00,61.00,41.00,MEDIUM,,,,,2026-04-24,2027-01-24,365,true,2020-04-18 23:12:02.000,2026-06-24 16:17:32.000
19720,4720,45.00,25.00,4.00,45.00,25.00,45.00,MEDIUM,,,,,2026-06-24,2027-04-24,365,true,2023-10-24 17:46:24.000,2026-06-24 16:17:32.000
19724,4724,49.00,29.00,3.00,49.00,29.00,49.00,MEDIUM,,,,,2026-05-24,2026-12-24,365,true,2014-05-17 17:01:09.000,2026-06-24 16:17:32.000
19728,4728,53.00,33.00,3.00,53.00,33.00,53.00,MEDIUM,,,,,2026-01-24,2027-04-24,365,true,2019-09-21 06:09:10.000,2026-06-24 16:17:32.000
19744,4744,34.00,49.00,3.00,34.00,49.00,39.00,MEDIUM,,,,,2026-01-24,2027-03-24,365,true,2017-06-13 07:41:45.000,2026-06-24 16:17:32.000
19756,4756,46.00,61.00,3.00,46.00,61.00,51.00,MEDIUM,,,,,2026-06-24,2027-01-24,365,true,2020-06-16 12:19:07.000,2026-06-24 16:17:32.000
19780,4780,35.00,45.00,4.00,35.00,45.00,45.00,MEDIUM,,,,,2026-03-24,2026-12-24,365,true,2021-06-23 10:05:34.000,2026-06-24 16:17:32.000
19792,4792,47.00,57.00,2.00,47.00,57.00,57.00,MEDIUM,,,,,2026-06-24,2027-02-24,365,true,1999-04-27 10:37:06.000,2026-06-24 16:17:32.000
19824,4824,44.00,49.00,3.00,44.00,49.00,59.00,MEDIUM,,,,,2026-03-24,2027-01-24,365,true,2018-12-05 00:45:51.000,2026-06-24 16:17:32.000
19828,4828,48.00,53.00,4.00,48.00,53.00,63.00,MEDIUM,,,,,2026-06-24,2027-05-24,365,true,2023-04-16 00:01:17.000,2026-06-24 16:17:32.000
19832,4832,52.00,57.00,2.00,52.00,57.00,37.00,MEDIUM,,,,,2026-02-24,2027-01-24,365,true,1999-07-04 03:55:59.000,2026-06-24 16:17:32.000
19836,4836,56.00,61.00,5.00,56.00,61.00,41.00,MEDIUM,,,,,2026-04-24,2027-01-24,365,true,2018-06-17 16:48:36.000,2026-06-24 16:17:32.000
19888,4888,38.00,33.00,2.00,38.00,33.00,63.00,MEDIUM,,,,,2026-02-24,2027-04-24,365,true,2022-12-02 22:22:16.000,2026-06-24 16:17:32.000
19896,4896,46.00,41.00,2.00,46.00,41.00,41.00,MEDIUM,,,,,2026-02-24,2027-01-24,365,true,2022-07-04 21:54:57.000,2026-06-24 16:17:32.000
19928,4928,43.00,33.00,5.00,43.00,33.00,43.00,MEDIUM,,,,,2026-05-24,2026-12-24,365,true,2003-04-05 16:37:38.000,2026-06-24 16:17:32.000
19936,4936,51.00,41.00,3.00,51.00,41.00,51.00,MEDIUM,,,,,2026-05-24,2026-12-24,365,true,2001-04-26 17:56:04.000,2026-06-24 16:17:32.000
19940,4940,55.00,45.00,5.00,55.00,45.00,55.00,MEDIUM,,,,,2026-06-24,2026-12-24,365,true,2021-06-10 09:27:59.000,2026-06-24 16:17:32.000
19944,4944,59.00,49.00,2.00,59.00,49.00,59.00,MEDIUM,,,,,2026-06-24,2027-03-24,365,true,2008-01-31 21:20:39.000,2026-06-24 16:17:32.000
19952,4952,32.00,57.00,3.00,32.00,57.00,37.00,MEDIUM,,,,,2026-02-24,2027-03-24,365,true,2022-09-29 23:17:14.000,2026-06-24 16:17:32.000
15289,289,89.00,64.00,84.00,89.00,64.00,95.00,HIGH,,,,,2026-04-24,2027-01-24,365,true,2018-04-23 11:34:56.000,2026-06-24 16:17:32.000
15369,369,64.00,64.00,84.00,64.00,64.00,89.00,HIGH,,,,,2026-05-24,2026-12-24,365,true,2002-07-31 06:51:06.000,2026-06-24 16:17:32.000
15379,379,74.00,74.00,94.00,74.00,74.00,95.00,HIGH,,,,,2026-06-24,2027-01-24,365,true,2016-05-12 05:42:26.000,2026-06-24 16:17:32.000
15459,459,84.00,74.00,94.00,84.00,74.00,89.00,HIGH,,,,,2026-04-24,2027-05-24,365,true,2001-07-31 02:26:13.000,2026-06-24 16:17:32.000
16779,1779,74.00,74.00,94.00,74.00,74.00,89.00,HIGH,,,,,2026-04-24,2027-04-24,365,true,2021-09-03 02:52:08.000,2026-06-24 16:17:32.000
19119,4119,69.00,94.00,94.00,69.00,94.00,89.00,HIGH,,,,,2026-01-24,2027-01-24,365,true,2023-04-04 23:51:16.000,2026-06-24 16:17:32.000
19718,4718,73.00,93.00,93.00,73.00,93.00,88.00,HIGH,,,,,2026-01-24,2027-03-24,365,true,2009-01-16 20:04:47.000,2026-06-24 16:17:32.000
15095,95,40.00,40.00,90.00,40.00,40.00,55.00,MEDIUM,,,,,2026-03-24,2027-05-24,365,true,2019-05-20 00:34:35.000,2026-06-24 16:17:32.000
15135,135,45.00,40.00,90.00,45.00,40.00,65.00,MEDIUM,,,,,2026-06-24,2027-05-24,365,true,2018-01-27 21:44:36.000,2026-06-24 16:17:32.000
15141,141,51.00,46.00,76.00,51.00,46.00,71.00,MEDIUM,,,,,2026-01-24,2027-02-24,365,true,2020-04-18 15:22:39.000,2026-06-24 16:17:32.000
15326,326,61.00,31.00,81.00,61.00,31.00,76.00,MEDIUM,,,,,2026-03-24,2027-05-24,365,true,2011-07-04 14:31:59.000,2026-06-24 16:17:32.000
15345,345,45.00,50.00,80.00,45.00,50.00,65.00,MEDIUM,,,,,2026-02-24,2027-03-24,365,true,2021-09-16 07:39:13.000,2026-06-24 16:17:32.000
15429,429,59.00,54.00,84.00,59.00,54.00,59.00,MEDIUM,,,,,2026-06-24,2027-02-24,365,true,2019-10-23 02:16:18.000,2026-06-24 16:17:32.000
15463,463,58.00,48.00,78.00,58.00,48.00,63.00,MEDIUM,,,,,2026-06-24,2027-05-24,365,true,2003-08-14 15:54:54.000,2026-06-24 16:17:32.000
15566,566,56.00,31.00,81.00,56.00,31.00,76.00,MEDIUM,,,,,2026-02-24,2027-05-24,365,true,2005-03-19 17:14:25.000,2026-06-24 16:17:32.000
15655,655,40.00,40.00,90.00,40.00,40.00,75.00,MEDIUM,,,,,2026-02-24,2027-05-24,365,true,2011-07-31 19:05:34.000,2026-06-24 16:17:32.000
15694,694,44.00,39.00,89.00,44.00,39.00,54.00,MEDIUM,,,,,2026-06-24,2027-01-24,365,true,2025-12-01 11:47:58.000,2026-06-24 16:17:32.000
15761,761,41.00,26.00,76.00,41.00,26.00,61.00,MEDIUM,,,,,2026-06-24,2027-02-24,365,true,2013-10-04 18:27:02.000,2026-06-24 16:17:32.000
15978,978,48.00,43.00,93.00,48.00,43.00,68.00,MEDIUM,,,,,2026-03-24,2027-05-24,365,true,2005-08-16 18:07:49.000,2026-06-24 16:17:32.000
16113,1113,43.00,58.00,88.00,43.00,58.00,53.00,MEDIUM,,,,,2026-02-24,2026-12-24,365,true,2019-05-05 06:31:57.000,2026-06-24 16:17:32.000
16355,1355,40.00,60.00,90.00,40.00,60.00,55.00,MEDIUM,,,,,2026-04-24,2027-02-24,365,true,2012-10-04 09:16:30.000,2026-06-24 16:17:32.000
16489,1489,34.00,34.00,84.00,34.00,34.00,69.00,MEDIUM,,,,,2026-01-24,2027-02-24,365,true,2013-01-24 14:17:14.000,2026-06-24 16:17:32.000
16553,1553,63.00,58.00,88.00,63.00,58.00,73.00,MEDIUM,,,,,2026-06-24,2027-03-24,365,true,2006-01-22 23:38:02.000,2026-06-24 16:17:32.000
16593,1593,33.00,58.00,88.00,33.00,58.00,53.00,MEDIUM,,,,,2026-04-24,2027-04-24,365,true,2022-10-15 01:16:15.000,2026-06-24 16:17:32.000
16651,1651,56.00,36.00,86.00,56.00,36.00,51.00,MEDIUM,,,,,2026-06-24,2027-03-24,365,true,2019-08-25 00:14:09.000,2026-06-24 16:17:32.000
16679,1679,49.00,64.00,94.00,49.00,64.00,79.00,MEDIUM,,,,,2026-04-24,2027-04-24,365,true,2018-07-11 21:49:01.000,2026-06-24 16:17:32.000
16746,1746,46.00,51.00,81.00,46.00,51.00,56.00,MEDIUM,,,,,2026-02-24,2027-04-24,365,true,2022-06-27 16:21:27.000,2026-06-24 16:17:32.000
16833,1833,63.00,58.00,88.00,63.00,58.00,53.00,MEDIUM,,,,,2026-04-24,2027-03-24,365,true,2007-05-21 04:58:35.000,2026-06-24 16:17:32.000
17081,2081,31.00,26.00,76.00,31.00,26.00,61.00,MEDIUM,,,,,2026-02-24,2027-05-24,365,true,2021-01-17 02:09:35.000,2026-06-24 16:17:32.000
17317,2317,57.00,62.00,92.00,57.00,62.00,57.00,MEDIUM,,,,,2026-05-24,2027-05-24,365,true,2015-02-14 03:16:14.000,2026-06-24 16:17:32.000
17379,2379,49.00,44.00,94.00,49.00,44.00,59.00,MEDIUM,,,,,2026-06-24,2027-02-24,365,true,2007-07-24 04:34:50.000,2026-06-24 16:17:32.000
17521,2521,51.00,26.00,76.00,51.00,26.00,51.00,MEDIUM,,,,,2026-02-24,2027-03-24,365,true,2002-11-27 21:45:03.000,2026-06-24 16:17:32.000
17757,2757,42.00,62.00,92.00,42.00,62.00,77.00,MEDIUM,,,,,2026-05-24,2027-01-24,365,true,2010-01-23 05:12:36.000,2026-06-24 16:17:32.000
17863,2863,43.00,48.00,78.00,43.00,48.00,63.00,MEDIUM,,,,,2026-01-24,2027-04-24,365,true,2009-05-05 23:30:37.000,2026-06-24 16:17:32.000
17967,2967,42.00,32.00,82.00,42.00,32.00,77.00,MEDIUM,,,,,2026-05-24,2026-12-24,365,true,2023-06-04 21:56:22.000,2026-06-24 16:17:32.000
18013,3013,53.00,38.00,88.00,53.00,38.00,63.00,MEDIUM,,,,,2026-03-24,2027-04-24,365,true,2026-01-24 15:50:08.000,2026-06-24 16:17:32.000
18015,3015,55.00,40.00,90.00,55.00,40.00,65.00,MEDIUM,,,,,2026-03-24,2027-01-24,365,true,2014-05-30 00:51:27.000,2026-06-24 16:17:32.000
18026,3026,31.00,51.00,81.00,31.00,51.00,76.00,MEDIUM,,,,,2026-01-24,2027-03-24,365,true,2016-04-24 20:49:03.000,2026-06-24 16:17:32.000
18070,3070,40.00,55.00,85.00,40.00,55.00,60.00,MEDIUM,,,,,2026-04-24,2027-05-24,365,true,2006-10-05 04:13:08.000,2026-06-24 16:17:32.000
18090,3090,60.00,35.00,85.00,60.00,35.00,50.00,MEDIUM,,,,,2026-06-24,2027-04-24,365,true,2025-07-14 08:24:09.000,2026-06-24 16:17:32.000
18177,3177,42.00,42.00,92.00,42.00,42.00,77.00,MEDIUM,,,,,2026-06-24,2027-03-24,365,true,2000-10-12 10:56:11.000,2026-06-24 16:17:32.000
18317,3317,42.00,62.00,92.00,42.00,62.00,67.00,MEDIUM,,,,,2026-06-24,2027-05-24,365,true,2022-06-02 18:06:37.000,2026-06-24 16:17:32.000
18359,3359,49.00,64.00,94.00,49.00,64.00,79.00,MEDIUM,,,,,2026-06-24,2027-05-24,365,true,2021-09-15 09:09:05.000,2026-06-24 16:17:32.000
18394,3394,49.00,59.00,89.00,49.00,59.00,54.00,MEDIUM,,,,,2026-05-24,2026-12-24,365,true,2021-02-27 15:39:05.000,2026-06-24 16:17:32.000
18498,3498,48.00,43.00,93.00,48.00,43.00,68.00,MEDIUM,,,,,2026-02-24,2027-05-24,365,true,2018-02-23 16:14:07.000,2026-06-24 16:17:32.000
18545,3545,60.00,50.00,80.00,60.00,50.00,55.00,MEDIUM,,,,,2026-05-24,2027-05-24,365,true,2023-04-11 19:50:42.000,2026-06-24 16:17:32.000
18790,3790,60.00,55.00,85.00,60.00,55.00,60.00,MEDIUM,,,,,2026-06-24,2027-04-24,365,true,2023-07-07 09:51:06.000,2026-06-24 16:17:32.000
18855,3855,55.00,40.00,90.00,55.00,40.00,65.00,MEDIUM,,,,,2026-06-24,2027-02-24,365,true,2024-10-25 23:45:24.000,2026-06-24 16:17:32.000
18906,3906,36.00,51.00,81.00,36.00,51.00,56.00,MEDIUM,,,,,2026-03-24,2027-03-24,365,true,2015-08-27 23:25:59.000,2026-06-24 16:17:32.000
18913,3913,43.00,58.00,88.00,43.00,58.00,63.00,MEDIUM,,,,,2026-03-24,2027-05-24,365,true,2023-05-17 15:17:35.000,2026-06-24 16:17:32.000
19019,4019,44.00,44.00,94.00,44.00,44.00,79.00,MEDIUM,,,,,2026-06-24,2027-03-24,365,true,2023-08-24 21:19:08.000,2026-06-24 16:17:32.000
19039,4039,64.00,64.00,94.00,64.00,64.00,69.00,MEDIUM,,,,,2026-03-24,2027-03-24,365,true,2026-05-20 16:51:14.000,2026-06-24 16:17:32.000
19046,4046,36.00,31.00,81.00,36.00,31.00,76.00,MEDIUM,,,,,2026-02-24,2027-04-24,365,true,2014-09-19 18:23:36.000,2026-06-24 16:17:32.000
19121,4121,41.00,26.00,76.00,41.00,26.00,61.00,MEDIUM,,,,,2026-05-24,2026-12-24,365,true,2002-08-02 14:01:49.000,2026-06-24 16:17:32.000
19139,4139,59.00,44.00,94.00,59.00,44.00,79.00,MEDIUM,,,,,2026-03-24,2027-03-24,365,true,2024-12-16 01:01:08.000,2026-06-24 16:17:32.000
19206,4206,56.00,31.00,81.00,56.00,31.00,56.00,MEDIUM,,,,,2026-02-24,2027-03-24,365,true,2022-12-19 14:12:23.000,2026-06-24 16:17:32.000
19235,4235,50.00,60.00,90.00,50.00,60.00,55.00,MEDIUM,,,,,2026-05-24,2027-04-24,365,true,2015-07-24 08:35:20.000,2026-06-24 16:17:32.000
19298,4298,43.00,43.00,93.00,43.00,43.00,58.00,MEDIUM,,,,,2026-05-24,2026-12-24,365,true,2021-03-23 18:45:24.000,2026-06-24 16:17:32.000
19325,4325,35.00,30.00,80.00,35.00,30.00,55.00,MEDIUM,,,,,2026-03-24,2027-01-24,365,true,2001-03-25 22:15:29.000,2026-06-24 16:17:32.000
19353,4353,63.00,58.00,88.00,63.00,58.00,53.00,MEDIUM,,,,,2026-04-24,2027-03-24,365,true,2018-05-28 12:55:26.000,2026-06-24 16:17:32.000
19789,4789,44.00,54.00,84.00,44.00,54.00,69.00,MEDIUM,,,,,2026-05-24,2027-05-24,365,true,2025-04-05 11:17:35.000,2026-06-24 16:17:32.000
19858,4858,43.00,43.00,93.00,43.00,43.00,78.00,MEDIUM,,,,,2026-02-24,2027-02-24,365,true,2024-07-29 17:48:55.000,2026-06-24 16:17:32.000
19929,4929,44.00,34.00,84.00,44.00,34.00,59.00,MEDIUM,,,,,2026-04-24,2027-01-24,365,true,2016-01-28 10:53:51.000,2026-06-24 16:17:32.000
19979,4979,59.00,44.00,94.00,59.00,44.00,79.00,MEDIUM,,,,,2026-06-24,2027-02-24,365,true,2025-10-06 09:40:16.000,2026-06-24 16:17:32.000
15010,10,35.00,15.00,85.00,35.00,15.00,30.00,LOW,,,,,2026-06-24,2027-02-24,365,true,2003-09-08 17:26:41.000,2026-06-24 16:17:32.000
15026,26,16.00,31.00,81.00,16.00,31.00,46.00,LOW,,,,,2026-06-24,2027-02-24,365,true,2018-03-07 09:07:21.000,2026-06-24 16:17:32.000
15043,43,33.00,8.00,78.00,33.00,8.00,33.00,LOW,,,,,2026-04-24,2027-04-24,365,true,2014-03-24 07:39:08.000,2026-06-24 16:17:32.000
15056,56,11.00,21.00,91.00,11.00,21.00,46.00,LOW,,,,,2026-01-24,2027-01-24,365,true,2007-07-29 14:12:38.000,2026-06-24 16:17:32.000
15074,74,29.00,39.00,89.00,29.00,39.00,34.00,LOW,,,,,2026-05-24,2027-04-24,365,true,2013-09-27 03:34:27.000,2026-06-24 16:17:32.000
15089,89,9.00,14.00,84.00,9.00,14.00,49.00,LOW,,,,,2026-01-24,2027-03-24,365,true,2021-01-04 22:53:59.000,2026-06-24 16:17:32.000
15094,94,14.00,19.00,89.00,14.00,19.00,24.00,LOW,,,,,2026-05-24,2027-01-24,365,true,1999-02-23 17:11:12.000,2026-06-24 16:17:32.000
15104,104,24.00,29.00,79.00,24.00,29.00,34.00,LOW,,,,,2026-04-24,2027-05-24,365,true,2024-11-24 15:21:34.000,2026-06-24 16:17:32.000
15126,126,11.00,11.00,81.00,11.00,11.00,26.00,LOW,,,,,2026-06-24,2026-12-24,365,true,2022-09-25 11:24:56.000,2026-06-24 16:17:32.000
15138,138,23.00,23.00,93.00,23.00,23.00,38.00,LOW,,,,,2026-02-24,2027-04-24,365,true,2001-08-01 01:47:53.000,2026-06-24 16:17:32.000
15146,146,31.00,31.00,81.00,31.00,31.00,46.00,LOW,,,,,2026-04-24,2027-05-24,365,true,2026-02-27 15:05:37.000,2026-06-24 16:17:32.000
15149,149,34.00,34.00,84.00,34.00,34.00,49.00,LOW,,,,,2026-01-24,2027-04-24,365,true,2012-02-07 23:40:24.000,2026-06-24 16:17:32.000
15159,159,9.00,44.00,94.00,9.00,44.00,29.00,LOW,,,,,2026-03-24,2026-12-24,365,true,2025-03-15 11:43:14.000,2026-06-24 16:17:32.000
15185,185,35.00,30.00,80.00,35.00,30.00,25.00,LOW,,,,,2026-03-24,2026-12-24,365,true,2004-03-19 15:04:18.000,2026-06-24 16:17:32.000
15196,196,11.00,41.00,91.00,11.00,41.00,36.00,LOW,,,,,2026-05-24,2027-02-24,365,true,2023-06-13 04:46:47.000,2026-06-24 16:17:32.000
15206,206,21.00,11.00,81.00,21.00,11.00,46.00,LOW,,,,,2026-03-24,2027-02-24,365,true,2004-01-18 11:51:59.000,2026-06-24 16:17:32.000
15229,229,9.00,34.00,84.00,9.00,34.00,39.00,LOW,,,,,2026-06-24,2026-12-24,365,true,2025-01-08 00:03:05.000,2026-06-24 16:17:32.000
15232,232,12.00,37.00,87.00,12.00,37.00,42.00,LOW,,,,,2026-03-24,2027-03-24,365,true,2005-03-04 13:33:32.000,2026-06-24 16:17:32.000
15234,234,14.00,39.00,89.00,14.00,39.00,44.00,LOW,,,,,2026-02-24,2027-03-24,365,true,2015-07-13 21:36:48.000,2026-06-24 16:17:32.000
15240,240,20.00,5.00,75.00,20.00,5.00,20.00,LOW,,,,,2026-06-24,2027-03-24,365,true,2024-11-28 15:35:31.000,2026-06-24 16:17:32.000
15245,245,25.00,10.00,80.00,25.00,10.00,25.00,LOW,,,,,2026-06-24,2027-01-24,365,true,2021-07-16 08:10:40.000,2026-06-24 16:17:32.000
15252,252,32.00,17.00,87.00,32.00,17.00,32.00,LOW,,,,,2026-05-24,2026-12-24,365,true,2005-08-04 19:51:51.000,2026-06-24 16:17:32.000
15263,263,8.00,28.00,78.00,8.00,28.00,43.00,LOW,,,,,2026-06-24,2027-04-24,365,true,2021-04-25 11:07:19.000,2026-06-24 16:17:32.000
15275,275,20.00,40.00,90.00,20.00,40.00,25.00,LOW,,,,,2026-06-24,2027-01-24,365,true,2025-02-15 01:11:30.000,2026-06-24 16:17:32.000
15339,339,14.00,24.00,94.00,14.00,24.00,29.00,LOW,,,,,2026-02-24,2026-12-24,365,true,2011-11-19 09:48:45.000,2026-06-24 16:17:32.000
15343,343,18.00,28.00,78.00,18.00,28.00,33.00,LOW,,,,,2026-04-24,2027-03-24,365,true,2021-08-26 15:32:52.000,2026-06-24 16:17:32.000
15344,344,19.00,29.00,79.00,19.00,29.00,34.00,LOW,,,,,2026-02-24,2027-04-24,365,true,2015-01-26 03:27:42.000,2026-06-24 16:17:32.000
15367,367,7.00,12.00,82.00,7.00,12.00,27.00,LOW,,,,,2026-06-24,2027-04-24,365,true,2019-09-24 09:15:01.000,2026-06-24 16:17:32.000
15384,384,24.00,29.00,79.00,24.00,29.00,44.00,LOW,,,,,2026-05-24,2027-03-24,365,true,2007-03-02 17:45:44.000,2026-06-24 16:17:32.000
15413,413,18.00,18.00,88.00,18.00,18.00,43.00,LOW,,,,,2026-04-24,2027-01-24,365,true,2009-05-30 22:32:33.000,2026-06-24 16:17:32.000
15424,424,29.00,29.00,79.00,29.00,29.00,24.00,LOW,,,,,2026-02-24,2027-02-24,365,true,2022-02-07 12:45:03.000,2026-06-24 16:17:32.000
15465,465,35.00,30.00,80.00,35.00,30.00,35.00,LOW,,,,,2026-06-24,2027-01-24,365,true,2014-01-08 02:02:13.000,2026-06-24 16:17:32.000
15468,468,38.00,33.00,83.00,38.00,33.00,38.00,LOW,,,,,2026-03-24,2027-03-24,365,true,2013-05-20 21:30:31.000,2026-06-24 16:17:32.000
15534,534,34.00,19.00,89.00,34.00,19.00,44.00,LOW,,,,,2026-04-24,2027-02-24,365,true,2012-06-10 17:31:47.000,2026-06-24 16:17:32.000
15546,546,11.00,31.00,81.00,11.00,31.00,26.00,LOW,,,,,2026-04-24,2027-01-24,365,true,1998-04-24 11:55:10.000,2026-06-24 16:17:32.000
15593,593,23.00,38.00,88.00,23.00,38.00,43.00,LOW,,,,,2026-03-24,2027-02-24,365,true,2006-10-22 13:55:08.000,2026-06-24 16:17:32.000
15656,656,16.00,21.00,91.00,16.00,21.00,46.00,LOW,,,,,2026-06-24,2027-04-24,365,true,2000-04-17 10:08:05.000,2026-06-24 16:17:32.000
15663,663,23.00,28.00,78.00,23.00,28.00,23.00,LOW,,,,,2026-06-24,2027-01-24,365,true,2014-03-17 21:32:55.000,2026-06-24 16:17:32.000
15674,674,34.00,39.00,89.00,34.00,39.00,34.00,LOW,,,,,2026-06-24,2027-05-24,365,true,2006-11-15 09:43:30.000,2026-06-24 16:17:32.000
15682,682,7.00,7.00,77.00,7.00,7.00,42.00,LOW,,,,,2026-01-24,2027-02-24,365,true,1999-10-19 10:16:10.000,2026-06-24 16:17:32.000
15710,710,35.00,35.00,85.00,35.00,35.00,40.00,LOW,,,,,2026-02-24,2027-05-24,365,true,2023-11-22 10:47:58.000,2026-06-24 16:17:32.000
15711,711,36.00,36.00,86.00,36.00,36.00,41.00,LOW,,,,,2026-04-24,2027-04-24,365,true,2024-07-27 09:32:52.000,2026-06-24 16:17:32.000
15756,756,11.00,41.00,91.00,11.00,41.00,26.00,LOW,,,,,2026-04-24,2027-05-24,365,true,2025-10-03 18:04:20.000,2026-06-24 16:17:32.000
15786,786,6.00,31.00,81.00,6.00,31.00,26.00,LOW,,,,,2026-01-24,2026-12-24,365,true,2026-01-12 02:20:19.000,2026-06-24 16:17:32.000
15787,787,7.00,32.00,82.00,7.00,32.00,27.00,LOW,,,,,2026-01-24,2027-05-24,365,true,2020-10-16 11:39:32.000,2026-06-24 16:17:32.000
15811,811,31.00,16.00,86.00,31.00,16.00,21.00,LOW,,,,,2026-06-24,2027-02-24,365,true,2021-07-25 16:43:37.000,2026-06-24 16:17:32.000
15832,832,17.00,37.00,87.00,17.00,37.00,42.00,LOW,,,,,2026-02-24,2027-01-24,365,true,2026-01-31 17:30:05.000,2026-06-24 16:17:32.000
15873,873,23.00,38.00,88.00,23.00,38.00,23.00,LOW,,,,,2026-01-24,2027-03-24,365,true,2025-09-20 21:59:06.000,2026-06-24 16:17:32.000
15908,908,23.00,33.00,83.00,23.00,33.00,28.00,LOW,,,,,2026-04-24,2027-02-24,365,true,2013-03-22 10:25:27.000,2026-06-24 16:17:32.000
15977,977,22.00,22.00,92.00,22.00,22.00,37.00,LOW,,,,,2026-02-24,2027-05-24,365,true,2020-02-15 17:18:30.000,2026-06-24 16:17:32.000
15986,986,31.00,31.00,81.00,31.00,31.00,46.00,LOW,,,,,2026-03-24,2027-04-24,365,true,2019-09-25 04:42:38.000,2026-06-24 16:17:32.000
15996,996,6.00,41.00,91.00,6.00,41.00,26.00,LOW,,,,,2026-06-24,2027-02-24,365,true,2024-06-04 11:30:49.000,2026-06-24 16:17:32.000
16029,1029,39.00,34.00,84.00,39.00,34.00,29.00,LOW,,,,,2026-05-24,2027-03-24,365,true,2002-07-19 07:35:05.000,2026-06-24 16:17:32.000
16032,1032,7.00,37.00,87.00,7.00,37.00,32.00,LOW,,,,,2026-03-24,2027-01-24,365,true,2022-03-08 10:43:04.000,2026-06-24 16:17:32.000
16041,1041,16.00,6.00,76.00,16.00,6.00,41.00,LOW,,,,,2026-02-24,2026-12-24,365,true,2026-02-05 08:19:53.000,2026-06-24 16:17:32.000
16047,1047,22.00,12.00,82.00,22.00,12.00,47.00,LOW,,,,,2026-02-24,2027-02-24,365,true,2020-11-24 11:21:54.000,2026-06-24 16:17:32.000
16056,1056,31.00,21.00,91.00,31.00,21.00,26.00,LOW,,,,,2026-02-24,2027-04-24,365,true,2002-09-11 23:37:11.000,2026-06-24 16:17:32.000
16115,1115,20.00,40.00,90.00,20.00,40.00,25.00,LOW,,,,,2026-05-24,2027-05-24,365,true,2025-05-04 17:05:14.000,2026-06-24 16:17:32.000
16120,1120,25.00,5.00,75.00,25.00,5.00,30.00,LOW,,,,,2026-04-24,2027-01-24,365,true,2021-08-30 23:18:52.000,2026-06-24 16:17:32.000
16129,1129,34.00,14.00,84.00,34.00,14.00,39.00,LOW,,,,,2026-04-24,2027-05-24,365,true,1997-10-23 02:08:43.000,2026-06-24 16:17:32.000
16151,1151,21.00,36.00,86.00,21.00,36.00,31.00,LOW,,,,,2026-01-24,2027-05-24,365,true,2018-12-02 20:01:38.000,2026-06-24 16:17:32.000
16174,1174,9.00,19.00,89.00,9.00,19.00,24.00,LOW,,,,,2026-06-24,2026-12-24,365,true,2021-08-02 15:50:31.000,2026-06-24 16:17:32.000
16183,1183,18.00,28.00,78.00,18.00,28.00,33.00,LOW,,,,,2026-01-24,2026-12-24,365,true,2016-04-18 07:50:32.000,2026-06-24 16:17:32.000
16205,1205,5.00,10.00,80.00,5.00,10.00,25.00,LOW,,,,,2026-05-24,2027-04-24,365,true,2020-10-09 02:10:56.000,2026-06-24 16:17:32.000
16215,1215,15.00,20.00,90.00,15.00,20.00,35.00,LOW,,,,,2026-04-24,2027-05-24,365,true,2007-04-11 03:10:22.000,2026-06-24 16:17:32.000
16236,1236,36.00,41.00,91.00,36.00,41.00,26.00,LOW,,,,,2026-01-24,2027-01-24,365,true,2022-06-26 02:53:30.000,2026-06-24 16:17:32.000
16253,1253,18.00,18.00,88.00,18.00,18.00,43.00,LOW,,,,,2026-04-24,2027-05-24,365,true,2007-01-09 10:52:08.000,2026-06-24 16:17:32.000
16268,1268,33.00,33.00,83.00,33.00,33.00,28.00,LOW,,,,,2026-05-24,2027-03-24,365,true,2024-12-20 10:32:50.000,2026-06-24 16:17:32.000
16269,1269,34.00,34.00,84.00,34.00,34.00,29.00,LOW,,,,,2026-01-24,2027-05-24,365,true,2021-05-23 19:01:57.000,2026-06-24 16:17:32.000
16339,1339,34.00,24.00,94.00,34.00,24.00,39.00,LOW,,,,,2026-02-24,2027-04-24,365,true,2022-07-10 19:29:07.000,2026-06-24 16:17:32.000
16344,1344,39.00,29.00,79.00,39.00,29.00,44.00,LOW,,,,,2026-02-24,2027-05-24,365,true,2017-06-11 19:52:36.000,2026-06-24 16:17:32.000
16351,1351,11.00,36.00,86.00,11.00,36.00,21.00,LOW,,,,,2026-05-24,2027-04-24,365,true,2016-03-31 16:33:49.000,2026-06-24 16:17:32.000
16373,1373,33.00,18.00,88.00,33.00,18.00,43.00,LOW,,,,,2026-06-24,2027-04-24,365,true,2013-10-28 13:30:26.000,2026-06-24 16:17:32.000
16376,1376,36.00,21.00,91.00,36.00,21.00,46.00,LOW,,,,,2026-06-24,2026-12-24,365,true,2020-01-07 05:21:10.000,2026-06-24 16:17:32.000
16413,1413,38.00,18.00,88.00,38.00,18.00,23.00,LOW,,,,,2026-03-24,2027-04-24,365,true,2015-08-05 11:38:18.000,2026-06-24 16:17:32.000
16419,1419,9.00,24.00,94.00,9.00,24.00,29.00,LOW,,,,,2026-02-24,2027-04-24,365,true,2025-09-06 12:38:21.000,2026-06-24 16:17:32.000
16460,1460,15.00,25.00,75.00,15.00,25.00,40.00,LOW,,,,,2026-06-24,2026-12-24,365,true,2010-06-15 02:15:25.000,2026-06-24 16:17:32.000
16474,1474,29.00,39.00,89.00,29.00,39.00,24.00,LOW,,,,,2026-03-24,2027-01-24,365,true,1999-01-20 05:10:26.000,2026-06-24 16:17:32.000
16496,1496,16.00,21.00,91.00,16.00,21.00,46.00,LOW,,,,,2026-04-24,2027-02-24,365,true,2020-11-27 20:20:14.000,2026-06-24 16:17:32.000
16521,1521,6.00,6.00,76.00,6.00,6.00,41.00,LOW,,,,,2026-02-24,2027-05-24,365,true,2024-08-20 01:50:44.000,2026-06-24 16:17:32.000
16536,1536,21.00,21.00,91.00,21.00,21.00,26.00,LOW,,,,,2026-04-24,2027-02-24,365,true,1994-09-20 11:40:07.000,2026-06-24 16:17:32.000
16556,1556,6.00,41.00,91.00,6.00,41.00,46.00,LOW,,,,,2026-02-24,2027-01-24,365,true,2023-02-05 10:35:09.000,2026-06-24 16:17:32.000
16574,1574,24.00,19.00,89.00,24.00,19.00,34.00,LOW,,,,,2026-05-24,2027-03-24,365,true,2015-10-17 06:16:36.000,2026-06-24 16:17:32.000
16619,1619,34.00,24.00,94.00,34.00,24.00,49.00,LOW,,,,,2026-04-24,2026-12-24,365,true,2023-01-27 12:29:48.000,2026-06-24 16:17:32.000
16629,1629,9.00,34.00,84.00,9.00,34.00,29.00,LOW,,,,,2026-03-24,2027-03-24,365,true,2000-11-20 02:19:27.000,2026-06-24 16:17:32.000
16658,1658,38.00,23.00,93.00,38.00,23.00,28.00,LOW,,,,,2026-05-24,2027-05-24,365,true,2008-11-25 22:29:45.000,2026-06-24 16:17:32.000
16694,1694,39.00,19.00,89.00,39.00,19.00,34.00,LOW,,,,,2026-06-24,2027-04-24,365,true,2003-03-22 22:51:50.000,2026-06-24 16:17:32.000
16719,1719,29.00,44.00,94.00,29.00,44.00,29.00,LOW,,,,,2026-01-24,2026-12-24,365,true,2020-03-10 20:19:18.000,2026-06-24 16:17:32.000
16725,1725,35.00,10.00,80.00,35.00,10.00,35.00,LOW,,,,,2026-06-24,2027-03-24,365,true,2012-08-03 13:57:49.000,2026-06-24 16:17:32.000
16735,1735,10.00,20.00,90.00,10.00,20.00,45.00,LOW,,,,,2026-04-24,2026-12-24,365,true,2012-04-04 00:35:14.000,2026-06-24 16:17:32.000
16764,1764,39.00,9.00,79.00,39.00,9.00,44.00,LOW,,,,,2026-03-24,2027-05-24,365,true,2025-09-12 13:15:50.000,2026-06-24 16:17:32.000
16765,1765,5.00,10.00,80.00,5.00,10.00,45.00,LOW,,,,,2026-02-24,2026-12-24,365,true,2012-05-25 08:06:40.000,2026-06-24 16:17:32.000
16768,1768,8.00,13.00,83.00,8.00,13.00,48.00,LOW,,,,,2026-03-24,2027-05-24,365,true,2016-05-11 15:17:11.000,2026-06-24 16:17:32.000
16778,1778,18.00,23.00,93.00,18.00,23.00,28.00,LOW,,,,,2026-04-24,2027-05-24,365,true,2025-04-08 11:18:50.000,2026-06-24 16:17:32.000
16815,1815,20.00,20.00,90.00,20.00,20.00,35.00,LOW,,,,,2026-01-24,2027-04-24,365,true,2015-12-21 00:42:37.000,2026-06-24 16:17:32.000
16816,1816,21.00,21.00,91.00,21.00,21.00,36.00,LOW,,,,,2026-03-24,2027-02-24,365,true,2022-11-02 13:37:24.000,2026-06-24 16:17:32.000
16835,1835,5.00,40.00,90.00,5.00,40.00,25.00,LOW,,,,,2026-03-24,2027-02-24,365,true,2025-02-05 02:59:40.000,2026-06-24 16:17:32.000
16850,1850,20.00,15.00,85.00,20.00,15.00,40.00,LOW,,,,,2026-01-24,2026-12-24,365,true,2009-06-28 16:27:34.000,2026-06-24 16:17:32.000
16896,1896,31.00,21.00,91.00,31.00,21.00,26.00,LOW,,,,,2026-05-24,2027-01-24,365,true,2020-12-08 17:58:10.000,2026-06-24 16:17:32.000
16908,1908,8.00,33.00,83.00,8.00,33.00,38.00,LOW,,,,,2026-06-24,2027-05-24,365,true,2017-04-14 19:45:11.000,2026-06-24 16:17:32.000
16922,1922,22.00,7.00,77.00,22.00,7.00,22.00,LOW,,,,,2026-05-24,2027-02-24,365,true,1993-02-23 11:50:11.000,2026-06-24 16:17:32.000
16966,1966,31.00,11.00,81.00,31.00,11.00,36.00,LOW,,,,,2026-01-24,2026-12-24,365,true,2013-08-08 13:08:00.000,2026-06-24 16:17:32.000
17012,2012,7.00,17.00,87.00,7.00,17.00,22.00,LOW,,,,,2026-02-24,2026-12-24,365,true,2025-07-29 05:51:47.000,2026-06-24 16:17:32.000
17013,2013,8.00,18.00,88.00,8.00,18.00,23.00,LOW,,,,,2026-04-24,2027-03-24,365,true,2024-04-04 17:37:51.000,2026-06-24 16:17:32.000
17021,2021,16.00,26.00,76.00,16.00,26.00,31.00,LOW,,,,,2026-02-24,2027-01-24,365,true,2013-04-11 04:16:55.000,2026-06-24 16:17:32.000
17031,2031,26.00,36.00,86.00,26.00,36.00,41.00,LOW,,,,,2026-01-24,2027-04-24,365,true,2018-04-30 22:29:30.000,2026-06-24 16:17:32.000
17032,2032,27.00,37.00,87.00,27.00,37.00,42.00,LOW,,,,,2026-01-24,2026-12-24,365,true,2000-03-04 11:37:11.000,2026-06-24 16:17:32.000
17065,2065,25.00,30.00,80.00,25.00,30.00,45.00,LOW,,,,,2026-02-24,2026-12-24,365,true,2024-01-10 09:48:33.000,2026-06-24 16:17:32.000
17142,2142,32.00,27.00,77.00,32.00,27.00,32.00,LOW,,,,,2026-04-24,2027-05-24,365,true,2011-01-20 11:20:53.000,2026-06-24 16:17:32.000
17156,2156,11.00,41.00,91.00,11.00,41.00,46.00,LOW,,,,,2026-06-24,2027-04-24,365,true,2012-04-01 17:59:57.000,2026-06-24 16:17:32.000
17160,2160,15.00,5.00,75.00,15.00,5.00,20.00,LOW,,,,,2026-05-24,2027-03-24,365,true,2007-08-14 18:16:03.000,2026-06-24 16:17:32.000
17220,2220,5.00,25.00,75.00,5.00,25.00,20.00,LOW,,,,,2026-02-24,2027-02-24,365,true,2023-04-06 23:40:04.000,2026-06-24 16:17:32.000
17240,2240,25.00,5.00,75.00,25.00,5.00,40.00,LOW,,,,,2026-06-24,2027-01-24,365,true,2002-07-23 08:48:41.000,2026-06-24 16:17:32.000
17250,2250,35.00,15.00,85.00,35.00,15.00,20.00,LOW,,,,,2026-01-24,2027-01-24,365,true,2005-10-15 17:56:30.000,2026-06-24 16:17:32.000
17254,2254,39.00,19.00,89.00,39.00,19.00,24.00,LOW,,,,,2026-03-24,2027-02-24,365,true,2007-12-26 10:07:28.000,2026-06-24 16:17:32.000
17255,2255,5.00,20.00,90.00,5.00,20.00,25.00,LOW,,,,,2026-03-24,2027-02-24,365,true,1998-08-04 08:00:00.000,2026-06-24 16:17:32.000
17316,2316,31.00,41.00,91.00,31.00,41.00,26.00,LOW,,,,,2026-01-24,2027-02-24,365,true,2022-06-06 01:29:57.000,2026-06-24 16:17:32.000
17361,2361,6.00,6.00,76.00,6.00,6.00,41.00,LOW,,,,,2026-05-24,2027-03-24,365,true,2000-11-13 11:17:45.000,2026-06-24 16:17:32.000
17401,2401,11.00,6.00,76.00,11.00,6.00,21.00,LOW,,,,,2026-01-24,2027-01-24,365,true,2021-01-01 04:18:13.000,2026-06-24 16:17:32.000
17442,2442,17.00,7.00,77.00,17.00,7.00,32.00,LOW,,,,,2026-03-24,2027-01-24,365,true,2017-05-12 22:49:04.000,2026-06-24 16:17:32.000
17477,2477,17.00,42.00,92.00,17.00,42.00,37.00,LOW,,,,,2026-03-24,2027-01-24,365,true,2020-05-18 14:13:33.000,2026-06-24 16:17:32.000
17562,2562,32.00,7.00,77.00,32.00,7.00,32.00,LOW,,,,,2026-04-24,2027-05-24,365,true,2024-05-31 11:42:37.000,2026-06-24 16:17:32.000
17563,2563,33.00,8.00,78.00,33.00,8.00,33.00,LOW,,,,,2026-03-24,2027-04-24,365,true,2006-12-01 19:57:09.000,2026-06-24 16:17:32.000
17603,2603,38.00,8.00,78.00,38.00,8.00,43.00,LOW,,,,,2026-04-24,2026-12-24,365,true,2015-08-31 05:38:33.000,2026-06-24 16:17:32.000
17631,2631,31.00,36.00,86.00,31.00,36.00,41.00,LOW,,,,,2026-01-24,2026-12-24,365,true,2015-07-18 17:47:17.000,2026-06-24 16:17:32.000
17678,2678,8.00,43.00,93.00,8.00,43.00,28.00,LOW,,,,,2026-06-24,2027-03-24,365,true,2006-02-20 16:42:01.000,2026-06-24 16:17:32.000
17685,2685,15.00,10.00,80.00,15.00,10.00,35.00,LOW,,,,,2026-03-24,2027-04-24,365,true,2023-06-13 06:47:32.000,2026-06-24 16:17:32.000
17689,2689,19.00,14.00,84.00,19.00,14.00,39.00,LOW,,,,,2026-04-24,2027-01-24,365,true,2001-09-03 07:22:55.000,2026-06-24 16:17:32.000
17770,2770,30.00,15.00,85.00,30.00,15.00,30.00,LOW,,,,,2026-03-24,2027-02-24,365,true,2023-05-04 04:17:55.000,2026-06-24 16:17:32.000
17773,2773,33.00,18.00,88.00,33.00,18.00,33.00,LOW,,,,,2026-06-24,2027-02-24,365,true,2023-09-29 21:23:23.000,2026-06-24 16:17:32.000
17788,2788,13.00,33.00,83.00,13.00,33.00,48.00,LOW,,,,,2026-03-24,2027-04-24,365,true,2023-08-30 17:42:38.000,2026-06-24 16:17:32.000
17791,2791,16.00,36.00,86.00,16.00,36.00,21.00,LOW,,,,,2026-03-24,2027-02-24,365,true,2020-03-30 01:18:29.000,2026-06-24 16:17:32.000
17827,2827,17.00,32.00,82.00,17.00,32.00,27.00,LOW,,,,,2026-03-24,2027-04-24,365,true,2025-04-16 18:09:50.000,2026-06-24 16:17:32.000
17885,2885,5.00,10.00,80.00,5.00,10.00,25.00,LOW,,,,,2026-06-24,2027-04-24,365,true,2015-08-19 14:57:34.000,2026-06-24 16:17:32.000
17888,2888,8.00,13.00,83.00,8.00,13.00,28.00,LOW,,,,,2026-02-24,2027-03-24,365,true,2017-06-01 08:27:00.000,2026-06-24 16:17:32.000
17899,2899,19.00,24.00,94.00,19.00,24.00,39.00,LOW,,,,,2026-02-24,2027-02-24,365,true,2016-08-20 10:16:59.000,2026-06-24 16:17:32.000
17901,2901,21.00,26.00,76.00,21.00,26.00,41.00,LOW,,,,,2026-06-24,2027-01-24,365,true,2023-06-02 07:52:16.000,2026-06-24 16:17:32.000
17941,2941,26.00,26.00,76.00,26.00,26.00,21.00,LOW,,,,,2026-05-24,2026-12-24,365,true,2010-12-25 04:22:22.000,2026-06-24 16:17:32.000
17978,2978,28.00,23.00,93.00,28.00,23.00,28.00,LOW,,,,,2026-01-24,2026-12-24,365,true,2023-05-27 11:30:23.000,2026-06-24 16:17:32.000
18008,3008,23.00,13.00,83.00,23.00,13.00,28.00,LOW,,,,,2026-04-24,2027-03-24,365,true,2002-11-17 22:31:48.000,2026-06-24 16:17:32.000
18066,3066,11.00,31.00,81.00,11.00,31.00,26.00,LOW,,,,,2026-04-24,2027-04-24,365,true,2013-08-08 19:03:03.000,2026-06-24 16:17:32.000
18079,3079,24.00,44.00,94.00,24.00,44.00,39.00,LOW,,,,,2026-05-24,2027-03-24,365,true,2025-06-17 14:45:34.000,2026-06-24 16:17:32.000
18089,3089,34.00,14.00,84.00,34.00,14.00,49.00,LOW,,,,,2026-01-24,2027-04-24,365,true,2023-11-20 15:11:52.000,2026-06-24 16:17:32.000
18118,3118,28.00,43.00,93.00,28.00,43.00,48.00,LOW,,,,,2026-01-24,2027-03-24,365,true,2016-12-15 11:13:44.000,2026-06-24 16:17:32.000
18124,3124,34.00,9.00,79.00,34.00,9.00,24.00,LOW,,,,,2026-03-24,2026-12-24,365,true,2025-07-30 15:58:17.000,2026-06-24 16:17:32.000
18145,3145,20.00,30.00,80.00,20.00,30.00,45.00,LOW,,,,,2026-06-24,2027-05-24,365,true,2019-10-27 12:46:32.000,2026-06-24 16:17:32.000
18252,3252,22.00,17.00,87.00,22.00,17.00,32.00,LOW,,,,,2026-05-24,2027-05-24,365,true,2014-03-27 15:19:54.000,2026-06-24 16:17:32.000
18278,3278,13.00,43.00,93.00,13.00,43.00,28.00,LOW,,,,,2026-06-24,2027-01-24,365,true,2016-07-08 21:13:26.000,2026-06-24 16:17:32.000
18285,3285,20.00,10.00,80.00,20.00,10.00,35.00,LOW,,,,,2026-01-24,2026-12-24,365,true,2023-12-14 23:51:58.000,2026-06-24 16:17:32.000
18329,3329,29.00,14.00,84.00,29.00,14.00,49.00,LOW,,,,,2026-06-24,2027-01-24,365,true,2001-09-23 06:08:31.000,2026-06-24 16:17:32.000
18334,3334,34.00,19.00,89.00,34.00,19.00,24.00,LOW,,,,,2026-02-24,2027-05-24,365,true,2007-12-02 15:32:46.000,2026-06-24 16:17:32.000
18356,3356,21.00,41.00,91.00,21.00,41.00,46.00,LOW,,,,,2026-05-24,2027-05-24,365,true,2019-07-25 12:28:35.000,2026-06-24 16:17:32.000
18357,3357,22.00,42.00,92.00,22.00,42.00,47.00,LOW,,,,,2026-01-24,2027-04-24,365,true,2025-01-04 14:43:25.000,2026-06-24 16:17:32.000
18399,3399,29.00,44.00,94.00,29.00,44.00,29.00,LOW,,,,,2026-05-24,2027-02-24,365,true,2026-05-27 10:01:47.000,2026-06-24 16:17:32.000
18407,3407,37.00,12.00,82.00,37.00,12.00,37.00,LOW,,,,,2026-06-24,2027-01-24,365,true,2024-08-08 03:14:25.000,2026-06-24 16:17:32.000
18411,3411,6.00,16.00,86.00,6.00,16.00,41.00,LOW,,,,,2026-01-24,2026-12-24,365,true,2010-05-23 10:26:32.000,2026-06-24 16:17:32.000
18455,3455,15.00,20.00,90.00,15.00,20.00,25.00,LOW,,,,,2026-06-24,2027-04-24,365,true,2019-08-19 11:26:38.000,2026-06-24 16:17:32.000
18464,3464,24.00,29.00,79.00,24.00,29.00,34.00,LOW,,,,,2026-02-24,2027-05-24,365,true,2025-07-04 17:06:20.000,2026-06-24 16:17:32.000
18491,3491,16.00,16.00,86.00,16.00,16.00,31.00,LOW,,,,,2026-03-24,2027-02-24,365,true,2024-09-14 18:02:13.000,2026-06-24 16:17:32.000
18493,3493,18.00,18.00,88.00,18.00,18.00,33.00,LOW,,,,,2026-05-24,2027-03-24,365,true,2026-06-11 20:31:14.000,2026-06-24 16:17:32.000
18518,3518,8.00,43.00,93.00,8.00,43.00,28.00,LOW,,,,,2026-04-24,2027-03-24,365,true,2016-03-01 07:15:27.000,2026-06-24 16:17:32.000
18519,3519,9.00,44.00,94.00,9.00,44.00,29.00,LOW,,,,,2026-03-24,2027-05-24,365,true,2013-11-03 18:09:21.000,2026-06-24 16:17:32.000
18548,3548,38.00,33.00,83.00,38.00,33.00,28.00,LOW,,,,,2026-01-24,2027-04-24,365,true,2024-06-20 05:07:24.000,2026-06-24 16:17:32.000
18590,3590,10.00,35.00,85.00,10.00,35.00,40.00,LOW,,,,,2026-05-24,2027-04-24,365,true,2026-02-03 02:35:30.000,2026-06-24 16:17:32.000
18610,3610,30.00,15.00,85.00,30.00,15.00,30.00,LOW,,,,,2026-03-24,2027-03-24,365,true,2009-04-16 01:35:23.000,2026-06-24 16:17:32.000
18623,3623,8.00,28.00,78.00,8.00,28.00,43.00,LOW,,,,,2026-04-24,2027-05-24,365,true,2018-01-28 21:59:09.000,2026-06-24 16:17:32.000
18631,3631,16.00,36.00,86.00,16.00,36.00,21.00,LOW,,,,,2026-01-24,2026-12-24,365,true,2008-09-08 23:23:25.000,2026-06-24 16:17:32.000
18657,3657,7.00,22.00,92.00,7.00,22.00,47.00,LOW,,,,,2026-01-24,2027-02-24,365,true,2022-06-03 18:52:16.000,2026-06-24 16:17:32.000
18668,3668,18.00,33.00,83.00,18.00,33.00,28.00,LOW,,,,,2026-04-24,2027-05-24,365,true,2016-07-24 00:28:43.000,2026-06-24 16:17:32.000
18670,3670,20.00,35.00,85.00,20.00,35.00,30.00,LOW,,,,,2026-05-24,2027-04-24,365,true,2024-12-22 17:46:47.000,2026-06-24 16:17:32.000
18671,3671,21.00,36.00,86.00,21.00,36.00,31.00,LOW,,,,,2026-06-24,2027-01-24,365,true,2006-11-08 03:08:53.000,2026-06-24 16:17:32.000
18680,3680,30.00,5.00,75.00,30.00,5.00,40.00,LOW,,,,,2026-05-24,2027-01-24,365,true,2015-03-08 15:01:37.000,2026-06-24 16:17:32.000
18687,3687,37.00,12.00,82.00,37.00,12.00,47.00,LOW,,,,,2026-02-24,2027-01-24,365,true,2019-06-12 23:20:00.000,2026-06-24 16:17:32.000
18737,3737,17.00,22.00,92.00,17.00,22.00,37.00,LOW,,,,,2026-06-24,2027-05-24,365,true,2004-07-16 09:01:50.000,2026-06-24 16:17:32.000
18739,3739,19.00,24.00,94.00,19.00,24.00,39.00,LOW,,,,,2026-04-24,2027-02-24,365,true,2023-12-30 23:02:17.000,2026-06-24 16:17:32.000
18740,3740,20.00,25.00,75.00,20.00,25.00,40.00,LOW,,,,,2026-02-24,2027-02-24,365,true,2025-11-10 19:05:57.000,2026-06-24 16:17:32.000
18765,3765,10.00,10.00,80.00,10.00,10.00,35.00,LOW,,,,,2026-06-24,2027-01-24,365,true,2014-09-29 02:16:26.000,2026-06-24 16:17:32.000
18768,3768,13.00,13.00,83.00,13.00,13.00,38.00,LOW,,,,,2026-05-24,2027-03-24,365,true,2021-03-06 02:12:14.000,2026-06-24 16:17:32.000
18797,3797,7.00,42.00,92.00,7.00,42.00,37.00,LOW,,,,,2026-05-24,2027-03-24,365,true,2016-12-11 13:42:19.000,2026-06-24 16:17:32.000
18798,3798,8.00,43.00,93.00,8.00,43.00,38.00,LOW,,,,,2026-05-24,2027-01-24,365,true,2002-11-01 14:03:30.000,2026-06-24 16:17:32.000
18835,3835,10.00,40.00,90.00,10.00,40.00,45.00,LOW,,,,,2026-04-24,2027-04-24,365,true,2013-09-29 01:42:46.000,2026-06-24 16:17:32.000
18871,3871,11.00,36.00,86.00,11.00,36.00,21.00,LOW,,,,,2026-01-24,2027-04-24,365,true,2020-12-17 10:09:08.000,2026-06-24 16:17:32.000
18890,3890,30.00,15.00,85.00,30.00,15.00,40.00,LOW,,,,,2026-01-24,2027-02-24,365,true,2017-06-09 01:49:16.000,2026-06-24 16:17:32.000
18911,3911,16.00,36.00,86.00,16.00,36.00,31.00,LOW,,,,,2026-04-24,2027-01-24,365,true,2017-05-26 20:56:31.000,2026-06-24 16:17:32.000
18954,3954,24.00,39.00,89.00,24.00,39.00,44.00,LOW,,,,,2026-06-24,2027-03-24,365,true,2009-11-26 00:43:38.000,2026-06-24 16:17:32.000
18975,3975,10.00,20.00,90.00,10.00,20.00,35.00,LOW,,,,,2026-01-24,2027-01-24,365,true,2006-09-02 08:32:39.000,2026-06-24 16:17:32.000
19027,4027,27.00,32.00,82.00,27.00,32.00,27.00,LOW,,,,,2026-03-24,2027-04-24,365,true,2022-06-26 21:55:30.000,2026-06-24 16:17:32.000
19060,4060,25.00,25.00,75.00,25.00,25.00,30.00,LOW,,,,,2026-03-24,2027-05-24,365,true,2014-06-11 06:50:11.000,2026-06-24 16:17:32.000
19082,4082,12.00,7.00,77.00,12.00,7.00,22.00,LOW,,,,,2026-04-24,2027-05-24,365,true,2020-06-07 19:37:56.000,2026-06-24 16:17:32.000
19140,4140,35.00,25.00,75.00,35.00,25.00,20.00,LOW,,,,,2026-02-24,2027-02-24,365,true,2019-05-14 06:54:30.000,2026-06-24 16:17:32.000
19154,4154,14.00,39.00,89.00,14.00,39.00,34.00,LOW,,,,,2026-06-24,2027-05-24,365,true,2017-07-23 06:10:21.000,2026-06-24 16:17:32.000
19165,4165,25.00,10.00,80.00,25.00,10.00,45.00,LOW,,,,,2026-01-24,2027-05-24,365,true,2013-11-20 13:26:10.000,2026-06-24 16:17:32.000
19167,4167,27.00,12.00,82.00,27.00,12.00,47.00,LOW,,,,,2026-03-24,2027-04-24,365,true,2020-01-21 14:52:26.000,2026-06-24 16:17:32.000
19178,4178,38.00,23.00,93.00,38.00,23.00,28.00,LOW,,,,,2026-06-24,2027-04-24,365,true,2012-03-01 11:00:46.000,2026-06-24 16:17:32.000
19185,4185,10.00,30.00,80.00,10.00,30.00,35.00,LOW,,,,,2026-02-24,2027-05-24,365,true,2022-12-26 06:05:41.000,2026-06-24 16:17:32.000
19205,4205,30.00,10.00,80.00,30.00,10.00,25.00,LOW,,,,,2026-05-24,2027-01-24,365,true,2020-11-28 04:41:56.000,2026-06-24 16:17:32.000
19229,4229,19.00,34.00,84.00,19.00,34.00,49.00,LOW,,,,,2026-03-24,2027-01-24,365,true,2007-03-21 12:50:39.000,2026-06-24 16:17:32.000
19240,4240,30.00,5.00,75.00,30.00,5.00,30.00,LOW,,,,,2026-01-24,2026-12-24,365,true,2023-06-08 11:14:11.000,2026-06-24 16:17:32.000
19248,4248,38.00,13.00,83.00,38.00,13.00,38.00,LOW,,,,,2026-02-24,2027-04-24,365,true,2024-08-11 23:06:25.000,2026-06-24 16:17:32.000
19273,4273,28.00,38.00,88.00,28.00,38.00,33.00,LOW,,,,,2026-03-24,2027-04-24,365,true,1995-08-29 02:03:14.000,2026-06-24 16:17:32.000
19306,4306,26.00,31.00,81.00,26.00,31.00,36.00,LOW,,,,,2026-03-24,2027-03-24,365,true,2014-03-25 15:47:31.000,2026-06-24 16:17:32.000
19310,4310,30.00,35.00,85.00,30.00,35.00,40.00,LOW,,,,,2026-01-24,2027-05-24,365,true,2013-09-10 08:24:59.000,2026-06-24 16:17:32.000
19328,4328,13.00,13.00,83.00,13.00,13.00,28.00,LOW,,,,,2026-04-24,2027-03-24,365,true,2025-04-14 00:21:30.000,2026-06-24 16:17:32.000
19392,4392,7.00,37.00,87.00,7.00,37.00,32.00,LOW,,,,,2026-01-24,2027-01-24,365,true,2018-05-03 08:32:34.000,2026-06-24 16:17:32.000
19402,4402,17.00,7.00,77.00,17.00,7.00,42.00,LOW,,,,,2026-04-24,2026-12-24,365,true,2014-06-22 20:30:25.000,2026-06-24 16:17:32.000
19427,4427,7.00,32.00,82.00,7.00,32.00,37.00,LOW,,,,,2026-02-24,2027-03-24,365,true,2019-03-26 13:27:48.000,2026-06-24 16:17:32.000
19432,4432,12.00,37.00,87.00,12.00,37.00,42.00,LOW,,,,,2026-05-24,2027-02-24,365,true,2003-12-01 04:09:22.000,2026-06-24 16:17:32.000
19444,4444,24.00,9.00,79.00,24.00,9.00,24.00,LOW,,,,,2026-01-24,2027-02-24,365,true,2012-11-03 09:19:48.000,2026-06-24 16:17:32.000
19470,4470,15.00,35.00,85.00,15.00,35.00,20.00,LOW,,,,,2026-05-24,2026-12-24,365,true,2025-01-08 19:41:10.000,2026-06-24 16:17:32.000
19480,4480,25.00,5.00,75.00,25.00,5.00,30.00,LOW,,,,,2026-06-24,2027-02-24,365,true,2018-07-03 21:44:53.000,2026-06-24 16:17:32.000
19504,4504,14.00,29.00,79.00,14.00,29.00,24.00,LOW,,,,,2026-06-24,2027-05-24,365,true,2025-09-26 20:04:01.000,2026-06-24 16:17:32.000
19505,4505,15.00,30.00,80.00,15.00,30.00,25.00,LOW,,,,,2026-01-24,2027-04-24,365,true,2010-09-09 23:11:56.000,2026-06-24 16:17:32.000
19516,4516,26.00,41.00,91.00,26.00,41.00,36.00,LOW,,,,,2026-01-24,2027-03-24,365,true,2021-08-24 12:20:33.000,2026-06-24 16:17:32.000
19519,4519,29.00,44.00,94.00,29.00,44.00,39.00,LOW,,,,,2026-06-24,2027-01-24,365,true,2009-11-09 15:37:14.000,2026-06-24 16:17:32.000
19542,4542,17.00,27.00,77.00,17.00,27.00,32.00,LOW,,,,,2026-02-24,2026-12-24,365,true,2022-09-17 04:37:17.000,2026-06-24 16:17:32.000
19570,4570,10.00,15.00,85.00,10.00,15.00,30.00,LOW,,,,,2026-02-24,2027-02-24,365,true,2023-06-29 02:01:09.000,2026-06-24 16:17:32.000
19595,4595,35.00,40.00,90.00,35.00,40.00,25.00,LOW,,,,,2026-05-24,2027-03-24,365,true,1994-12-25 08:18:15.000,2026-06-24 16:17:32.000
19657,4657,27.00,22.00,92.00,27.00,22.00,27.00,LOW,,,,,2026-02-24,2027-01-24,365,true,2024-11-27 09:46:59.000,2026-06-24 16:17:32.000
19659,4659,29.00,24.00,94.00,29.00,24.00,29.00,LOW,,,,,2026-01-24,2027-04-24,365,true,2013-04-04 18:58:42.000,2026-06-24 16:17:32.000
19668,4668,38.00,33.00,83.00,38.00,33.00,38.00,LOW,,,,,2026-04-24,2027-05-24,365,true,2026-06-08 09:00:29.000,2026-06-24 16:17:32.000
19678,4678,13.00,43.00,93.00,13.00,43.00,48.00,LOW,,,,,2026-02-24,2027-01-24,365,true,2010-11-23 16:00:03.000,2026-06-24 16:17:32.000
19693,4693,28.00,18.00,88.00,28.00,18.00,33.00,LOW,,,,,2026-06-24,2026-12-24,365,true,2019-02-19 19:01:18.000,2026-06-24 16:17:32.000
19696,4696,31.00,21.00,91.00,31.00,21.00,36.00,LOW,,,,,2026-05-24,2027-04-24,365,true,2022-04-05 08:05:02.000,2026-06-24 16:17:32.000
19712,4712,12.00,37.00,87.00,12.00,37.00,22.00,LOW,,,,,2026-04-24,2027-05-24,365,true,2023-10-28 00:51:26.000,2026-06-24 16:17:32.000
19738,4738,38.00,23.00,93.00,38.00,23.00,48.00,LOW,,,,,2026-04-24,2026-12-24,365,true,2023-04-17 00:23:08.000,2026-06-24 16:17:32.000
19740,4740,5.00,25.00,75.00,5.00,25.00,20.00,LOW,,,,,2026-06-24,2027-03-24,365,true,2017-05-17 05:53:08.000,2026-06-24 16:17:32.000
19764,4764,29.00,9.00,79.00,29.00,9.00,44.00,LOW,,,,,2026-05-24,2026-12-24,365,true,2025-12-14 19:36:47.000,2026-06-24 16:17:32.000
19804,4804,34.00,9.00,79.00,34.00,9.00,24.00,LOW,,,,,2026-01-24,2027-04-24,365,true,2001-02-28 02:58:00.000,2026-06-24 16:17:32.000
19814,4814,9.00,19.00,89.00,9.00,19.00,34.00,LOW,,,,,2026-04-24,2026-12-24,365,true,2007-01-23 01:08:49.000,2026-06-24 16:17:32.000
19830,4830,25.00,35.00,85.00,25.00,35.00,20.00,LOW,,,,,2026-03-24,2027-02-24,365,true,2024-12-26 10:05:44.000,2026-06-24 16:17:32.000
19852,4852,12.00,17.00,87.00,12.00,17.00,42.00,LOW,,,,,2026-02-24,2027-04-24,365,true,2024-11-24 16:48:54.000,2026-06-24 16:17:32.000
19856,4856,16.00,21.00,91.00,16.00,21.00,46.00,LOW,,,,,2026-05-24,2027-03-24,365,true,2018-04-02 14:44:56.000,2026-06-24 16:17:32.000
19871,4871,31.00,36.00,86.00,31.00,36.00,31.00,LOW,,,,,2026-03-24,2027-02-24,365,true,2006-02-04 07:29:14.000,2026-06-24 16:17:32.000
19900,4900,25.00,25.00,75.00,25.00,25.00,30.00,LOW,,,,,2026-02-24,2026-12-24,365,true,2021-05-18 23:24:44.000,2026-06-24 16:17:32.000
19916,4916,6.00,41.00,91.00,6.00,41.00,46.00,LOW,,,,,2026-06-24,2027-02-24,365,true,2023-08-22 15:15:04.000,2026-06-24 16:17:32.000
19917,4917,7.00,42.00,92.00,7.00,42.00,47.00,LOW,,,,,2026-05-24,2026-12-24,365,true,2026-01-16 09:44:48.000,2026-06-24 16:17:32.000
19930,4930,20.00,15.00,85.00,20.00,15.00,30.00,LOW,,,,,2026-02-24,2027-02-24,365,true,2012-10-14 12:04:27.000,2026-06-24 16:17:32.000
19938,4938,28.00,23.00,93.00,28.00,23.00,38.00,LOW,,,,,2026-03-24,2027-02-24,365,true,2000-07-29 15:08:56.000,2026-06-24 16:17:32.000
19949,4949,39.00,34.00,84.00,39.00,34.00,49.00,LOW,,,,,2026-05-24,2027-01-24,365,true,2025-12-06 03:25:51.000,2026-06-24 16:17:32.000
19956,4956,11.00,41.00,91.00,11.00,41.00,26.00,LOW,,,,,2026-03-24,2027-05-24,365,true,2021-04-05 18:55:17.000,2026-06-24 16:17:32.000
19966,4966,21.00,11.00,81.00,21.00,11.00,36.00,LOW,,,,,2026-04-24,2027-02-24,365,true,2010-12-19 21:45:22.000,2026-06-24 16:17:32.000
19986,4986,6.00,31.00,81.00,6.00,31.00,26.00,LOW,,,,,2026-01-24,2027-02-24,365,true,2010-09-26 11:19:45.000,2026-06-24 16:17:32.000
19991,4991,11.00,36.00,86.00,11.00,36.00,31.00,LOW,,,,,2026-03-24,2027-05-24,365,true,2011-07-03 14:42:06.000,2026-06-24 16:17:32.000
15437,437,62.00,92.00,92.00,62.00,92.00,95.00,HIGH,,,,,2026-04-24,2026-12-24,365,true,2007-10-29 22:47:05.000,2026-06-24 16:17:32.000
15512,512,67.00,87.00,87.00,67.00,87.00,82.00,HIGH,,,,,2026-02-24,2027-03-24,365,true,1999-07-27 12:26:40.000,2026-06-24 16:17:32.000
15543,543,63.00,78.00,78.00,63.00,78.00,83.00,HIGH,,,,,2026-02-24,2027-03-24,365,true,2021-03-27 11:03:45.000,2026-06-24 16:17:32.000
15854,854,94.00,69.00,89.00,94.00,69.00,94.00,HIGH,,,,,2026-01-24,2026-12-24,365,true,2012-10-03 06:25:44.000,2026-06-24 16:17:32.000
15883,883,88.00,58.00,78.00,88.00,58.00,93.00,HIGH,,,,,2026-06-24,2027-05-24,365,true,2022-01-21 10:20:30.000,2026-06-24 16:17:32.000
16021,1021,86.00,76.00,76.00,86.00,76.00,81.00,HIGH,,,,,2026-02-24,2027-03-24,365,true,2021-09-30 08:39:12.000,2026-06-24 16:17:32.000
16325,1325,75.00,60.00,80.00,75.00,60.00,85.00,HIGH,,,,,2026-06-24,2027-04-24,365,true,2025-09-12 18:54:45.000,2026-06-24 16:17:32.000
16343,1343,93.00,78.00,78.00,93.00,78.00,95.00,HIGH,,,,,2026-04-24,2027-03-24,365,true,2000-02-23 17:52:41.000,2026-06-24 16:17:32.000
16670,1670,70.00,85.00,85.00,70.00,85.00,95.00,HIGH,,,,,2026-06-24,2027-02-24,365,true,2014-07-27 18:12:52.000,2026-06-24 16:17:32.000
16862,1862,87.00,77.00,77.00,87.00,77.00,82.00,HIGH,,,,,2026-02-24,2026-12-24,365,true,2025-08-11 22:11:45.000,2026-06-24 16:17:32.000
17060,2060,75.00,75.00,75.00,75.00,75.00,95.00,HIGH,,,,,2026-01-24,2027-03-24,365,true,2024-11-26 09:18:46.000,2026-06-24 16:17:32.000
17180,2180,90.00,75.00,75.00,90.00,75.00,95.00,HIGH,,,,,2026-05-24,2027-03-24,365,true,2008-10-28 15:49:23.000,2026-06-24 16:17:32.000
17352,2352,87.00,87.00,87.00,87.00,87.00,92.00,HIGH,,,,,2026-03-24,2027-05-24,365,true,2022-03-13 13:59:39.000,2026-06-24 16:17:32.000
17787,2787,67.00,82.00,82.00,67.00,82.00,95.00,HIGH,,,,,2026-03-24,2027-02-24,365,true,2015-12-10 04:41:41.000,2026-06-24 16:17:32.000
17891,2891,66.00,66.00,86.00,66.00,66.00,91.00,HIGH,,,,,2026-01-24,2027-03-24,365,true,1995-02-28 23:43:37.000,2026-06-24 16:17:32.000
18223,3223,83.00,78.00,78.00,83.00,78.00,93.00,HIGH,,,,,2026-05-24,2027-04-24,365,true,2022-06-19 10:36:22.000,2026-06-24 16:17:32.000
18325,3325,80.00,60.00,80.00,80.00,60.00,95.00,HIGH,,,,,2026-01-24,2027-02-24,365,true,2024-09-01 09:46:39.000,2026-06-24 16:17:32.000
18363,3363,83.00,58.00,78.00,83.00,58.00,83.00,HIGH,,,,,2026-04-24,2027-05-24,365,true,2015-11-24 11:42:34.000,2026-06-24 16:17:32.000
18376,3376,61.00,71.00,91.00,61.00,71.00,95.00,HIGH,,,,,2026-02-24,2027-02-24,365,true,2008-01-19 02:19:27.000,2026-06-24 16:17:32.000
19262,4262,72.00,77.00,77.00,72.00,77.00,82.00,HIGH,,,,,2026-05-24,2027-04-24,365,true,2011-12-15 03:57:07.000,2026-06-24 16:17:32.000
19622,4622,82.00,77.00,77.00,82.00,77.00,82.00,HIGH,,,,,2026-02-24,2027-05-24,365,true,2014-08-02 22:23:31.000,2026-06-24 16:17:32.000
19644,4644,69.00,59.00,79.00,69.00,59.00,95.00,HIGH,,,,,2026-02-24,2027-02-24,365,true,2017-04-30 18:02:12.000,2026-06-24 16:17:32.000
19810,4810,60.00,65.00,85.00,60.00,65.00,90.00,HIGH,,,,,2026-06-24,2027-04-24,365,true,1996-12-10 21:27:01.000,2026-06-24 16:17:32.000
19983,4983,93.00,78.00,78.00,93.00,78.00,83.00,HIGH,,,,,2026-05-24,2027-05-24,365,true,2026-02-13 01:11:09.000,2026-06-24 16:17:32.000
15444,444,39.00,29.00,79.00,39.00,29.00,74.00,MEDIUM,,,,,2026-02-24,2026-12-24,365,true,2024-03-20 15:13:39.000,2026-06-24 16:17:32.000
15584,584,39.00,49.00,79.00,39.00,49.00,64.00,MEDIUM,,,,,2026-04-24,2027-04-24,365,true,2022-01-08 21:00:11.000,2026-06-24 16:17:32.000
15660,660,45.00,45.00,75.00,45.00,45.00,50.00,MEDIUM,,,,,2026-05-24,2027-05-24,365,true,2025-07-30 01:51:08.000,2026-06-24 16:17:32.000
15820,820,30.00,45.00,75.00,30.00,45.00,60.00,MEDIUM,,,,,2026-06-24,2027-03-24,365,true,2023-04-18 11:02:06.000,2026-06-24 16:17:32.000
16060,1060,60.00,45.00,75.00,60.00,45.00,60.00,MEDIUM,,,,,2026-04-24,2027-05-24,365,true,2017-06-24 18:01:22.000,2026-06-24 16:17:32.000
16312,1312,32.00,57.00,87.00,32.00,57.00,72.00,MEDIUM,,,,,2026-03-24,2027-03-24,365,true,2023-03-16 19:21:14.000,2026-06-24 16:17:32.000
16584,1584,59.00,49.00,79.00,59.00,49.00,74.00,MEDIUM,,,,,2026-04-24,2027-02-24,365,true,1995-10-07 12:53:51.000,2026-06-24 16:17:32.000
16912,1912,37.00,57.00,87.00,37.00,57.00,72.00,MEDIUM,,,,,2026-01-24,2027-04-24,365,true,2019-02-14 18:40:05.000,2026-06-24 16:17:32.000
17204,2204,49.00,29.00,79.00,49.00,29.00,64.00,MEDIUM,,,,,2026-02-24,2027-02-24,365,true,2024-06-15 08:21:43.000,2026-06-24 16:17:32.000
17468,2468,33.00,53.00,83.00,33.00,53.00,58.00,MEDIUM,,,,,2026-03-24,2027-05-24,365,true,2024-02-21 17:52:38.000,2026-06-24 16:17:32.000
19216,4216,31.00,41.00,91.00,31.00,41.00,66.00,MEDIUM,,,,,2026-01-24,2027-03-24,365,true,1997-03-06 04:27:55.000,2026-06-24 16:17:32.000
19468,4468,38.00,53.00,83.00,38.00,53.00,78.00,MEDIUM,,,,,2026-04-24,2027-02-24,365,true,2025-10-21 16:45:56.000,2026-06-24 16:17:32.000
