"CASE_ID","CASE_UUID","CASE_NUMBER","COMPANY_ID","CASE_TYPE","CASE_PRIORITY","CASE_TITLE","CASE_SUMMARY","TOTAL_FLAGGED_AMOUNT","TRANSACTION_COUNT","ALERT_COUNT","STATUS","OUTCOME","ASSIGNED_ANALYST","REVIEWING_MANAGER","OPENED_AT","DUE_DATE","CLOSED_AT","SAR_FILED","SAR_FILING_DATE","SAR_REFERENCE","CREATED_AT","UPDATED_AT"
1518,e7cdc257-4741-4aa9-9f87-763ef7654758,CASE-000018,1801,SAR,MEDIUM,SAR - Company 3075,Case opened based on risk alerts,2467741.12,3,3,CLOSED,ACCOUNT_CLOSED,analyst_6,manager_5,2026-05-25 16:17:32.000,2026-07-24,2026-06-24 16:17:30.000,false,,,2026-06-24 16:17:30.000,2026-06-24 16:17:30.000
1524,"2f076557-6d46-462f-b32d-185203afa0c4",CASE-000024,2276,SAR,HIGH,SAR - Company 121,Case opened based on risk alerts,23617.07,2,2,CLOSED,SAR_FILED,analyst_6,manager_3,2026-05-25 16:17:32.000,2026-07-24,2026-06-24 16:17:30.000,true,2026-06-19,SAR-707424,2026-06-24 16:17:30.000,2026-06-24 16:17:30.000
1529,d153f187-4663-41d4-9179-9a9aa0a303ab,CASE-000029,4337,SAR,LOW,SAR - Company 4537,Case opened based on risk alerts,164601.52,2,2,CLOSED,SAR_FILED,analyst_8,manager_3,2026-05-25 16:17:32.000,2026-07-24,2026-06-24 16:17:30.000,false,2026-06-19,SAR-816170,2026-06-24 16:17:30.000,2026-06-24 16:17:30.000
1539,"32e4c503-0ca6-4339-81cc-0a993aed089e",CASE-000039,2073,SAR,MEDIUM,SAR - Company 3080,Case opened based on risk alerts,1118885.45,1,1,OPEN,,analyst_4,manager_2,2026-05-25 16:17:32.000,2026-07-24,,false,,,2026-06-24 16:17:30.000,2026-06-24 16:17:30.000
1555,e3b624bb-05fa-442d-8118-93aeac4b772d,CASE-000055,3563,SAR,MEDIUM,SAR - Company 3521,Case opened based on risk alerts,0.00,0,0,CLOSED,SAR_FILED,analyst_6,manager_3,2026-05-25 16:17:32.000,2026-07-24,2026-06-24 16:17:30.000,true,2026-06-19,SAR-213307,2026-06-24 16:17:30.000,2026-06-24 16:17:30.000
1557,"820aadaa-683d-4e66-8a9f-b3cb134ad17e",CASE-000057,1264,SAR,LOW,SAR - Company 3819,Case opened based on risk alerts,292782.12,3,3,CLOSED,CLEARED,analyst_7,manager_5,2026-05-25 16:17:32.000,2026-07-24,2026-06-24 16:17:30.000,false,,,2026-06-24 16:17:30.000,2026-06-24 16:17:30.000
1559,"81fe547c-fddd-440b-95e6-cc95a9cb33f5",CASE-000059,294,SAR,MEDIUM,SAR - Company 1166,Case opened based on risk alerts,0.00,0,0,CLOSED,MONITORING,analyst_8,manager_5,2026-05-25 16:17:32.000,2026-07-24,2026-06-24 16:17:30.000,false,,,2026-06-24 16:17:30.000,2026-06-24 16:17:30.000
1569,b1553c11-e2ab-4429-abbf-b4ea2e3569c2,CASE-000069,1250,SAR,LOW,SAR - Company 3507,Case opened based on risk alerts,73627.57,1,1,OPEN,,analyst_9,manager_1,2026-05-25 16:17:32.000,2026-07-24,,false,,,2026-06-24 16:17:30.000,2026-06-24 16:17:30.000
1577,"95c1e0d0-4a86-4cd3-a1af-5a92c865b6d5",CASE-000077,1291,SAR,LOW,SAR - Company 688,Case opened based on risk alerts,14.84,1,1,CLOSED,MONITORING,analyst_3,manager_3,2026-05-25 16:17:32.000,2026-07-24,2026-06-24 16:17:30.000,false,,,2026-06-24 16:17:30.000,2026-06-24 16:17:30.000
1588,"0f1d3a94-ecac-40b0-852e-a3dfae51f446",CASE-000088,4386,SAR,HIGH,SAR - Company 3183,Case opened based on risk alerts,0.00,0,0,CLOSED,ACCOUNT_CLOSED,analyst_10,manager_4,2026-05-25 16:17:32.000,2026-07-24,2026-06-24 16:17:30.000,false,,,2026-06-24 16:17:30.000,2026-06-24 16:17:30.000
1596,"5bf44c44-ea85-4a93-90df-9b6fcf484114",CASE-000096,1310,SAR,HIGH,SAR - Company 4629,Case opened based on risk alerts,0.00,0,0,CLOSED,SAR_FILED,analyst_1,manager_1,2026-05-25 16:17:32.000,2026-07-24,2026-06-24 16:17:30.000,true,2026-06-19,SAR-090501,2026-06-24 16:17:30.000,2026-06-24 16:17:30.000
1603,"1ba77ba1-4842-47e3-af0f-fca52aa28a8a",CASE-000103,4303,SAR,MEDIUM,SAR - Company 543,Case opened based on risk alerts,0.00,0,0,CLOSED,SAR_FILED,analyst_9,manager_4,2026-05-25 16:17:32.000,2026-07-24,2026-06-24 16:17:30.000,true,2026-06-19,SAR-974765,2026-06-24 16:17:30.000,2026-06-24 16:17:30.000
1607,"0390aa76-0915-448d-8ec4-16df51b5ae98",CASE-000107,731,SAR,MEDIUM,SAR - Company 1442,Case opened based on risk alerts,88173.62,2,2,OPEN,,analyst_4,manager_5,2026-05-25 16:17:32.000,2026-07-24,,false,,,2026-06-24 16:17:30.000,2026-06-24 16:17:30.000
1637,"4177c42f-9eab-498c-b3c4-d7b01c0c06cf",CASE-000137,3409,SAR,LOW,SAR - Company 2445,Case opened based on risk alerts,31335.82,3,3,CLOSED,MONITORING,analyst_9,manager_3,2026-05-25 16:17:32.000,2026-07-24,2026-06-24 16:17:30.000,false,,,2026-06-24 16:17:30.000,2026-06-24 16:17:30.000
1659,"74d196db-028e-4a74-b289-84a0540a90d9",CASE-000159,3721,SAR,MEDIUM,SAR - Company 1346,Case opened based on risk alerts,78172.12,2,2,CLOSED,MONITORING,analyst_8,manager_5,2026-05-25 16:17:32.000,2026-07-24,2026-06-24 16:17:30.000,false,,,2026-06-24 16:17:30.000,2026-06-24 16:17:30.000
1669,"18f6c59f-9ee2-4d7e-9c02-bad27033d76c",CASE-000169,1863,SAR,LOW,SAR - Company 3147,Case opened based on risk alerts,2000.00,2,2,CLOSED,ACCOUNT_CLOSED,analyst_1,manager_2,2026-05-25 16:17:32.000,2026-07-24,2026-06-24 16:17:30.000,false,,,2026-06-24 16:17:30.000,2026-06-24 16:17:30.000
1672,"4c71a018-f7ee-4669-9935-c7dab26859bf",CASE-000172,4833,SAR,HIGH,SAR - Company 3659,Case opened based on risk alerts,593357.25,5,5,CLOSED,SAR_FILED,analyst_4,manager_1,2026-05-25 16:17:32.000,2026-07-24,2026-06-24 16:17:30.000,true,2026-06-19,SAR-461027,2026-06-24 16:17:30.000,2026-06-24 16:17:30.000
1677,"2d859066-c1df-47a1-91e3-d30be5ab971e",CASE-000177,3957,SAR,LOW,SAR - Company 2759,Case opened based on risk alerts,0.00,0,0,CLOSED,MONITORING,analyst_1,manager_3,2026-05-25 16:17:32.000,2026-07-24,2026-06-24 16:17:30.000,false,,,2026-06-24 16:17:30.000,2026-06-24 16:17:30.000
1679,"964a9458-f40c-46b9-b676-65f43d1673c1",CASE-000179,3812,SAR,MEDIUM,SAR - Company 2406,Case opened based on risk alerts,9303.65,2,2,CLOSED,MONITORING,analyst_9,manager_1,2026-05-25 16:17:32.000,2026-07-24,2026-06-24 16:17:30.000,false,,,2026-06-24 16:17:30.000,2026-06-24 16:17:30.000
1688,"10fc6771-ebfa-4845-8628-a59dde6f36c5",CASE-000188,3356,SAR,HIGH,SAR - Company 90,Case opened based on risk alerts,294589.44,2,2,CLOSED,MONITORING,analyst_10,manager_3,2026-05-25 16:17:32.000,2026-07-24,2026-06-24 16:17:30.000,false,,,2026-06-24 16:17:30.000,2026-06-24 16:17:30.000
1709,"8917fb29-25ee-4655-9a49-bff1751840aa",CASE-000209,2633,SAR,LOW,SAR - Company 143,Case opened based on risk alerts,56533.85,2,2,CLOSED,SAR_FILED,analyst_6,manager_4,2026-05-25 16:17:32.000,2026-07-24,2026-06-24 16:17:30.000,false,2026-06-19,SAR-552424,2026-06-24 16:17:30.000,2026-06-24 16:17:30.000
1719,e829fce5-102c-4614-84ca-219604e37996,CASE-000219,1445,SAR,MEDIUM,SAR - Company 3449,Case opened based on risk alerts,150915.07,5,5,CLOSED,SAR_FILED,analyst_2,manager_2,2026-05-25 16:17:32.000,2026-07-24,2026-06-24 16:17:30.000,false,2026-06-19,SAR-985611,2026-06-24 16:17:30.000,2026-06-24 16:17:30.000
1726,fa925587-dbf9-4eff-8698-19d788633a2d,CASE-000226,3332,SAR,MEDIUM,SAR - Company 2743,Case opened based on risk alerts,0.00,0,0,CLOSED,SAR_FILED,analyst_2,manager_5,2026-05-25 16:17:32.000,2026-07-24,2026-06-24 16:17:30.000,true,2026-06-19,SAR-195129,2026-06-24 16:17:30.000,2026-06-24 16:17:30.000
1728,"15d205f1-9487-4960-bcea-fc2bc9304a47",CASE-000228,1248,SAR,HIGH,SAR - Company 2162,Case opened based on risk alerts,0.00,0,0,CLOSED,CLEARED,analyst_5,manager_2,2026-05-25 16:17:32.000,2026-07-24,2026-06-24 16:17:30.000,false,,,2026-06-24 16:17:30.000,2026-06-24 16:17:30.000
1732,"08f122ba-fa42-43f3-b0a6-35af995d51fe",CASE-000232,566,SAR,HIGH,SAR - Company 2783,Case opened based on risk alerts,106823.57,4,4,CLOSED,SAR_FILED,analyst_6,manager_3,2026-05-25 16:17:32.000,2026-07-24,2026-06-24 16:17:30.000,true,2026-06-19,SAR-127434,2026-06-24 16:17:30.000,2026-06-24 16:17:30.000
1747,"3bf658d0-1cf6-4700-b81f-8033207d481a",CASE-000247,885,SAR,MEDIUM,SAR - Company 2889,Case opened based on risk alerts,10362.00,2,2,CLOSED,MONITORING,analyst_10,manager_1,2026-05-25 16:17:32.000,2026-07-24,2026-06-24 16:17:30.000,false,,,2026-06-24 16:17:30.000,2026-06-24 16:17:30.000
1759,c85888f3-edb1-4872-9d1c-59cacdda1670,CASE-000259,4835,SAR,MEDIUM,SAR - Company 501,Case opened based on risk alerts,9130.93,1,1,OPEN,,analyst_9,manager_4,2026-05-25 16:17:32.000,2026-07-24,,false,,,2026-06-24 16:17:30.000,2026-06-24 16:17:30.000
1768,a6ec407c-a02f-46e1-a554-597c20e3eaf7,CASE-000268,1483,SAR,HIGH,SAR - Company 2295,Case opened based on risk alerts,163211.18,3,3,CLOSED,ACCOUNT_CLOSED,analyst_3,manager_1,2026-05-25 16:17:32.000,2026-07-24,2026-06-24 16:17:30.000,false,,,2026-06-24 16:17:30.000,2026-06-24 16:17:30.000
1775,f467fdff-00e8-48ed-bad8-f27ecdba1478,CASE-000275,1015,SAR,MEDIUM,SAR - Company 3964,Case opened based on risk alerts,30951.73,2,2,CLOSED,SAR_FILED,analyst_5,manager_1,2026-05-25 16:17:32.000,2026-07-24,2026-06-24 16:17:30.000,true,2026-06-19,SAR-744745,2026-06-24 16:17:30.000,2026-06-24 16:17:30.000
1778,"193d7abc-1edc-4466-9af6-3ecc9f56be4b",CASE-000278,2180,SAR,MEDIUM,SAR - Company 4088,Case opened based on risk alerts,303660.06,4,4,CLOSED,ACCOUNT_CLOSED,analyst_3,manager_5,2026-05-25 16:17:32.000,2026-07-24,2026-06-24 16:17:30.000,false,,,2026-06-24 16:17:30.000,2026-06-24 16:17:30.000
1779,"76d466c6-7316-458a-a35a-a9fe265d034d",CASE-000279,3148,SAR,MEDIUM,SAR - Company 3697,Case opened based on risk alerts,26319.50,2,2,CLOSED,MONITORING,analyst_6,manager_3,2026-05-25 16:17:32.000,2026-07-24,2026-06-24 16:17:30.000,false,,,2026-06-24 16:17:30.000,2026-06-24 16:17:30.000
1787,c03bb5c9-eaf6-4d9f-9876-c80d30928995,CASE-000287,750,SAR,MEDIUM,SAR - Company 1319,Case opened based on risk alerts,10758.83,2,2,CLOSED,CLEARED,analyst_4,manager_1,2026-05-25 16:17:32.000,2026-07-24,2026-06-24 16:17:30.000,false,,,2026-06-24 16:17:30.000,2026-06-24 16:17:30.000
1788,ab2fc6c0-1859-4c20-87c1-d08991c0d3d4,CASE-000288,3530,SAR,HIGH,SAR - Company 203,Case opened based on risk alerts,0.00,0,0,CLOSED,MONITORING,analyst_3,manager_5,2026-05-25 16:17:32.000,2026-07-24,2026-06-24 16:17:30.000,false,,,2026-06-24 16:17:30.000,2026-06-24 16:17:30.000
1797,"8220740c-8efc-43a0-bbe9-06aa9fea019d",CASE-000297,35,SAR,LOW,SAR - Company 3338,Case opened based on risk alerts,7372.40,1,1,CLOSED,CLEARED,analyst_9,manager_1,2026-05-25 16:17:32.000,2026-07-24,2026-06-24 16:17:30.000,false,,,2026-06-24 16:17:30.000,2026-06-24 16:17:30.000
1799,"14cf106d-32ed-4903-8c62-339da58faa08",CASE-000299,3591,SAR,MEDIUM,SAR - Company 1208,Case opened based on risk alerts,17312.23,2,2,CLOSED,ACCOUNT_CLOSED,analyst_2,manager_1,2026-05-25 16:17:32.000,2026-07-24,2026-06-24 16:17:30.000,false,,,2026-06-24 16:17:30.000,2026-06-24 16:17:30.000
1809,"4f5ba035-9dc3-4bf9-90da-67e02e588ab8",CASE-000309,3079,SAR,LOW,SAR - Company 881,Case opened based on risk alerts,45782.40,4,4,OPEN,,analyst_7,manager_1,2026-05-25 16:17:32.000,2026-07-24,,false,,,2026-06-24 16:17:30.000,2026-06-24 16:17:30.000
1818,"527bb13c-9f9c-4216-bd54-0008794e4d78",CASE-000318,4488,SAR,MEDIUM,SAR - Company 4748,Case opened based on risk alerts,19863.00,1,1,OPEN,,analyst_7,manager_3,2026-05-25 16:17:32.000,2026-07-24,,false,,,2026-06-24 16:17:30.000,2026-06-24 16:17:30.000
1829,"84718c9b-0236-4140-9726-f20e064d7f50",CASE-000329,1124,SAR,LOW,SAR - Company 2701,Case opened based on risk alerts,9419.78,1,1,CLOSED,SAR_FILED,analyst_4,manager_5,2026-05-25 16:17:32.000,2026-07-24,2026-06-24 16:17:30.000,false,2026-06-19,SAR-140371,2026-06-24 16:17:30.000,2026-06-24 16:17:30.000
1837,f0d19f48-37d4-4fff-8ecf-96e002ef7324,CASE-000337,1437,SAR,LOW,SAR - Company 2334,Case opened based on risk alerts,6922.37,1,1,CLOSED,MONITORING,analyst_2,manager_4,2026-05-25 16:17:32.000,2026-07-24,2026-06-24 16:17:30.000,false,,,2026-06-24 16:17:30.000,2026-06-24 16:17:30.000
1838,cc10dd4a-467b-425a-a2d7-05b03e0fb112,CASE-000338,3584,SAR,MEDIUM,SAR - Company 380,Case opened based on risk alerts,5360.27,2,2,OPEN,,analyst_4,manager_2,2026-05-25 16:17:32.000,2026-07-24,,false,,,2026-06-24 16:17:30.000,2026-06-24 16:17:30.000
1867,"5a2d9607-6546-4c65-96c1-58064dd35d3a",CASE-000367,2150,SAR,MEDIUM,SAR - Company 4940,Case opened based on risk alerts,2345.09,1,1,CLOSED,CLEARED,analyst_6,manager_3,2026-05-25 16:17:32.000,2026-07-24,2026-06-24 16:17:30.000,false,,,2026-06-24 16:17:30.000,2026-06-24 16:17:30.000
1868,"55de73c6-2667-44d9-aa01-58050fdff9f0",CASE-000368,3108,SAR,HIGH,SAR - Company 3425,Case opened based on risk alerts,0.00,0,0,CLOSED,ACCOUNT_CLOSED,analyst_8,manager_4,2026-05-25 16:17:32.000,2026-07-24,2026-06-24 16:17:30.000,false,,,2026-06-24 16:17:30.000,2026-06-24 16:17:30.000
1875,b1bfdf32-ff00-42ac-be70-9b9ccbd3d03e,CASE-000375,4421,SAR,MEDIUM,SAR - Company 1880,Case opened based on risk alerts,0.00,0,0,CLOSED,SAR_FILED,analyst_2,manager_4,2026-05-25 16:17:32.000,2026-07-24,2026-06-24 16:17:30.000,true,2026-06-19,SAR-805646,2026-06-24 16:17:30.000,2026-06-24 16:17:30.000
1878,c0441b8f-a6e3-415d-a9f6-1daee390ce78,CASE-000378,3478,SAR,MEDIUM,SAR - Company 676,Case opened based on risk alerts,0.00,0,0,OPEN,,analyst_6,manager_4,2026-05-25 16:17:32.000,2026-07-24,,false,,,2026-06-24 16:17:30.000,2026-06-24 16:17:30.000
1887,"82fa5a3f-316a-419a-871b-eddbdb467039",CASE-000387,530,SAR,MEDIUM,SAR - Company 488,Case opened based on risk alerts,124860.47,3,3,CLOSED,MONITORING,analyst_3,manager_4,2026-05-25 16:17:32.000,2026-07-24,2026-06-24 16:17:30.000,false,,,2026-06-24 16:17:30.000,2026-06-24 16:17:30.000
1889,f3fa3023-3e15-41af-9675-3b213c12548b,CASE-000389,3968,SAR,LOW,SAR - Company 2774,Case opened based on risk alerts,0.00,0,0,CLOSED,SAR_FILED,analyst_10,manager_4,2026-05-25 16:17:32.000,2026-07-24,2026-06-24 16:17:30.000,false,2026-06-19,SAR-418325,2026-06-24 16:17:30.000,2026-06-24 16:17:30.000
1890,b8aec964-54a0-4e6a-a2d8-9d231b48e734,CASE-000390,4770,SAR,MEDIUM,SAR - Company 757,Case opened based on risk alerts,0.00,0,0,CLOSED,SAR_FILED,analyst_8,manager_2,2026-05-25 16:17:32.000,2026-07-24,2026-06-24 16:17:30.000,true,2026-06-19,SAR-813229,2026-06-24 16:17:30.000,2026-06-24 16:17:30.000
1896,c6ec1f66-02dd-4623-bab4-da021ee0feb7,CASE-000396,4583,SAR,HIGH,SAR - Company 109,Case opened based on risk alerts,0.00,0,0,CLOSED,SAR_FILED,analyst_6,manager_3,2026-05-25 16:17:32.000,2026-07-24,2026-06-24 16:17:30.000,true,2026-06-19,SAR-566612,2026-06-24 16:17:30.000,2026-06-24 16:17:30.000
1897,"067a92f9-a37a-43bc-9c14-e9fe0cc89e5b",CASE-000397,767,SAR,LOW,SAR - Company 337,Case opened based on risk alerts,272352.90,2,2,CLOSED,MONITORING,analyst_7,manager_5,2026-05-25 16:17:32.000,2026-07-24,2026-06-24 16:17:30.000,false,,,2026-06-24 16:17:30.000,2026-06-24 16:17:30.000
1909,cf61f759-1e23-452b-9daa-ed8b20efea9a,CASE-000409,3908,SAR,LOW,SAR - Company 1504,Case opened based on risk alerts,0.00,0,0,CLOSED,CLEARED,analyst_6,manager_5,2026-05-25 16:17:32.000,2026-07-24,2026-06-24 16:17:30.000,false,,,2026-06-24 16:17:30.000,2026-06-24 16:17:30.000
1916,cd50a22a-5101-44c9-8c6c-d88990a4a48f,CASE-000416,3833,SAR,HIGH,SAR - Company 1185,Case opened based on risk alerts,49498.52,3,3,CLOSED,SAR_FILED,analyst_3,manager_1,2026-05-25 16:17:32.000,2026-07-24,2026-06-24 16:17:30.000,true,2026-06-19,SAR-202081,2026-06-24 16:17:30.000,2026-06-24 16:17:30.000
1919,"15edc56f-1e78-46d0-ae9b-1cbc0dc01618",CASE-000419,748,SAR,MEDIUM,SAR - Company 891,Case opened based on risk alerts,0.00,0,0,CLOSED,CLEARED,analyst_10,manager_5,2026-05-25 16:17:32.000,2026-07-24,2026-06-24 16:17:30.000,false,,,2026-06-24 16:17:30.000,2026-06-24 16:17:30.000
1922,"585c0c25-b147-44c6-92cb-7a83876a628b",CASE-000422,1101,SAR,MEDIUM,SAR - Company 3602,Case opened based on risk alerts,235079.83,1,1,CLOSED,SAR_FILED,analyst_1,manager_3,2026-05-25 16:17:32.000,2026-07-24,2026-06-24 16:17:30.000,true,2026-06-19,SAR-088092,2026-06-24 16:17:30.000,2026-06-24 16:17:30.000
1929,bc5645ca-8c05-45e9-976a-df68e9ddbeaf,CASE-000429,1776,SAR,LOW,SAR - Company 1439,Case opened based on risk alerts,0.00,0,0,CLOSED,SAR_FILED,analyst_5,manager_1,2026-05-25 16:17:32.000,2026-07-24,2026-06-24 16:17:30.000,false,2026-06-19,SAR-410721,2026-06-24 16:17:30.000,2026-06-24 16:17:30.000
1943,a89f812f-1a4a-44d6-8a8d-3d4ec13ce2ec,CASE-000443,4537,SAR,MEDIUM,SAR - Company 4002,Case opened based on risk alerts,5984.91,1,1,CLOSED,SAR_FILED,analyst_8,manager_2,2026-05-25 16:17:32.000,2026-07-24,2026-06-24 16:17:30.000,true,2026-06-19,SAR-812921,2026-06-24 16:17:30.000,2026-06-24 16:17:30.000
1947,ff2ef1e2-8970-410d-91f4-9e8869b806ae,CASE-000447,3329,SAR,MEDIUM,SAR - Company 2442,Case opened based on risk alerts,3415.77,2,2,CLOSED,ACCOUNT_CLOSED,analyst_9,manager_5,2026-05-25 16:17:32.000,2026-07-24,2026-06-24 16:17:30.000,false,,,2026-06-24 16:17:30.000,2026-06-24 16:17:30.000
1948,"470b12c2-afee-4b48-913d-514445a10762",CASE-000448,2610,SAR,HIGH,SAR - Company 2241,Case opened based on risk alerts,7224.84,1,1,CLOSED,SAR_FILED,analyst_6,manager_5,2026-05-25 16:17:32.000,2026-07-24,2026-06-24 16:17:30.000,false,2026-06-19,SAR-853574,2026-06-24 16:17:30.000,2026-06-24 16:17:30.000
1949,"0e6e856b-2bee-490a-a95c-bf1c2e8addc0",CASE-000449,1445,SAR,LOW,SAR - Company 707,Case opened based on risk alerts,98927.66,3,3,CLOSED,ACCOUNT_CLOSED,analyst_4,manager_4,2026-05-25 16:17:32.000,2026-07-24,2026-06-24 16:17:30.000,false,,,2026-06-24 16:17:30.000,2026-06-24 16:17:30.000
1957,d36c408f-7ac9-417c-a12b-a2d17f34bd8d,CASE-000457,1372,SAR,LOW,SAR - Company 536,Case opened based on risk alerts,6679.99,1,1,CLOSED,MONITORING,analyst_10,manager_3,2026-05-25 16:17:32.000,2026-07-24,2026-06-24 16:17:30.000,false,,,2026-06-24 16:17:30.000,2026-06-24 16:17:30.000
1959,"2859a47e-b51e-48fa-a1c0-ec81633e1290",CASE-000459,4636,SAR,MEDIUM,SAR - Company 537,Case opened based on risk alerts,29.63,1,1,CLOSED,ACCOUNT_CLOSED,analyst_5,manager_3,2026-05-25 16:17:32.000,2026-07-24,2026-06-24 16:17:30.000,false,,,2026-06-24 16:17:30.000,2026-06-24 16:17:30.000
1972,"681be091-bf8e-4502-b9dc-718f919dbf55",CASE-000472,185,SAR,HIGH,SAR - Company 2069,Case opened based on risk alerts,3769.31,1,1,CLOSED,SAR_FILED,analyst_2,manager_3,2026-05-25 16:17:32.000,2026-07-24,2026-06-24 16:17:30.000,true,2026-06-19,SAR-321890,2026-06-24 16:17:30.000,2026-06-24 16:17:30.000
1977,"552ae48c-343d-4c3b-b1c3-8c749730e7ac",CASE-000477,4964,SAR,LOW,SAR - Company 1883,Case opened based on risk alerts,0.00,0,0,OPEN,,analyst_5,manager_4,2026-05-25 16:17:32.000,2026-07-24,,false,,,2026-06-24 16:17:30.000,2026-06-24 16:17:30.000
1979,"8dfca463-9f88-49ad-b307-0c1957752a3b",CASE-000479,459,SAR,MEDIUM,SAR - Company 2875,Case opened based on risk alerts,81582.01,4,4,CLOSED,SAR_FILED,analyst_10,manager_4,2026-05-25 16:17:32.000,2026-07-24,2026-06-24 16:17:30.000,false,2026-06-19,SAR-851412,2026-06-24 16:17:30.000,2026-06-24 16:17:30.000
1987,"6c3bbd54-ccdb-44f6-8bfb-937daed696bc",CASE-000487,1170,SAR,MEDIUM,SAR - Company 4819,Case opened based on risk alerts,4425000.30,1,1,OPEN,,analyst_6,manager_2,2026-05-25 16:17:32.000,2026-07-24,,false,,,2026-06-24 16:17:30.000,2026-06-24 16:17:30.000
1988,c5aec35f-190a-4f8f-8986-fe5cc0e9426a,CASE-000488,3926,SAR,HIGH,SAR - Company 3410,Case opened based on risk alerts,62209.01,2,2,CLOSED,SAR_FILED,analyst_2,manager_5,2026-05-25 16:17:32.000,2026-07-24,2026-06-24 16:17:30.000,false,2026-06-19,SAR-107883,2026-06-24 16:17:30.000,2026-06-24 16:17:30.000
1504,"9f827d9f-57c8-487f-b57d-eb7526f87fdf",CASE-000004,1083,INVESTIGATION,HIGH,INVESTIGATION - Company 750,Case opened based on risk alerts,0.00,0,0,OPEN,,analyst_2,manager_4,2026-05-25 16:17:32.000,2026-07-24,,false,,,2026-06-24 16:17:30.000,2026-06-24 16:17:30.000
1505,"372c6c80-ba1a-4e5e-b4dc-dd94bb0f11de",CASE-000005,4773,INVESTIGATION,LOW,INVESTIGATION - Company 3545,Case opened based on risk alerts,19516.25,1,1,OPEN,,analyst_6,manager_5,2026-05-25 16:17:32.000,2026-07-24,,false,,,2026-06-24 16:17:30.000,2026-06-24 16:17:30.000
1507,"89188f19-e7a9-4125-b9d1-fa566907817a",CASE-000007,3277,INVESTIGATION,MEDIUM,INVESTIGATION - Company 1723,Case opened based on risk alerts,0.00,0,0,CLOSED,CLEARED,analyst_2,manager_4,2026-05-25 16:17:32.000,2026-07-24,2026-06-24 16:17:30.000,false,,,2026-06-24 16:17:30.000,2026-06-24 16:17:30.000
1508,a540f21e-4176-470d-97a0-812d93eaa8b1,CASE-000008,3154,INVESTIGATION,HIGH,INVESTIGATION - Company 1911,Case opened based on risk alerts,0.00,0,0,OPEN,,analyst_10,manager_2,2026-05-25 16:17:32.000,2026-07-24,,false,,,2026-06-24 16:17:30.000,2026-06-24 16:17:30.000
1509,"57d71645-2bff-40c3-888d-18eeb0df74fc",CASE-000009,4564,INVESTIGATION,LOW,INVESTIGATION - Company 4268,Case opened based on risk alerts,55929.80,1,1,CLOSED,SAR_FILED,analyst_3,manager_1,2026-05-25 16:17:32.000,2026-07-24,2026-06-24 16:17:30.000,false,2026-06-19,SAR-832571,2026-06-24 16:17:30.000,2026-06-24 16:17:30.000
1512,"9f7be42e-d376-4275-97b0-0d64aa7567a3",CASE-000012,3520,INVESTIGATION,HIGH,INVESTIGATION - Company 3567,Case opened based on risk alerts,49498.12,3,3,CLOSED,MONITORING,analyst_2,manager_2,2026-05-25 16:17:32.000,2026-07-24,2026-06-24 16:17:30.000,false,,,2026-06-24 16:17:30.000,2026-06-24 16:17:30.000
1514,b3a1235e-bda6-4e4d-bf5c-797f2bdbfb3d,CASE-000014,1989,INVESTIGATION,MEDIUM,INVESTIGATION - Company 51,Case opened based on risk alerts,12819.82,2,2,CLOSED,MONITORING,analyst_2,manager_5,2026-05-25 16:17:32.000,2026-07-24,2026-06-24 16:17:30.000,false,,,2026-06-24 16:17:30.000,2026-06-24 16:17:30.000
1515,"1f14dacd-43f1-42bc-b4ab-923b3dc99987",CASE-000015,2142,INVESTIGATION,MEDIUM,INVESTIGATION - Company 4435,Case opened based on risk alerts,0.00,0,0,OPEN,,analyst_2,manager_2,2026-05-25 16:17:32.000,2026-07-24,,false,,,2026-06-24 16:17:30.000,2026-06-24 16:17:30.000
1516,"6ea3d0ef-4f9a-4412-b0de-81d9c34d7afc",CASE-000016,1291,INVESTIGATION,HIGH,INVESTIGATION - Company 4386,Case opened based on risk alerts,14.84,1,1,CLOSED,SAR_FILED,analyst_1,manager_5,2026-05-25 16:17:32.000,2026-07-24,2026-06-24 16:17:30.000,false,2026-06-19,SAR-979740,2026-06-24 16:17:30.000,2026-06-24 16:17:30.000
1517,"64527d39-8ee6-48de-a03b-9878768e4284",CASE-000017,440,INVESTIGATION,LOW,INVESTIGATION - Company 513,Case opened based on risk alerts,41968.49,1,1,CLOSED,CLEARED,analyst_3,manager_1,2026-05-25 16:17:32.000,2026-07-24,2026-06-24 16:17:30.000,false,,,2026-06-24 16:17:30.000,2026-06-24 16:17:30.000
1522,"56543adc-df97-4916-85d1-9a42ccae15e2",CASE-000022,2180,INVESTIGATION,MEDIUM,INVESTIGATION - Company 4405,Case opened based on risk alerts,304324.35,4,4,OPEN,,analyst_1,manager_2,2026-05-25 16:17:32.000,2026-07-24,,false,,,2026-06-24 16:17:30.000,2026-06-24 16:17:30.000
1523,a7a1184d-9df2-4ff4-8a12-51ca09b11496,CASE-000023,4632,INVESTIGATION,MEDIUM,INVESTIGATION - Company 3235,Case opened based on risk alerts,7683.40,1,1,CLOSED,MONITORING,analyst_8,manager_2,2026-05-25 16:17:32.000,2026-07-24,2026-06-24 16:17:30.000,false,,,2026-06-24 16:17:30.000,2026-06-24 16:17:30.000
1526,"8a08191e-12d5-401b-b518-8c57e170a100",CASE-000026,593,INVESTIGATION,MEDIUM,INVESTIGATION - Company 1569,Case opened based on risk alerts,1571112.49,4,4,OPEN,,analyst_8,manager_2,2026-05-25 16:17:32.000,2026-07-24,,false,,,2026-06-24 16:17:30.000,2026-06-24 16:17:30.000
1527,"1ddf6fed-5681-4ccd-8fa8-8298fc893759",CASE-000027,3596,INVESTIGATION,MEDIUM,INVESTIGATION - Company 4321,Case opened based on risk alerts,0.00,0,0,OPEN,,analyst_5,manager_3,2026-05-25 16:17:32.000,2026-07-24,,false,,,2026-06-24 16:17:30.000,2026-06-24 16:17:30.000
1536,"9394a427-024e-4d46-aa79-6fa290b36abc",CASE-000036,4978,INVESTIGATION,HIGH,INVESTIGATION - Company 455,Case opened based on risk alerts,8795.49,1,1,CLOSED,CLEARED,analyst_2,manager_2,2026-05-25 16:17:32.000,2026-07-24,2026-06-24 16:17:30.000,false,,,2026-06-24 16:17:30.000,2026-06-24 16:17:30.000
1537,"5ab08f2e-63ee-4a67-92b5-2bd04a8ed4d9",CASE-000037,1388,INVESTIGATION,LOW,INVESTIGATION - Company 2846,Case opened based on risk alerts,23797.50,1,1,CLOSED,SAR_FILED,analyst_3,manager_5,2026-05-25 16:17:32.000,2026-07-24,2026-06-24 16:17:30.000,false,2026-06-19,SAR-448920,2026-06-24 16:17:30.000,2026-06-24 16:17:30.000
1538,"7b830125-56e7-4dea-94a7-c1c996f914c1",CASE-000038,3411,INVESTIGATION,MEDIUM,INVESTIGATION - Company 1344,Case opened based on risk alerts,115542.98,2,2,CLOSED,ACCOUNT_CLOSED,analyst_6,manager_3,2026-05-25 16:17:32.000,2026-07-24,2026-06-24 16:17:30.000,false,,,2026-06-24 16:17:30.000,2026-06-24 16:17:30.000
1541,be2f7d86-9b1b-4599-85aa-8e49b03a0a31,CASE-000041,714,INVESTIGATION,LOW,INVESTIGATION - Company 2279,Case opened based on risk alerts,1000.00,1,1,CLOSED,MONITORING,analyst_10,manager_3,2026-05-25 16:17:32.000,2026-07-24,2026-06-24 16:17:30.000,false,,,2026-06-24 16:17:30.000,2026-06-24 16:17:30.000
1542,f8ac9155-6595-4728-8873-fc449c94f7e4,CASE-000042,1419,INVESTIGATION,MEDIUM,INVESTIGATION - Company 773,Case opened based on risk alerts,2751.21,1,1,CLOSED,MONITORING,analyst_8,manager_4,2026-05-25 16:17:32.000,2026-07-24,2026-06-24 16:17:30.000,false,,,2026-06-24 16:17:30.000,2026-06-24 16:17:30.000
1545,"0cb49c6d-677f-4c4d-b02d-1a64ea0c0c99",CASE-000045,4569,INVESTIGATION,LOW,INVESTIGATION - Company 1935,Case opened based on risk alerts,281864.65,1,1,OPEN,,analyst_7,manager_4,2026-05-25 16:17:32.000,2026-07-24,,false,,,2026-06-24 16:17:30.000,2026-06-24 16:17:30.000
1546,"22982d61-1442-429f-8be0-95c8532f53f9",CASE-000046,1807,INVESTIGATION,MEDIUM,INVESTIGATION - Company 3095,Case opened based on risk alerts,149386.57,4,4,CLOSED,CLEARED,analyst_10,manager_2,2026-05-25 16:17:32.000,2026-07-24,2026-06-24 16:17:30.000,false,,,2026-06-24 16:17:30.000,2026-06-24 16:17:30.000
1547,"97843ac1-d55d-49a9-9a78-a519d15c557b",CASE-000047,3450,INVESTIGATION,MEDIUM,INVESTIGATION - Company 2499,Case opened based on risk alerts,64.22,1,1,OPEN,,analyst_5,manager_3,2026-05-25 16:17:32.000,2026-07-24,,false,,,2026-06-24 16:17:30.000,2026-06-24 16:17:30.000
1548,"69d21024-8c7e-4168-9af6-3d6eb4e34fb8",CASE-000048,2303,INVESTIGATION,HIGH,INVESTIGATION - Company 2624,Case opened based on risk alerts,44871.50,2,2,OPEN,,analyst_9,manager_3,2026-05-25 16:17:32.000,2026-07-24,,false,,,2026-06-24 16:17:30.000,2026-06-24 16:17:30.000
1551,"198998c2-ef10-48ea-81f3-45fe31b78c14",CASE-000051,1587,INVESTIGATION,MEDIUM,INVESTIGATION - Company 1280,Case opened based on risk alerts,0.00,0,0,CLOSED,CLEARED,analyst_5,manager_1,2026-05-25 16:17:32.000,2026-07-24,2026-06-24 16:17:30.000,false,,,2026-06-24 16:17:30.000,2026-06-24 16:17:30.000
1552,d0cf336f-7e1d-4dec-aa4a-b1a38d7c6db7,CASE-000052,3491,INVESTIGATION,HIGH,INVESTIGATION - Company 1170,Case opened based on risk alerts,0.00,0,0,OPEN,,analyst_10,manager_3,2026-05-25 16:17:32.000,2026-07-24,,false,,,2026-06-24 16:17:30.000,2026-06-24 16:17:30.000
1558,d25dde6e-c0cc-4568-8f12-2f7414f4b78c,CASE-000058,467,INVESTIGATION,MEDIUM,INVESTIGATION - Company 3469,Case opened based on risk alerts,52678.62,4,4,CLOSED,MONITORING,analyst_6,manager_3,2026-05-25 16:17:32.000,2026-07-24,2026-06-24 16:17:30.000,false,,,2026-06-24 16:17:30.000,2026-06-24 16:17:30.000
1561,b12c14bc-086e-4f7d-9be8-570594c96133,CASE-000061,1139,INVESTIGATION,LOW,INVESTIGATION - Company 578,Case opened based on risk alerts,0.00,0,0,CLOSED,SAR_FILED,analyst_7,manager_3,2026-05-25 16:17:32.000,2026-07-24,2026-06-24 16:17:30.000,false,2026-06-19,SAR-948880,2026-06-24 16:17:30.000,2026-06-24 16:17:30.000
1562,eeea6105-899d-4d18-b271-3fb36437b084,CASE-000062,4570,INVESTIGATION,MEDIUM,INVESTIGATION - Company 783,Case opened based on risk alerts,9088.76,1,1,CLOSED,CLEARED,analyst_8,manager_4,2026-05-25 16:17:32.000,2026-07-24,2026-06-24 16:17:30.000,false,,,2026-06-24 16:17:30.000,2026-06-24 16:17:30.000
1564,"32795f38-ca8e-4e49-990c-7c410f2a47e9",CASE-000064,4732,INVESTIGATION,HIGH,INVESTIGATION - Company 59,Case opened based on risk alerts,158521.29,2,2,CLOSED,CLEARED,analyst_6,manager_2,2026-05-25 16:17:32.000,2026-07-24,2026-06-24 16:17:30.000,false,,,2026-06-24 16:17:30.000,2026-06-24 16:17:30.000
1565,"6c02d9b6-a551-49ac-8074-6eb1201c84e1",CASE-000065,4848,INVESTIGATION,LOW,INVESTIGATION - Company 2671,Case opened based on risk alerts,3420.62,1,1,CLOSED,SAR_FILED,analyst_3,manager_2,2026-05-25 16:17:32.000,2026-07-24,2026-06-24 16:17:30.000,false,2026-06-19,SAR-307427,2026-06-24 16:17:30.000,2026-06-24 16:17:30.000
1571,c3c970df-25e3-40fa-b9a7-a994f6fe09bf,CASE-000071,1483,INVESTIGATION,MEDIUM,INVESTIGATION - Company 3766,Case opened based on risk alerts,147895.68,2,2,CLOSED,CLEARED,analyst_3,manager_3,2026-05-25 16:17:32.000,2026-07-24,2026-06-24 16:17:30.000,false,,,2026-06-24 16:17:30.000,2026-06-24 16:17:30.000
1573,ada4afc9-eef5-4c3b-868c-1813e8e78590,CASE-000073,1815,INVESTIGATION,LOW,INVESTIGATION - Company 668,Case opened based on risk alerts,0.00,0,0,CLOSED,SAR_FILED,analyst_5,manager_1,2026-05-25 16:17:32.000,2026-07-24,2026-06-24 16:17:30.000,false,2026-06-19,SAR-105130,2026-06-24 16:17:30.000,2026-06-24 16:17:30.000
1574,"8a6ea18d-8402-4868-a9fb-2b9b769e97dd",CASE-000074,4852,INVESTIGATION,MEDIUM,INVESTIGATION - Company 2720,Case opened based on risk alerts,112561.32,1,1,CLOSED,SAR_FILED,analyst_6,manager_5,2026-05-25 16:17:32.000,2026-07-24,2026-06-24 16:17:30.000,false,2026-06-19,SAR-968093,2026-06-24 16:17:30.000,2026-06-24 16:17:30.000
1575,"4a61ee4b-1955-444f-adeb-e2400c69e931",CASE-000075,2792,INVESTIGATION,MEDIUM,INVESTIGATION - Company 3210,Case opened based on risk alerts,0.00,0,0,CLOSED,MONITORING,analyst_5,manager_1,2026-05-25 16:17:32.000,2026-07-24,2026-06-24 16:17:30.000,false,,,2026-06-24 16:17:30.000,2026-06-24 16:17:30.000
1576,ed5119c6-b74a-4564-ae26-9cd39e542934,CASE-000076,2915,INVESTIGATION,HIGH,INVESTIGATION - Company 3596,Case opened based on risk alerts,19444.20,1,1,CLOSED,ACCOUNT_CLOSED,analyst_1,manager_5,2026-05-25 16:17:32.000,2026-07-24,2026-06-24 16:17:30.000,false,,,2026-06-24 16:17:30.000,2026-06-24 16:17:30.000
1582,"091e1c3e-b226-4df6-aa95-92b127bd7bd4",CASE-000082,1561,INVESTIGATION,MEDIUM,INVESTIGATION - Company 3395,Case opened based on risk alerts,0.00,0,0,CLOSED,ACCOUNT_CLOSED,analyst_10,manager_5,2026-05-25 16:17:32.000,2026-07-24,2026-06-24 16:17:30.000,false,,,2026-06-24 16:17:30.000,2026-06-24 16:17:30.000
1584,"9b086a7c-8bdb-48cd-9741-7a31065a7bac",CASE-000084,700,INVESTIGATION,HIGH,INVESTIGATION - Company 2473,Case opened based on risk alerts,228972.23,2,2,CLOSED,CLEARED,analyst_9,manager_3,2026-05-25 16:17:32.000,2026-07-24,2026-06-24 16:17:30.000,false,,,2026-06-24 16:17:30.000,2026-06-24 16:17:30.000
1585,b9ac2053-9ade-42dd-8b36-3d583c983b5a,CASE-000085,587,INVESTIGATION,LOW,INVESTIGATION - Company 3663,Case opened based on risk alerts,26339.83,1,1,OPEN,,analyst_9,manager_2,2026-05-25 16:17:32.000,2026-07-24,,false,,,2026-06-24 16:17:30.000,2026-06-24 16:17:30.000
1587,e0face0f-5469-46ca-92ab-a427b9bc5708,CASE-000087,638,INVESTIGATION,MEDIUM,INVESTIGATION - Company 3891,Case opened based on risk alerts,521.91,1,1,OPEN,,analyst_8,manager_3,2026-05-25 16:17:32.000,2026-07-24,,false,,,2026-06-24 16:17:30.000,2026-06-24 16:17:30.000
1589,"16dbf1d2-dcb8-44ca-9b89-95887423a766",CASE-000089,4232,INVESTIGATION,LOW,INVESTIGATION - Company 1960,Case opened based on risk alerts,4318375.81,3,3,CLOSED,CLEARED,analyst_10,manager_4,2026-05-25 16:17:32.000,2026-07-24,2026-06-24 16:17:30.000,false,,,2026-06-24 16:17:30.000,2026-06-24 16:17:30.000
1591,"7c4a13ee-eee4-4384-b55a-e9b27b14a4c1",CASE-000091,4663,INVESTIGATION,MEDIUM,INVESTIGATION - Company 2925,Case opened based on risk alerts,142070.79,2,2,OPEN,,analyst_5,manager_5,2026-05-25 16:17:32.000,2026-07-24,,false,,,2026-06-24 16:17:30.000,2026-06-24 16:17:30.000
1594,"215d022c-22c7-4a4c-aae8-0bb84afa343c",CASE-000094,3088,INVESTIGATION,MEDIUM,INVESTIGATION - Company 957,Case opened based on risk alerts,0.00,0,0,CLOSED,MONITORING,analyst_7,manager_2,2026-05-25 16:17:32.000,2026-07-24,2026-06-24 16:17:30.000,false,,,2026-06-24 16:17:30.000,2026-06-24 16:17:30.000
1595,"64bb6a2a-5594-4ca3-bfb4-780acc567f03",CASE-000095,3866,INVESTIGATION,MEDIUM,INVESTIGATION - Company 2738,Case opened based on risk alerts,129736.61,2,2,CLOSED,MONITORING,analyst_8,manager_2,2026-05-25 16:17:32.000,2026-07-24,2026-06-24 16:17:30.000,false,,,2026-06-24 16:17:30.000,2026-06-24 16:17:30.000
1597,c9576990-6be4-45c9-a4b1-d3c0c00ad73d,CASE-000097,1536,INVESTIGATION,LOW,INVESTIGATION - Company 3517,Case opened based on risk alerts,7124.08,1,1,CLOSED,CLEARED,analyst_6,manager_3,2026-05-25 16:17:32.000,2026-07-24,2026-06-24 16:17:30.000,false,,,2026-06-24 16:17:30.000,2026-06-24 16:17:30.000
1598,"03f8a1e0-238a-4930-905c-f1f9ce27970a",CASE-000098,4486,INVESTIGATION,MEDIUM,INVESTIGATION - Company 829,Case opened based on risk alerts,0.00,0,0,CLOSED,CLEARED,analyst_8,manager_2,2026-05-25 16:17:32.000,2026-07-24,2026-06-24 16:17:30.000,false,,,2026-06-24 16:17:30.000,2026-06-24 16:17:30.000
1601,cec2b9c0-502c-4b62-994f-5c4d793b60af,CASE-000101,3876,INVESTIGATION,LOW,INVESTIGATION - Company 2456,Case opened based on risk alerts,141870.49,1,1,CLOSED,ACCOUNT_CLOSED,analyst_1,manager_4,2026-05-25 16:17:32.000,2026-07-24,2026-06-24 16:17:30.000,false,,,2026-06-24 16:17:30.000,2026-06-24 16:17:30.000
1609,cc44a5dc-5ea4-4d16-b9d2-d4e2b3780b37,CASE-000109,182,INVESTIGATION,LOW,INVESTIGATION - Company 3093,Case opened based on risk alerts,39551.79,2,2,CLOSED,CLEARED,analyst_6,manager_4,2026-05-25 16:17:32.000,2026-07-24,2026-06-24 16:17:30.000,false,,,2026-06-24 16:17:30.000,2026-06-24 16:17:30.000
1613,"5c4c6169-0619-4b44-8b7b-2c5ca55a9fed",CASE-000113,4670,INVESTIGATION,LOW,INVESTIGATION - Company 575,Case opened based on risk alerts,0.00,0,0,CLOSED,CLEARED,analyst_1,manager_1,2026-05-25 16:17:32.000,2026-07-24,2026-06-24 16:17:30.000,false,,,2026-06-24 16:17:30.000,2026-06-24 16:17:30.000
1614,"3900dc80-aaae-4c37-972f-959befe5b212",CASE-000114,198,INVESTIGATION,MEDIUM,INVESTIGATION - Company 2732,Case opened based on risk alerts,0.00,0,0,CLOSED,ACCOUNT_CLOSED,analyst_3,manager_1,2026-05-25 16:17:32.000,2026-07-24,2026-06-24 16:17:30.000,false,,,2026-06-24 16:17:30.000,2026-06-24 16:17:30.000
1617,"6751349d-c79e-41e4-abd0-77b156f88d38",CASE-000117,2439,INVESTIGATION,LOW,INVESTIGATION - Company 4389,Case opened based on risk alerts,3426.02,2,2,CLOSED,ACCOUNT_CLOSED,analyst_4,manager_4,2026-05-25 16:17:32.000,2026-07-24,2026-06-24 16:17:30.000,false,,,2026-06-24 16:17:30.000,2026-06-24 16:17:30.000
1618,c4ad6ae4-1d4c-488b-a727-96707f20f60c,CASE-000118,2471,INVESTIGATION,MEDIUM,INVESTIGATION - Company 3566,Case opened based on risk alerts,16879.01,1,1,CLOSED,SAR_FILED,analyst_3,manager_4,2026-05-25 16:17:32.000,2026-07-24,2026-06-24 16:17:30.000,false,2026-06-19,SAR-414246,2026-06-24 16:17:30.000,2026-06-24 16:17:30.000
1619,f90f9a9d-e115-4e96-88f4-e88e16d0e31f,CASE-000119,4273,INVESTIGATION,MEDIUM,INVESTIGATION - Company 846,Case opened based on risk alerts,821378.62,1,1,OPEN,,analyst_9,manager_2,2026-05-25 16:17:32.000,2026-07-24,,false,,,2026-06-24 16:17:30.000,2026-06-24 16:17:30.000
1622,"8f3544ba-5925-409f-b423-8fca0110ee6f",CASE-000122,462,INVESTIGATION,MEDIUM,INVESTIGATION - Company 3126,Case opened based on risk alerts,14469.54,1,1,OPEN,,analyst_4,manager_4,2026-05-25 16:17:32.000,2026-07-24,,false,,,2026-06-24 16:17:30.000,2026-06-24 16:17:30.000
1624,"5a55e5fd-9d9c-45f3-b0c5-e9daf3caa135",CASE-000124,868,INVESTIGATION,HIGH,INVESTIGATION - Company 4951,Case opened based on risk alerts,332910.73,4,4,CLOSED,MONITORING,analyst_5,manager_3,2026-05-25 16:17:32.000,2026-07-24,2026-06-24 16:17:30.000,false,,,2026-06-24 16:17:30.000,2026-06-24 16:17:30.000
1625,cd76bbf5-ae55-4e2a-afdc-c979a3be76ed,CASE-000125,808,INVESTIGATION,LOW,INVESTIGATION - Company 297,Case opened based on risk alerts,97.96,1,1,OPEN,,analyst_1,manager_3,2026-05-25 16:17:32.000,2026-07-24,,false,,,2026-06-24 16:17:30.000,2026-06-24 16:17:30.000
1628,"0a0a018f-3aab-4c73-bf38-37578e1d70a4",CASE-000128,4481,INVESTIGATION,HIGH,INVESTIGATION - Company 1677,Case opened based on risk alerts,101882.20,2,2,CLOSED,SAR_FILED,analyst_8,manager_1,2026-05-25 16:17:32.000,2026-07-24,2026-06-24 16:17:30.000,false,2026-06-19,SAR-173978,2026-06-24 16:17:30.000,2026-06-24 16:17:30.000
1631,"9aadbab1-6fc7-4299-a826-48acd1e62732",CASE-000131,4868,INVESTIGATION,MEDIUM,INVESTIGATION - Company 2763,Case opened based on risk alerts,14306.48,1,1,OPEN,,analyst_3,manager_5,2026-05-25 16:17:32.000,2026-07-24,,false,,,2026-06-24 16:17:30.000,2026-06-24 16:17:30.000
1635,"709d0f60-1d33-4655-bf2e-5c197193a497",CASE-000135,379,INVESTIGATION,MEDIUM,INVESTIGATION - Company 584,Case opened based on risk alerts,13920.12,3,3,CLOSED,CLEARED,analyst_7,manager_2,2026-05-25 16:17:32.000,2026-07-24,2026-06-24 16:17:30.000,false,,,2026-06-24 16:17:30.000,2026-06-24 16:17:30.000
1636,"6bad7d40-7242-4c5c-8151-bc932f3e5748",CASE-000136,3906,INVESTIGATION,HIGH,INVESTIGATION - Company 304,Case opened based on risk alerts,0.00,0,0,OPEN,,analyst_3,manager_5,2026-05-25 16:17:32.000,2026-07-24,,false,,,2026-06-24 16:17:30.000,2026-06-24 16:17:30.000
1638,e43a4d30-4998-4c7b-9d99-4b52b5d81d64,CASE-000138,4468,INVESTIGATION,MEDIUM,INVESTIGATION - Company 4574,Case opened based on risk alerts,124357.33,2,2,OPEN,,analyst_2,manager_2,2026-05-25 16:17:32.000,2026-07-24,,false,,,2026-06-24 16:17:30.000,2026-06-24 16:17:30.000
1639,eff8f9f2-0c14-4d27-902e-0b59dfc97935,CASE-000139,130,INVESTIGATION,MEDIUM,INVESTIGATION - Company 2971,Case opened based on risk alerts,0.00,0,0,CLOSED,SAR_FILED,analyst_10,manager_2,2026-05-25 16:17:32.000,2026-07-24,2026-06-24 16:17:30.000,false,2026-06-19,SAR-408719,2026-06-24 16:17:30.000,2026-06-24 16:17:30.000
1641,"2a775d8b-dbd3-4ccf-aa3e-c986b7f8fb66",CASE-000141,3434,INVESTIGATION,LOW,INVESTIGATION - Company 1149,Case opened based on risk alerts,71223.71,2,2,OPEN,,analyst_3,manager_3,2026-05-25 16:17:32.000,2026-07-24,,false,,,2026-06-24 16:17:30.000,2026-06-24 16:17:30.000
1643,b5b3c849-191f-4327-8e1c-5d91a28366e1,CASE-000143,2963,INVESTIGATION,MEDIUM,INVESTIGATION - Company 4093,Case opened based on risk alerts,121.23,1,1,CLOSED,CLEARED,analyst_4,manager_1,2026-05-25 16:17:32.000,2026-07-24,2026-06-24 16:17:30.000,false,,,2026-06-24 16:17:30.000,2026-06-24 16:17:30.000
1645,"6f7a0713-48a7-4676-8ceb-78f34194752b",CASE-000145,4236,INVESTIGATION,LOW,INVESTIGATION - Company 3228,Case opened based on risk alerts,4525.02,2,2,CLOSED,ACCOUNT_CLOSED,analyst_7,manager_5,2026-05-25 16:17:32.000,2026-07-24,2026-06-24 16:17:30.000,false,,,2026-06-24 16:17:30.000,2026-06-24 16:17:30.000
1646,"210526e2-ed0c-478a-8579-1dc145b13e7e",CASE-000146,754,INVESTIGATION,MEDIUM,INVESTIGATION - Company 1418,Case opened based on risk alerts,0.00,0,0,OPEN,,analyst_4,manager_3,2026-05-25 16:17:32.000,2026-07-24,,false,,,2026-06-24 16:17:30.000,2026-06-24 16:17:30.000
1647,"7c45a530-e5ec-4924-a2f9-7cc036e0d90e",CASE-000147,401,INVESTIGATION,MEDIUM,INVESTIGATION - Company 3515,Case opened based on risk alerts,0.00,0,0,OPEN,,analyst_2,manager_3,2026-05-25 16:17:32.000,2026-07-24,,false,,,2026-06-24 16:17:30.000,2026-06-24 16:17:30.000
1648,fb616d6c-5e5e-478a-ad26-6c65426c1afb,CASE-000148,4206,INVESTIGATION,HIGH,INVESTIGATION - Company 929,Case opened based on risk alerts,26330.84,2,2,CLOSED,ACCOUNT_CLOSED,analyst_5,manager_4,2026-05-25 16:17:32.000,2026-07-24,2026-06-24 16:17:30.000,false,,,2026-06-24 16:17:30.000,2026-06-24 16:17:30.000
1649,"24d7bcc2-08a8-4f5b-b34d-21e4606732cc",CASE-000149,3328,INVESTIGATION,LOW,INVESTIGATION - Company 2213,Case opened based on risk alerts,71084.58,2,2,OPEN,,analyst_5,manager_3,2026-05-25 16:17:32.000,2026-07-24,,false,,,2026-06-24 16:17:30.000,2026-06-24 16:17:30.000
1652,"79ab5578-021a-48ce-b004-063fa2407587",CASE-000152,2981,INVESTIGATION,HIGH,INVESTIGATION - Company 3716,Case opened based on risk alerts,17999.37,1,1,CLOSED,CLEARED,analyst_3,manager_4,2026-05-25 16:17:32.000,2026-07-24,2026-06-24 16:17:30.000,false,,,2026-06-24 16:17:30.000,2026-06-24 16:17:30.000
1654,ac29845c-e11c-4d08-8b23-72697613cc03,CASE-000154,4858,INVESTIGATION,MEDIUM,INVESTIGATION - Company 4803,Case opened based on risk alerts,0.00,0,0,OPEN,,analyst_1,manager_5,2026-05-25 16:17:32.000,2026-07-24,,false,,,2026-06-24 16:17:30.000,2026-06-24 16:17:30.000
1658,"5df086d3-fd54-4dfb-9331-272bd5fb9999",CASE-000158,3701,INVESTIGATION,MEDIUM,INVESTIGATION - Company 1242,Case opened based on risk alerts,3556364.66,1,1,CLOSED,ACCOUNT_CLOSED,analyst_1,manager_1,2026-05-25 16:17:32.000,2026-07-24,2026-06-24 16:17:30.000,false,,,2026-06-24 16:17:30.000,2026-06-24 16:17:30.000
1666,"7331b88f-64c1-4b68-bcdd-04645e963ae2",CASE-000166,275,INVESTIGATION,MEDIUM,INVESTIGATION - Company 2844,Case opened based on risk alerts,35812.79,1,1,OPEN,,analyst_7,manager_5,2026-05-25 16:17:32.000,2026-07-24,,false,,,2026-06-24 16:17:30.000,2026-06-24 16:17:30.000
1667,b668f305-aeed-4fc7-ab4f-777fc8dc0616,CASE-000167,352,INVESTIGATION,MEDIUM,INVESTIGATION - Company 2347,Case opened based on risk alerts,170087.14,1,1,CLOSED,ACCOUNT_CLOSED,analyst_9,manager_1,2026-05-25 16:17:32.000,2026-07-24,2026-06-24 16:17:30.000,false,,,2026-06-24 16:17:30.000,2026-06-24 16:17:30.000
1674,de1517e7-115c-48e8-b57d-1eed1b8a5a7e,CASE-000174,440,INVESTIGATION,MEDIUM,INVESTIGATION - Company 1513,Case opened based on risk alerts,41968.49,1,1,CLOSED,MONITORING,analyst_10,manager_2,2026-05-25 16:17:32.000,2026-07-24,2026-06-24 16:17:30.000,false,,,2026-06-24 16:17:30.000,2026-06-24 16:17:30.000
1676,"32fb42d5-f346-441d-9f68-0670089eae1d",CASE-000176,783,INVESTIGATION,HIGH,INVESTIGATION - Company 432,Case opened based on risk alerts,580901.31,2,2,CLOSED,SAR_FILED,analyst_8,manager_3,2026-05-25 16:17:32.000,2026-07-24,2026-06-24 16:17:30.000,false,2026-06-19,SAR-138417,2026-06-24 16:17:30.000,2026-06-24 16:17:30.000
1678,"3c391f39-724f-4d0e-99ce-8ae6b4acbfdf",CASE-000178,1397,INVESTIGATION,MEDIUM,INVESTIGATION - Company 506,Case opened based on risk alerts,963405.99,2,2,OPEN,,analyst_6,manager_3,2026-05-25 16:17:32.000,2026-07-24,,false,,,2026-06-24 16:17:30.000,2026-06-24 16:17:30.000
1681,"59837051-2c33-45f9-bd88-656be838a72e",CASE-000181,605,INVESTIGATION,LOW,INVESTIGATION - Company 3876,Case opened based on risk alerts,0.00,0,0,CLOSED,SAR_FILED,analyst_5,manager_1,2026-05-25 16:17:32.000,2026-07-24,2026-06-24 16:17:30.000,false,2026-06-19,SAR-820913,2026-06-24 16:17:30.000,2026-06-24 16:17:30.000
1682,bb8720a1-b9c3-4048-8be2-2b00862969ad,CASE-000182,2466,INVESTIGATION,MEDIUM,INVESTIGATION - Company 642,Case opened based on risk alerts,9913.85,2,2,CLOSED,SAR_FILED,analyst_5,manager_1,2026-05-25 16:17:32.000,2026-07-24,2026-06-24 16:17:30.000,false,2026-06-19,SAR-524701,2026-06-24 16:17:30.000,2026-06-24 16:17:30.000
1684,ad9a529b-7588-4e1e-b746-8079932d02c5,CASE-000184,4095,INVESTIGATION,HIGH,INVESTIGATION - Company 2057,Case opened based on risk alerts,66250.01,1,1,CLOSED,ACCOUNT_CLOSED,analyst_7,manager_2,2026-05-25 16:17:32.000,2026-07-24,2026-06-24 16:17:30.000,false,,,2026-06-24 16:17:30.000,2026-06-24 16:17:30.000
1685,d194d96f-5c3b-46f2-85f9-89851069ef5d,CASE-000185,1519,INVESTIGATION,LOW,INVESTIGATION - Company 2753,Case opened based on risk alerts,0.00,0,0,CLOSED,ACCOUNT_CLOSED,analyst_8,manager_3,2026-05-25 16:17:32.000,2026-07-24,2026-06-24 16:17:30.000,false,,,2026-06-24 16:17:30.000,2026-06-24 16:17:30.000
1687,a8c0f906-0e5e-4372-b792-39fccf77fa86,CASE-000187,654,INVESTIGATION,MEDIUM,INVESTIGATION - Company 1397,Case opened based on risk alerts,28297.04,2,2,OPEN,,analyst_8,manager_4,2026-05-25 16:17:32.000,2026-07-24,,false,,,2026-06-24 16:17:30.000,2026-06-24 16:17:30.000
1689,"6441d010-aa37-41a1-9956-eaa4965d8eef",CASE-000189,4216,INVESTIGATION,LOW,INVESTIGATION - Company 2027,Case opened based on risk alerts,5730.16,1,1,CLOSED,CLEARED,analyst_5,manager_3,2026-05-25 16:17:32.000,2026-07-24,2026-06-24 16:17:30.000,false,,,2026-06-24 16:17:30.000,2026-06-24 16:17:30.000
1691,"6e0b984d-93c8-4dbc-9ce9-6cdc89d4cbed",CASE-000191,2456,INVESTIGATION,MEDIUM,INVESTIGATION - Company 4841,Case opened based on risk alerts,599179.76,4,4,CLOSED,CLEARED,analyst_4,manager_5,2026-05-25 16:17:32.000,2026-07-24,2026-06-24 16:17:30.000,false,,,2026-06-24 16:17:30.000,2026-06-24 16:17:30.000
1692,"6d0a018a-f7f1-4d98-9422-9715c4f23603",CASE-000192,4459,INVESTIGATION,HIGH,INVESTIGATION - Company 1843,Case opened based on risk alerts,34076.79,1,1,OPEN,,analyst_10,manager_2,2026-05-25 16:17:32.000,2026-07-24,,false,,,2026-06-24 16:17:30.000,2026-06-24 16:17:30.000
1693,"4fad55cb-b91c-4e10-8529-e9a87171584d",CASE-000193,2388,INVESTIGATION,LOW,INVESTIGATION - Company 4239,Case opened based on risk alerts,4832.23,1,1,OPEN,,analyst_5,manager_1,2026-05-25 16:17:32.000,2026-07-24,,false,,,2026-06-24 16:17:30.000,2026-06-24 16:17:30.000
1695,"306efd96-4aca-49be-93b3-8ef3832f81fe",CASE-000195,2099,INVESTIGATION,MEDIUM,INVESTIGATION - Company 4952,Case opened based on risk alerts,74552.56,2,2,OPEN,,analyst_3,manager_4,2026-05-25 16:17:32.000,2026-07-24,,false,,,2026-06-24 16:17:30.000,2026-06-24 16:17:30.000
1698,"7af41a14-3a13-4343-8d93-effd539c5282",CASE-000198,3090,INVESTIGATION,MEDIUM,INVESTIGATION - Company 2133,Case opened based on risk alerts,73513.22,2,2,CLOSED,ACCOUNT_CLOSED,analyst_8,manager_4,2026-05-25 16:17:32.000,2026-07-24,2026-06-24 16:17:30.000,false,,,2026-06-24 16:17:30.000,2026-06-24 16:17:30.000
1699,cda020af-1884-4158-a95d-57dbf20adacf,CASE-000199,2169,INVESTIGATION,MEDIUM,INVESTIGATION - Company 4095,Case opened based on risk alerts,164173.29,2,2,CLOSED,SAR_FILED,analyst_9,manager_3,2026-05-25 16:17:32.000,2026-07-24,2026-06-24 16:17:30.000,false,2026-06-19,SAR-072908,2026-06-24 16:17:30.000,2026-06-24 16:17:30.000
1705,cbb08bfa-eb0d-4340-850d-70c1e2861a69,CASE-000205,3455,INVESTIGATION,LOW,INVESTIGATION - Company 3951,Case opened based on risk alerts,0.00,0,0,CLOSED,ACCOUNT_CLOSED,analyst_5,manager_4,2026-05-25 16:17:32.000,2026-07-24,2026-06-24 16:17:30.000,false,,,2026-06-24 16:17:30.000,2026-06-24 16:17:30.000
1706,de1beb2a-cadd-4066-8f61-66f8594a1bf4,CASE-000206,758,INVESTIGATION,MEDIUM,INVESTIGATION - Company 3431,Case opened based on risk alerts,20268.12,3,3,OPEN,,analyst_3,manager_5,2026-05-25 16:17:32.000,2026-07-24,,false,,,2026-06-24 16:17:30.000,2026-06-24 16:17:30.000
1711,ea7f5bd6-630f-433a-954b-5cfac2835cc8,CASE-000211,2184,INVESTIGATION,MEDIUM,INVESTIGATION - Company 3361,Case opened based on risk alerts,248866.58,2,2,CLOSED,CLEARED,analyst_4,manager_2,2026-05-25 16:17:32.000,2026-07-24,2026-06-24 16:17:30.000,false,,,2026-06-24 16:17:30.000,2026-06-24 16:17:30.000
1712,"2d56e451-7244-47ef-9ca9-ef49d5a86ab7",CASE-000212,4567,INVESTIGATION,HIGH,INVESTIGATION - Company 4659,Case opened based on risk alerts,0.00,0,0,CLOSED,ACCOUNT_CLOSED,analyst_8,manager_1,2026-05-25 16:17:32.000,2026-07-24,2026-06-24 16:17:30.000,false,,,2026-06-24 16:17:30.000,2026-06-24 16:17:30.000
1715,f5d861f2-1902-44fa-af5f-992588bd82b2,CASE-000215,637,INVESTIGATION,MEDIUM,INVESTIGATION - Company 4878,Case opened based on risk alerts,8227.24,1,1,OPEN,,analyst_8,manager_5,2026-05-25 16:17:32.000,2026-07-24,,false,,,2026-06-24 16:17:30.000,2026-06-24 16:17:30.000
1717,a4fd1423-0225-42b0-8bd5-7c624d623e5f,CASE-000217,4261,INVESTIGATION,LOW,INVESTIGATION - Company 4036,Case opened based on risk alerts,17637.16,1,1,OPEN,,analyst_8,manager_2,2026-05-25 16:17:32.000,2026-07-24,,false,,,2026-06-24 16:17:30.000,2026-06-24 16:17:30.000
1721,"4ce26518-867a-4754-86b0-784959cd5a9b",CASE-000221,379,INVESTIGATION,LOW,INVESTIGATION - Company 4790,Case opened based on risk alerts,10532.71,2,2,OPEN,,analyst_8,manager_1,2026-05-25 16:17:32.000,2026-07-24,,false,,,2026-06-24 16:17:30.000,2026-06-24 16:17:30.000
1722,d68b4255-cd46-4a27-a514-ee06e91575b3,CASE-000222,224,INVESTIGATION,MEDIUM,INVESTIGATION - Company 1125,Case opened based on risk alerts,0.00,0,0,OPEN,,analyst_9,manager_4,2026-05-25 16:17:32.000,2026-07-24,,false,,,2026-06-24 16:17:30.000,2026-06-24 16:17:30.000
1724,ac082358-3193-481d-8c8f-50b475dc4ac5,CASE-000224,2109,INVESTIGATION,HIGH,INVESTIGATION - Company 420,Case opened based on risk alerts,57462.89,1,1,CLOSED,CLEARED,analyst_1,manager_3,2026-05-25 16:17:32.000,2026-07-24,2026-06-24 16:17:30.000,false,,,2026-06-24 16:17:30.000,2026-06-24 16:17:30.000
1727,f9c3f582-cdf7-4a74-8099-80a7533fad51,CASE-000227,2859,INVESTIGATION,MEDIUM,INVESTIGATION - Company 4320,Case opened based on risk alerts,0.00,0,0,OPEN,,analyst_9,manager_3,2026-05-25 16:17:32.000,2026-07-24,,false,,,2026-06-24 16:17:30.000,2026-06-24 16:17:30.000
1729,c5392100-a8bf-4336-af31-356d6397d9ab,CASE-000229,1257,INVESTIGATION,LOW,INVESTIGATION - Company 864,Case opened based on risk alerts,2248.08,1,1,CLOSED,CLEARED,analyst_5,manager_3,2026-05-25 16:17:32.000,2026-07-24,2026-06-24 16:17:30.000,false,,,2026-06-24 16:17:30.000,2026-06-24 16:17:30.000
1731,"719b6243-25c1-49b2-92b7-609bb4eed357",CASE-000231,2525,INVESTIGATION,MEDIUM,INVESTIGATION - Company 763,Case opened based on risk alerts,2078.88,1,1,OPEN,,analyst_9,manager_3,2026-05-25 16:17:32.000,2026-07-24,,false,,,2026-06-24 16:17:30.000,2026-06-24 16:17:30.000
1734,"00fa8430-f51e-4121-9551-9eb0ee05fe44",CASE-000234,858,INVESTIGATION,MEDIUM,INVESTIGATION - Company 3071,Case opened based on risk alerts,50145.67,1,1,CLOSED,CLEARED,analyst_9,manager_4,2026-05-25 16:17:32.000,2026-07-24,2026-06-24 16:17:30.000,false,,,2026-06-24 16:17:30.000,2026-06-24 16:17:30.000
1735,f7b7df04-0e39-495e-871d-db6077caa12d,CASE-000235,874,INVESTIGATION,MEDIUM,INVESTIGATION - Company 2276,Case opened based on risk alerts,2269590.94,1,1,OPEN,,analyst_7,manager_3,2026-05-25 16:17:32.000,2026-07-24,,false,,,2026-06-24 16:17:30.000,2026-06-24 16:17:30.000
1739,bf41bd43-23db-47f8-b8af-5b17c9887199,CASE-000239,2946,INVESTIGATION,MEDIUM,INVESTIGATION - Company 4302,Case opened based on risk alerts,37006.58,2,2,CLOSED,CLEARED,analyst_6,manager_2,2026-05-25 16:17:32.000,2026-07-24,2026-06-24 16:17:30.000,false,,,2026-06-24 16:17:30.000,2026-06-24 16:17:30.000
1741,ce47ea3f-3410-4245-aac0-4bfc837990aa,CASE-000241,3376,INVESTIGATION,LOW,INVESTIGATION - Company 3859,Case opened based on risk alerts,139047.56,2,2,CLOSED,ACCOUNT_CLOSED,analyst_3,manager_1,2026-05-25 16:17:32.000,2026-07-24,2026-06-24 16:17:30.000,false,,,2026-06-24 16:17:30.000,2026-06-24 16:17:30.000
1742,"343da0c8-6b2c-4d91-9cf4-ac25b72d3bc1",CASE-000242,3139,INVESTIGATION,MEDIUM,INVESTIGATION - Company 3676,Case opened based on risk alerts,91302.38,2,2,OPEN,,analyst_10,manager_5,2026-05-25 16:17:32.000,2026-07-24,,false,,,2026-06-24 16:17:30.000,2026-06-24 16:17:30.000
1748,d7c20285-17ef-4ee9-b1f3-655552dd5515,CASE-000248,3791,INVESTIGATION,HIGH,INVESTIGATION - Company 1141,Case opened based on risk alerts,5305.94,2,2,OPEN,,analyst_9,manager_2,2026-05-25 16:17:32.000,2026-07-24,,false,,,2026-06-24 16:17:30.000,2026-06-24 16:17:30.000
1749,"306867f1-95ed-4e7f-8224-709a7382c8dd",CASE-000249,3032,INVESTIGATION,LOW,INVESTIGATION - Company 1317,Case opened based on risk alerts,0.00,0,0,OPEN,,analyst_8,manager_5,2026-05-25 16:17:32.000,2026-07-24,,false,,,2026-06-24 16:17:30.000,2026-06-24 16:17:30.000
1750,"62fef258-5edf-44a3-98c5-6cc2ca5db704",CASE-000250,4385,INVESTIGATION,MEDIUM,INVESTIGATION - Company 887,Case opened based on risk alerts,0.00,0,0,CLOSED,SAR_FILED,analyst_4,manager_4,2026-05-25 16:17:32.000,2026-07-24,2026-06-24 16:17:30.000,true,2026-06-19,SAR-506272,2026-06-24 16:17:30.000,2026-06-24 16:17:30.000
1752,"7adadf74-e8f8-4940-882e-a2d46c15b0ca",CASE-000252,2678,INVESTIGATION,HIGH,INVESTIGATION - Company 3426,Case opened based on risk alerts,78.54,1,1,OPEN,,analyst_5,manager_5,2026-05-25 16:17:32.000,2026-07-24,,false,,,2026-06-24 16:17:30.000,2026-06-24 16:17:30.000
1753,e4ec3ca5-a05b-4401-82ae-e0aa3b7ba8d3,CASE-000253,22,INVESTIGATION,LOW,INVESTIGATION - Company 3139,Case opened based on risk alerts,152534.80,1,1,OPEN,,analyst_9,manager_5,2026-05-25 16:17:32.000,2026-07-24,,false,,,2026-06-24 16:17:30.000,2026-06-24 16:17:30.000
1754,"83025f51-d870-4447-8ff9-510f043e20fe",CASE-000254,585,INVESTIGATION,MEDIUM,INVESTIGATION - Company 3929,Case opened based on risk alerts,0.00,0,0,CLOSED,MONITORING,analyst_4,manager_4,2026-05-25 16:17:32.000,2026-07-24,2026-06-24 16:17:30.000,false,,,2026-06-24 16:17:30.000,2026-06-24 16:17:30.000
1755,"9d1fc6eb-2e9e-457f-a09e-0224d7a2be6e",CASE-000255,821,INVESTIGATION,MEDIUM,INVESTIGATION - Company 4279,Case opened based on risk alerts,1120.00,1,1,CLOSED,MONITORING,analyst_4,manager_2,2026-05-25 16:17:32.000,2026-07-24,2026-06-24 16:17:30.000,false,,,2026-06-24 16:17:30.000,2026-06-24 16:17:30.000
1758,"36541dd3-6d57-4a43-9858-aa6d20354b3a",CASE-000258,4374,INVESTIGATION,MEDIUM,INVESTIGATION - Company 3323,Case opened based on risk alerts,29737.43,1,1,CLOSED,MONITORING,analyst_10,manager_1,2026-05-25 16:17:32.000,2026-07-24,2026-06-24 16:17:30.000,false,,,2026-06-24 16:17:30.000,2026-06-24 16:17:30.000
1762,"7149cea4-d79a-4c37-8efc-812a8976dabd",CASE-000262,3112,INVESTIGATION,MEDIUM,INVESTIGATION - Company 1348,Case opened based on risk alerts,7614.84,3,3,CLOSED,ACCOUNT_CLOSED,analyst_1,manager_1,2026-05-25 16:17:32.000,2026-07-24,2026-06-24 16:17:30.000,false,,,2026-06-24 16:17:30.000,2026-06-24 16:17:30.000
1763,"494e2cf6-1409-4b6d-a303-ddc4d6e9d8aa",CASE-000263,4878,INVESTIGATION,MEDIUM,INVESTIGATION - Company 2439,Case opened based on risk alerts,56132.42,2,2,CLOSED,ACCOUNT_CLOSED,analyst_8,manager_3,2026-05-25 16:17:32.000,2026-07-24,2026-06-24 16:17:30.000,false,,,2026-06-24 16:17:30.000,2026-06-24 16:17:30.000
1764,"13b171e4-4a54-451b-9f03-a683852d90c1",CASE-000264,1773,INVESTIGATION,HIGH,INVESTIGATION - Company 2098,Case opened based on risk alerts,0.00,0,0,CLOSED,ACCOUNT_CLOSED,analyst_8,manager_3,2026-05-25 16:17:32.000,2026-07-24,2026-06-24 16:17:30.000,false,,,2026-06-24 16:17:30.000,2026-06-24 16:17:30.000
1766,"0811da4f-91a5-437c-9394-dd8605430112",CASE-000266,3480,INVESTIGATION,MEDIUM,INVESTIGATION - Company 4210,Case opened based on risk alerts,131753.74,1,1,CLOSED,CLEARED,analyst_4,manager_3,2026-05-25 16:17:32.000,2026-07-24,2026-06-24 16:17:30.000,false,,,2026-06-24 16:17:30.000,2026-06-24 16:17:30.000
1773,"56e51fdd-9ca9-4332-8205-819c5e306341",CASE-000273,4865,INVESTIGATION,LOW,INVESTIGATION - Company 644,Case opened based on risk alerts,389877.41,2,2,CLOSED,SAR_FILED,analyst_8,manager_4,2026-05-25 16:17:32.000,2026-07-24,2026-06-24 16:17:30.000,false,2026-06-19,SAR-907788,2026-06-24 16:17:30.000,2026-06-24 16:17:30.000
1776,"483fb0b8-bf53-46dd-bac8-304617c47ff2",CASE-000276,3282,INVESTIGATION,HIGH,INVESTIGATION - Company 4483,Case opened based on risk alerts,71556.74,2,2,CLOSED,CLEARED,analyst_3,manager_4,2026-05-25 16:17:32.000,2026-07-24,2026-06-24 16:17:30.000,false,,,2026-06-24 16:17:30.000,2026-06-24 16:17:30.000
1777,"3d17a9fc-d2e5-4e0a-8288-381a5455985f",CASE-000277,3287,INVESTIGATION,LOW,INVESTIGATION - Company 4577,Case opened based on risk alerts,72110.40,3,3,CLOSED,ACCOUNT_CLOSED,analyst_3,manager_2,2026-05-25 16:17:32.000,2026-07-24,2026-06-24 16:17:30.000,false,,,2026-06-24 16:17:30.000,2026-06-24 16:17:30.000
1781,db53583c-11f0-4ffb-abfc-db1bb415adf5,CASE-000281,914,INVESTIGATION,LOW,INVESTIGATION - Company 510,Case opened based on risk alerts,0.00,0,0,CLOSED,ACCOUNT_CLOSED,analyst_10,manager_2,2026-05-25 16:17:32.000,2026-07-24,2026-06-24 16:17:30.000,false,,,2026-06-24 16:17:30.000,2026-06-24 16:17:30.000
1784,a5aa9173-a9d4-4eb8-a7ad-cf9773be1327,CASE-000284,2376,INVESTIGATION,HIGH,INVESTIGATION - Company 979,Case opened based on risk alerts,1346.52,1,1,CLOSED,CLEARED,analyst_5,manager_2,2026-05-25 16:17:32.000,2026-07-24,2026-06-24 16:17:30.000,false,,,2026-06-24 16:17:30.000,2026-06-24 16:17:30.000
1785,ea794d5a-33a1-4720-a421-bd519be9fc4a,CASE-000285,104,INVESTIGATION,LOW,INVESTIGATION - Company 3509,Case opened based on risk alerts,254678.32,2,2,CLOSED,CLEARED,analyst_2,manager_5,2026-05-25 16:17:32.000,2026-07-24,2026-06-24 16:17:30.000,false,,,2026-06-24 16:17:30.000,2026-06-24 16:17:30.000
1789,"7d691bb8-c807-498d-a425-72d81433867f",CASE-000289,4831,INVESTIGATION,LOW,INVESTIGATION - Company 4027,Case opened based on risk alerts,11093.33,2,2,CLOSED,MONITORING,analyst_6,manager_4,2026-05-25 16:17:32.000,2026-07-24,2026-06-24 16:17:30.000,false,,,2026-06-24 16:17:30.000,2026-06-24 16:17:30.000
1793,"18185707-c099-470d-9c6d-67b0371e7170",CASE-000293,973,INVESTIGATION,LOW,INVESTIGATION - Company 634,Case opened based on risk alerts,217467.83,2,2,CLOSED,SAR_FILED,analyst_4,manager_3,2026-05-25 16:17:32.000,2026-07-24,2026-06-24 16:17:30.000,false,2026-06-19,SAR-236381,2026-06-24 16:17:30.000,2026-06-24 16:17:30.000
1794,"04c5407e-7e4b-4864-8cc9-0d5902eec927",CASE-000294,2861,INVESTIGATION,MEDIUM,INVESTIGATION - Company 394,Case opened based on risk alerts,10804728.74,2,2,CLOSED,CLEARED,analyst_3,manager_4,2026-05-25 16:17:32.000,2026-07-24,2026-06-24 16:17:30.000,false,,,2026-06-24 16:17:30.000,2026-06-24 16:17:30.000
1795,"5af80117-ab94-476c-a746-9d81558fa407",CASE-000295,4228,INVESTIGATION,MEDIUM,INVESTIGATION - Company 1172,Case opened based on risk alerts,0.00,0,0,CLOSED,SAR_FILED,analyst_5,manager_2,2026-05-25 16:17:32.000,2026-07-24,2026-06-24 16:17:30.000,false,2026-06-19,SAR-806331,2026-06-24 16:17:30.000,2026-06-24 16:17:30.000
1801,"5733aa3d-a7ce-4d47-b2a1-3bcaa676f73b",CASE-000301,4290,INVESTIGATION,LOW,INVESTIGATION - Company 2691,Case opened based on risk alerts,0.00,0,0,CLOSED,ACCOUNT_CLOSED,analyst_8,manager_4,2026-05-25 16:17:32.000,2026-07-24,2026-06-24 16:17:30.000,false,,,2026-06-24 16:17:30.000,2026-06-24 16:17:30.000
1805,"258706ca-f275-4511-a6d3-5b805eb7bddb",CASE-000305,1422,INVESTIGATION,LOW,INVESTIGATION - Company 265,Case opened based on risk alerts,0.00,0,0,CLOSED,CLEARED,analyst_9,manager_5,2026-05-25 16:17:32.000,2026-07-24,2026-06-24 16:17:30.000,false,,,2026-06-24 16:17:30.000,2026-06-24 16:17:30.000
1806,b4bbc93c-cf7c-49b4-aab8-3884e065cb18,CASE-000306,2452,INVESTIGATION,MEDIUM,INVESTIGATION - Company 4600,Case opened based on risk alerts,0.00,0,0,CLOSED,ACCOUNT_CLOSED,analyst_5,manager_5,2026-05-25 16:17:32.000,2026-07-24,2026-06-24 16:17:30.000,false,,,2026-06-24 16:17:30.000,2026-06-24 16:17:30.000
1807,e7302742-5bcb-4b5f-94e6-fb625f0b3a44,CASE-000307,2444,INVESTIGATION,MEDIUM,INVESTIGATION - Company 3984,Case opened based on risk alerts,6004.35,1,1,CLOSED,SAR_FILED,analyst_3,manager_4,2026-05-25 16:17:32.000,2026-07-24,2026-06-24 16:17:30.000,false,2026-06-19,SAR-047596,2026-06-24 16:17:30.000,2026-06-24 16:17:30.000
1808,aa6443dc-ac1f-4e0d-a72a-504318b078f5,CASE-000308,2965,INVESTIGATION,HIGH,INVESTIGATION - Company 612,Case opened based on risk alerts,4458.22,1,1,OPEN,,analyst_6,manager_2,2026-05-25 16:17:32.000,2026-07-24,,false,,,2026-06-24 16:17:30.000,2026-06-24 16:17:30.000
1812,"362c3f95-6f02-419c-916a-6cc2c44ae4ad",CASE-000312,2452,INVESTIGATION,HIGH,INVESTIGATION - Company 2236,Case opened based on risk alerts,0.00,0,0,OPEN,,analyst_3,manager_2,2026-05-25 16:17:32.000,2026-07-24,,false,,,2026-06-24 16:17:30.000,2026-06-24 16:17:30.000
1813,"0aef87d6-e33d-4901-8cdb-76bff714a9d2",CASE-000313,3600,INVESTIGATION,LOW,INVESTIGATION - Company 4999,Case opened based on risk alerts,2829839.02,2,2,CLOSED,CLEARED,analyst_8,manager_1,2026-05-25 16:17:32.000,2026-07-24,2026-06-24 16:17:30.000,false,,,2026-06-24 16:17:30.000,2026-06-24 16:17:30.000
1814,"8b8b8460-7560-4c4c-8a38-6ee9429b8a80",CASE-000314,2655,INVESTIGATION,MEDIUM,INVESTIGATION - Company 3249,Case opened based on risk alerts,0.00,0,0,CLOSED,CLEARED,analyst_10,manager_5,2026-05-25 16:17:32.000,2026-07-24,2026-06-24 16:17:30.000,false,,,2026-06-24 16:17:30.000,2026-06-24 16:17:30.000
1817,"036f0d47-9d19-43bb-83da-b12acf00103a",CASE-000317,314,INVESTIGATION,LOW,INVESTIGATION - Company 4443,Case opened based on risk alerts,0.00,0,0,CLOSED,MONITORING,analyst_7,manager_4,2026-05-25 16:17:32.000,2026-07-24,2026-06-24 16:17:30.000,false,,,2026-06-24 16:17:30.000,2026-06-24 16:17:30.000
1825,a4b65220-53c9-4b75-b9ae-36e13ad39a42,CASE-000325,101,INVESTIGATION,LOW,INVESTIGATION - Company 3367,Case opened based on risk alerts,0.00,0,0,CLOSED,MONITORING,analyst_1,manager_4,2026-05-25 16:17:32.000,2026-07-24,2026-06-24 16:17:30.000,false,,,2026-06-24 16:17:30.000,2026-06-24 16:17:30.000
1827,"5cc463ef-e274-41bd-8670-52130f93a4be",CASE-000327,920,INVESTIGATION,MEDIUM,INVESTIGATION - Company 1612,Case opened based on risk alerts,0.00,0,0,CLOSED,SAR_FILED,analyst_9,manager_1,2026-05-25 16:17:32.000,2026-07-24,2026-06-24 16:17:30.000,false,2026-06-19,SAR-877073,2026-06-24 16:17:30.000,2026-06-24 16:17:30.000
1832,"8a358bf1-07bc-4439-b0cf-7662caf70aca",CASE-000332,1677,INVESTIGATION,HIGH,INVESTIGATION - Company 57,Case opened based on risk alerts,5579.92,2,2,CLOSED,CLEARED,analyst_5,manager_5,2026-05-25 16:17:32.000,2026-07-24,2026-06-24 16:17:30.000,false,,,2026-06-24 16:17:30.000,2026-06-24 16:17:30.000
1833,ba430ecd-8a88-4a03-b13f-e4b0b96ccad8,CASE-000333,3018,INVESTIGATION,LOW,INVESTIGATION - Company 19,Case opened based on risk alerts,3862.41,1,1,OPEN,,analyst_3,manager_4,2026-05-25 16:17:32.000,2026-07-24,,false,,,2026-06-24 16:17:30.000,2026-06-24 16:17:30.000
1834,"55ab40f2-7b71-4c28-a1b9-c70fc450275a",CASE-000334,4262,INVESTIGATION,MEDIUM,INVESTIGATION - Company 4876,Case opened based on risk alerts,0.00,0,0,CLOSED,ACCOUNT_CLOSED,analyst_5,manager_1,2026-05-25 16:17:32.000,2026-07-24,2026-06-24 16:17:30.000,false,,,2026-06-24 16:17:30.000,2026-06-24 16:17:30.000
1835,b2daddbb-4c41-4a6d-98c7-42b8c627d328,CASE-000335,3323,INVESTIGATION,MEDIUM,INVESTIGATION - Company 4434,Case opened based on risk alerts,11538.59,1,1,CLOSED,ACCOUNT_CLOSED,analyst_8,manager_1,2026-05-25 16:17:32.000,2026-07-24,2026-06-24 16:17:30.000,false,,,2026-06-24 16:17:30.000,2026-06-24 16:17:30.000
1836,"1746c0cc-52d3-431f-a1f8-ffe1445b22cc",CASE-000336,654,INVESTIGATION,HIGH,INVESTIGATION - Company 3117,Case opened based on risk alerts,29297.04,3,3,CLOSED,SAR_FILED,analyst_10,manager_3,2026-05-25 16:17:32.000,2026-07-24,2026-06-24 16:17:30.000,false,2026-06-19,SAR-593751,2026-06-24 16:17:30.000,2026-06-24 16:17:30.000
1839,eb59ebaf-26cc-4405-8fe1-fcddf1fe3ac4,CASE-000339,4814,INVESTIGATION,MEDIUM,INVESTIGATION - Company 795,Case opened based on risk alerts,0.00,0,0,CLOSED,CLEARED,analyst_1,manager_5,2026-05-25 16:17:32.000,2026-07-24,2026-06-24 16:17:30.000,false,,,2026-06-24 16:17:30.000,2026-06-24 16:17:30.000
1846,"0de921c3-2572-42af-8a22-88b4a7d60e70",CASE-000346,3128,INVESTIGATION,MEDIUM,INVESTIGATION - Company 2553,Case opened based on risk alerts,22884.35,1,1,CLOSED,SAR_FILED,analyst_6,manager_2,2026-05-25 16:17:32.000,2026-07-24,2026-06-24 16:17:30.000,false,2026-06-19,SAR-711956,2026-06-24 16:17:30.000,2026-06-24 16:17:30.000
1848,fac9c7c4-c57f-4f9f-97e9-df1961daafd0,CASE-000348,3796,INVESTIGATION,HIGH,INVESTIGATION - Company 4692,Case opened based on risk alerts,25529.10,2,2,OPEN,,analyst_8,manager_4,2026-05-25 16:17:32.000,2026-07-24,,false,,,2026-06-24 16:17:30.000,2026-06-24 16:17:30.000
1849,c1892c1d-e0c5-4a78-b7ec-6b9fbcf9fea5,CASE-000349,3359,INVESTIGATION,LOW,INVESTIGATION - Company 4206,Case opened based on risk alerts,121533.72,2,2,CLOSED,MONITORING,analyst_7,manager_2,2026-05-25 16:17:32.000,2026-07-24,2026-06-24 16:17:30.000,false,,,2026-06-24 16:17:30.000,2026-06-24 16:17:30.000
1852,"5d1b5fbe-6efa-4f19-95e1-0b5bba1195bf",CASE-000352,3050,INVESTIGATION,HIGH,INVESTIGATION - Company 3950,Case opened based on risk alerts,29949.78,3,3,CLOSED,ACCOUNT_CLOSED,analyst_8,manager_1,2026-05-25 16:17:32.000,2026-07-24,2026-06-24 16:17:30.000,false,,,2026-06-24 16:17:30.000,2026-06-24 16:17:30.000
1853,"762e5179-f51d-4de1-ad4b-84f6b23012e0",CASE-000353,501,INVESTIGATION,LOW,INVESTIGATION - Company 4563,Case opened based on risk alerts,0.00,0,0,CLOSED,CLEARED,analyst_9,manager_2,2026-05-25 16:17:32.000,2026-07-24,2026-06-24 16:17:30.000,false,,,2026-06-24 16:17:30.000,2026-06-24 16:17:30.000
1857,c2a6cc52-7d66-4d6e-bd06-713406b72c29,CASE-000357,1015,INVESTIGATION,LOW,INVESTIGATION - Company 2382,Case opened based on risk alerts,30951.73,2,2,CLOSED,SAR_FILED,analyst_5,manager_1,2026-05-25 16:17:32.000,2026-07-24,2026-06-24 16:17:30.000,false,2026-06-19,SAR-506338,2026-06-24 16:17:30.000,2026-06-24 16:17:30.000
1858,"57b32e56-e0eb-48c7-a260-9cb602ed5c32",CASE-000358,233,INVESTIGATION,MEDIUM,INVESTIGATION - Company 909,Case opened based on risk alerts,84399.31,1,1,CLOSED,ACCOUNT_CLOSED,analyst_3,manager_1,2026-05-25 16:17:32.000,2026-07-24,2026-06-24 16:17:30.000,false,,,2026-06-24 16:17:30.000,2026-06-24 16:17:30.000
1859,"1b724abf-eb4e-4ca7-be2e-489f100ac56c",CASE-000359,87,INVESTIGATION,MEDIUM,INVESTIGATION - Company 2072,Case opened based on risk alerts,63255.01,1,1,CLOSED,ACCOUNT_CLOSED,analyst_7,manager_3,2026-05-25 16:17:32.000,2026-07-24,2026-06-24 16:17:30.000,false,,,2026-06-24 16:17:30.000,2026-06-24 16:17:30.000
1861,a6a71ccd-2904-4dfb-b8b5-edf9fcb0002f,CASE-000361,1764,INVESTIGATION,LOW,INVESTIGATION - Company 1376,Case opened based on risk alerts,0.00,0,0,CLOSED,ACCOUNT_CLOSED,analyst_8,manager_1,2026-05-25 16:17:32.000,2026-07-24,2026-06-24 16:17:30.000,false,,,2026-06-24 16:17:30.000,2026-06-24 16:17:30.000
1862,"44d2f5ec-ea3f-457a-b0b9-72c28c6748fd",CASE-000362,769,INVESTIGATION,MEDIUM,INVESTIGATION - Company 2141,Case opened based on risk alerts,0.00,0,0,CLOSED,MONITORING,analyst_3,manager_4,2026-05-25 16:17:32.000,2026-07-24,2026-06-24 16:17:30.000,false,,,2026-06-24 16:17:30.000,2026-06-24 16:17:30.000
1863,"357b24d9-8300-4dc0-ab39-a1e0f77344c3",CASE-000363,4187,INVESTIGATION,MEDIUM,INVESTIGATION - Company 2633,Case opened based on risk alerts,0.00,0,0,CLOSED,ACCOUNT_CLOSED,analyst_2,manager_1,2026-05-25 16:17:32.000,2026-07-24,2026-06-24 16:17:30.000,false,,,2026-06-24 16:17:30.000,2026-06-24 16:17:30.000
1866,d1f57a53-bb8d-4c34-97a8-a9edfeaa1c03,CASE-000366,316,INVESTIGATION,MEDIUM,INVESTIGATION - Company 4469,Case opened based on risk alerts,0.00,0,0,CLOSED,SAR_FILED,analyst_4,manager_3,2026-05-25 16:17:32.000,2026-07-24,2026-06-24 16:17:30.000,false,2026-06-19,SAR-335683,2026-06-24 16:17:30.000,2026-06-24 16:17:30.000
1869,be4c4df2-451b-4c49-b03d-8a9b20961849,CASE-000369,605,INVESTIGATION,LOW,INVESTIGATION - Company 382,Case opened based on risk alerts,0.00,0,0,CLOSED,MONITORING,analyst_3,manager_2,2026-05-25 16:17:32.000,2026-07-24,2026-06-24 16:17:30.000,false,,,2026-06-24 16:17:30.000,2026-06-24 16:17:30.000
1873,c25af943-2a37-4057-b489-53988ab62e15,CASE-000373,1759,INVESTIGATION,LOW,INVESTIGATION - Company 1483,Case opened based on risk alerts,203934.35,3,3,OPEN,,analyst_10,manager_1,2026-05-25 16:17:32.000,2026-07-24,,false,,,2026-06-24 16:17:30.000,2026-06-24 16:17:30.000
1874,e29ed2ad-1827-45ee-8e7a-26b63288c2d3,CASE-000374,233,INVESTIGATION,MEDIUM,INVESTIGATION - Company 1555,Case opened based on risk alerts,84399.31,1,1,OPEN,,analyst_8,manager_2,2026-05-25 16:17:32.000,2026-07-24,,false,,,2026-06-24 16:17:30.000,2026-06-24 16:17:30.000
1876,cc9deb62-6aa2-4e0a-98a2-9b2ebf6b8b47,CASE-000376,1325,INVESTIGATION,HIGH,INVESTIGATION - Company 1498,Case opened based on risk alerts,66219.82,2,2,OPEN,,analyst_7,manager_2,2026-05-25 16:17:32.000,2026-07-24,,false,,,2026-06-24 16:17:30.000,2026-06-24 16:17:30.000
1879,b245bafd-00d9-46c5-a9a2-d9070314ea08,CASE-000379,2585,INVESTIGATION,MEDIUM,INVESTIGATION - Company 2075,Case opened based on risk alerts,105833.46,2,2,OPEN,,analyst_9,manager_4,2026-05-25 16:17:32.000,2026-07-24,,false,,,2026-06-24 16:17:30.000,2026-06-24 16:17:30.000
1881,fa86f66d-717c-48d4-9a03-7196a618aeaa,CASE-000381,3554,INVESTIGATION,LOW,INVESTIGATION - Company 2402,Case opened based on risk alerts,0.00,0,0,CLOSED,CLEARED,analyst_2,manager_5,2026-05-25 16:17:32.000,2026-07-24,2026-06-24 16:17:30.000,false,,,2026-06-24 16:17:30.000,2026-06-24 16:17:30.000
1886,e9800b1e-02bd-4c5f-b356-579c1d9369e1,CASE-000386,552,INVESTIGATION,MEDIUM,INVESTIGATION - Company 3259,Case opened based on risk alerts,123181.04,2,2,CLOSED,MONITORING,analyst_4,manager_4,2026-05-25 16:17:32.000,2026-07-24,2026-06-24 16:17:30.000,false,,,2026-06-24 16:17:30.000,2026-06-24 16:17:30.000
1888,"65ed2e96-0c65-4d21-826c-889e6405c189",CASE-000388,3075,INVESTIGATION,HIGH,INVESTIGATION - Company 2576,Case opened based on risk alerts,3550.38,1,1,CLOSED,MONITORING,analyst_5,manager_3,2026-05-25 16:17:32.000,2026-07-24,2026-06-24 16:17:30.000,false,,,2026-06-24 16:17:30.000,2026-06-24 16:17:30.000
1894,bd608368-2ef1-4888-bb7a-6444dbf741fb,CASE-000394,3177,INVESTIGATION,MEDIUM,INVESTIGATION - Company 2327,Case opened based on risk alerts,59979.10,1,1,OPEN,,analyst_4,manager_3,2026-05-25 16:17:32.000,2026-07-24,,false,,,2026-06-24 16:17:30.000,2026-06-24 16:17:30.000
1898,abf72598-6132-464a-a4f2-1d70fb64f621,CASE-000398,1428,INVESTIGATION,MEDIUM,INVESTIGATION - Company 2000,Case opened based on risk alerts,4454.66,1,1,OPEN,,analyst_2,manager_3,2026-05-25 16:17:32.000,2026-07-24,,false,,,2026-06-24 16:17:30.000,2026-06-24 16:17:30.000
1901,d81cb258-cf82-466a-86f2-be094d2c1de1,CASE-000401,3706,INVESTIGATION,LOW,INVESTIGATION - Company 4408,Case opened based on risk alerts,123470.39,3,3,CLOSED,SAR_FILED,analyst_5,manager_4,2026-05-25 16:17:32.000,2026-07-24,2026-06-24 16:17:30.000,false,2026-06-19,SAR-688393,2026-06-24 16:17:30.000,2026-06-24 16:17:30.000
1907,"74335a14-cbab-489c-abde-02988bd616a2",CASE-000407,2200,INVESTIGATION,MEDIUM,INVESTIGATION - Company 1990,Case opened based on risk alerts,4869.60,1,1,OPEN,,analyst_8,manager_1,2026-05-25 16:17:32.000,2026-07-24,,false,,,2026-06-24 16:17:30.000,2026-06-24 16:17:30.000
1910,c919331c-e47a-48b9-aed1-ce8d67567465,CASE-000410,1183,INVESTIGATION,MEDIUM,INVESTIGATION - Company 646,Case opened based on risk alerts,0.00,0,0,CLOSED,SAR_FILED,analyst_1,manager_5,2026-05-25 16:17:32.000,2026-07-24,2026-06-24 16:17:30.000,true,2026-06-19,SAR-689992,2026-06-24 16:17:30.000,2026-06-24 16:17:30.000
1911,c60b9fe0-9f8e-4108-ad1c-739977578e5c,CASE-000411,4105,INVESTIGATION,MEDIUM,INVESTIGATION - Company 1008,Case opened based on risk alerts,101497.40,2,2,CLOSED,SAR_FILED,analyst_1,manager_3,2026-05-25 16:17:32.000,2026-07-24,2026-06-24 16:17:30.000,false,2026-06-19,SAR-471769,2026-06-24 16:17:30.000,2026-06-24 16:17:30.000
1912,e7a99a3d-2cbf-4a18-8cf4-fccb74dae9ae,CASE-000412,1681,INVESTIGATION,HIGH,INVESTIGATION - Company 3807,Case opened based on risk alerts,24163.90,1,1,CLOSED,CLEARED,analyst_1,manager_3,2026-05-25 16:17:32.000,2026-07-24,2026-06-24 16:17:30.000,false,,,2026-06-24 16:17:30.000,2026-06-24 16:17:30.000
1913,"27445d27-6b14-4f71-8720-3797c9335331",CASE-000413,2535,INVESTIGATION,LOW,INVESTIGATION - Company 1459,Case opened based on risk alerts,0.00,0,0,OPEN,,analyst_7,manager_1,2026-05-25 16:17:32.000,2026-07-24,,false,,,2026-06-24 16:17:30.000,2026-06-24 16:17:30.000
1915,a954fbcb-a72b-45fb-a4b6-8ed39509435c,CASE-000415,1824,INVESTIGATION,MEDIUM,INVESTIGATION - Company 1241,Case opened based on risk alerts,0.00,0,0,CLOSED,MONITORING,analyst_3,manager_3,2026-05-25 16:17:32.000,2026-07-24,2026-06-24 16:17:30.000,false,,,2026-06-24 16:17:30.000,2026-06-24 16:17:30.000
1917,f2cc049f-9f44-40df-9d93-762434bcb83f,CASE-000417,1772,INVESTIGATION,LOW,INVESTIGATION - Company 302,Case opened based on risk alerts,39239.69,1,1,OPEN,,analyst_1,manager_5,2026-05-25 16:17:32.000,2026-07-24,,false,,,2026-06-24 16:17:30.000,2026-06-24 16:17:30.000
1918,"8f42db0d-59ee-47c4-ac01-eed95d3d0f18",CASE-000418,3352,INVESTIGATION,MEDIUM,INVESTIGATION - Company 4914,Case opened based on risk alerts,14500.29,1,1,CLOSED,CLEARED,analyst_5,manager_5,2026-05-25 16:17:32.000,2026-07-24,2026-06-24 16:17:30.000,false,,,2026-06-24 16:17:30.000,2026-06-24 16:17:30.000
1921,"8de6b89b-7c28-4a84-be2d-b10a537a09c7",CASE-000421,2093,INVESTIGATION,LOW,INVESTIGATION - Company 4736,Case opened based on risk alerts,0.00,0,0,OPEN,,analyst_2,manager_4,2026-05-25 16:17:32.000,2026-07-24,,false,,,2026-06-24 16:17:30.000,2026-06-24 16:17:30.000
1923,"95fee6aa-2b69-4653-b16f-0194af7c4d1f",CASE-000423,4070,INVESTIGATION,MEDIUM,INVESTIGATION - Company 1830,Case opened based on risk alerts,726.90,1,1,CLOSED,ACCOUNT_CLOSED,analyst_3,manager_4,2026-05-25 16:17:32.000,2026-07-24,2026-06-24 16:17:30.000,false,,,2026-06-24 16:17:30.000,2026-06-24 16:17:30.000
1924,a1a307c7-6ca7-4cd2-86fb-5eabd9362e88,CASE-000424,2054,INVESTIGATION,HIGH,INVESTIGATION - Company 3678,Case opened based on risk alerts,0.00,0,0,OPEN,,analyst_1,manager_3,2026-05-25 16:17:32.000,2026-07-24,,false,,,2026-06-24 16:17:30.000,2026-06-24 16:17:30.000
1925,e835ced0-0640-424f-a375-0899bd2b5c34,CASE-000425,2027,INVESTIGATION,LOW,INVESTIGATION - Company 997,Case opened based on risk alerts,72083.80,1,1,OPEN,,analyst_10,manager_2,2026-05-25 16:17:32.000,2026-07-24,,false,,,2026-06-24 16:17:30.000,2026-06-24 16:17:30.000
1926,afcb3f2c-4bdf-4575-9e58-0718df8c91e2,CASE-000426,2306,INVESTIGATION,MEDIUM,INVESTIGATION - Company 3193,Case opened based on risk alerts,127988.16,2,2,CLOSED,MONITORING,analyst_5,manager_5,2026-05-25 16:17:32.000,2026-07-24,2026-06-24 16:17:30.000,false,,,2026-06-24 16:17:30.000,2026-06-24 16:17:30.000
1927,e5f0d292-ffe1-46e8-8adb-123486e15464,CASE-000427,4298,INVESTIGATION,MEDIUM,INVESTIGATION - Company 490,Case opened based on risk alerts,18118.89,2,2,CLOSED,CLEARED,analyst_1,manager_3,2026-05-25 16:17:32.000,2026-07-24,2026-06-24 16:17:30.000,false,,,2026-06-24 16:17:30.000,2026-06-24 16:17:30.000
1928,c304f6ca-89ed-4f40-aec8-945ec1b558ff,CASE-000428,4027,INVESTIGATION,HIGH,INVESTIGATION - Company 3005,Case opened based on risk alerts,0.00,0,0,OPEN,,analyst_8,manager_3,2026-05-25 16:17:32.000,2026-07-24,,false,,,2026-06-24 16:17:30.000,2026-06-24 16:17:30.000
1933,"0a845a28-8c15-4fd6-a99c-6a7169da2fc9",CASE-000433,4095,INVESTIGATION,LOW,INVESTIGATION - Company 2246,Case opened based on risk alerts,66250.01,1,1,CLOSED,MONITORING,analyst_7,manager_3,2026-05-25 16:17:32.000,2026-07-24,2026-06-24 16:17:30.000,false,,,2026-06-24 16:17:30.000,2026-06-24 16:17:30.000
1934,ab936fca-891c-4fa9-90db-5bdbedc137b3,CASE-000434,4748,INVESTIGATION,MEDIUM,INVESTIGATION - Company 2912,Case opened based on risk alerts,73.06,1,1,OPEN,,analyst_6,manager_5,2026-05-25 16:17:32.000,2026-07-24,,false,,,2026-06-24 16:17:30.000,2026-06-24 16:17:30.000
1937,"06c4ed4b-6094-41c2-a97a-895e66bd7898",CASE-000437,4922,INVESTIGATION,LOW,INVESTIGATION - Company 1338,Case opened based on risk alerts,16101.99,1,1,CLOSED,SAR_FILED,analyst_5,manager_4,2026-05-25 16:17:32.000,2026-07-24,2026-06-24 16:17:30.000,false,2026-06-19,SAR-057977,2026-06-24 16:17:30.000,2026-06-24 16:17:30.000
1938,"9edc4228-0b04-4a9d-bd9e-9138e6c4e1f5",CASE-000438,788,INVESTIGATION,MEDIUM,INVESTIGATION - Company 3304,Case opened based on risk alerts,1080.00,1,1,CLOSED,CLEARED,analyst_6,manager_2,2026-05-25 16:17:32.000,2026-07-24,2026-06-24 16:17:30.000,false,,,2026-06-24 16:17:30.000,2026-06-24 16:17:30.000
1939,"723e1a5e-e8c5-4b12-935a-7be6169fe73c",CASE-000439,304,INVESTIGATION,MEDIUM,INVESTIGATION - Company 4108,Case opened based on risk alerts,87071.74,2,2,CLOSED,SAR_FILED,analyst_2,manager_3,2026-05-25 16:17:32.000,2026-07-24,2026-06-24 16:17:30.000,false,2026-06-19,SAR-251798,2026-06-24 16:17:30.000,2026-06-24 16:17:30.000
1940,"45d03abb-df08-4c34-98ce-7cbf0b44416c",CASE-000440,3855,INVESTIGATION,HIGH,INVESTIGATION - Company 3607,Case opened based on risk alerts,1699.21,1,1,CLOSED,SAR_FILED,analyst_7,manager_2,2026-05-25 16:17:32.000,2026-07-24,2026-06-24 16:17:30.000,true,2026-06-19,SAR-394194,2026-06-24 16:17:30.000,2026-06-24 16:17:30.000
1941,"7f2f7ff2-5267-4927-9279-4ab834c0dc17",CASE-000441,3329,INVESTIGATION,LOW,INVESTIGATION - Company 963,Case opened based on risk alerts,3415.77,2,2,CLOSED,MONITORING,analyst_10,manager_1,2026-05-25 16:17:32.000,2026-07-24,2026-06-24 16:17:30.000,false,,,2026-06-24 16:17:30.000,2026-06-24 16:17:30.000
1942,"63ad2866-f580-404b-8c96-d03152be608a",CASE-000442,3236,INVESTIGATION,MEDIUM,INVESTIGATION - Company 3379,Case opened based on risk alerts,0.00,0,0,CLOSED,CLEARED,analyst_1,manager_1,2026-05-25 16:17:32.000,2026-07-24,2026-06-24 16:17:30.000,false,,,2026-06-24 16:17:30.000,2026-06-24 16:17:30.000
1945,f9b85027-cb04-45b7-807f-927697009073,CASE-000445,3188,INVESTIGATION,LOW,INVESTIGATION - Company 277,Case opened based on risk alerts,0.00,0,0,OPEN,,analyst_7,manager_1,2026-05-25 16:17:32.000,2026-07-24,,false,,,2026-06-24 16:17:30.000,2026-06-24 16:17:30.000
1951,"4b34b2db-a965-4a3c-9486-a5f79adadc99",CASE-000451,3434,INVESTIGATION,MEDIUM,INVESTIGATION - Company 1819,Case opened based on risk alerts,71223.71,2,2,CLOSED,ACCOUNT_CLOSED,analyst_4,manager_1,2026-05-25 16:17:32.000,2026-07-24,2026-06-24 16:17:30.000,false,,,2026-06-24 16:17:30.000,2026-06-24 16:17:30.000
1954,b60b1946-0206-4c9a-a099-f9136e1e5104,CASE-000454,3773,INVESTIGATION,MEDIUM,INVESTIGATION - Company 1497,Case opened based on risk alerts,1567.40,1,1,CLOSED,SAR_FILED,analyst_3,manager_1,2026-05-25 16:17:32.000,2026-07-24,2026-06-24 16:17:30.000,false,2026-06-19,SAR-130660,2026-06-24 16:17:30.000,2026-06-24 16:17:30.000
1956,c1bfdcef-1796-4c35-a8f4-9fdac00fd75d,CASE-000456,35,INVESTIGATION,HIGH,INVESTIGATION - Company 4755,Case opened based on risk alerts,7372.40,1,1,CLOSED,CLEARED,analyst_4,manager_5,2026-05-25 16:17:32.000,2026-07-24,2026-06-24 16:17:30.000,false,,,2026-06-24 16:17:30.000,2026-06-24 16:17:30.000
1958,df81f892-1cc2-469e-aeee-da09a44fa81c,CASE-000458,2654,INVESTIGATION,MEDIUM,INVESTIGATION - Company 1359,Case opened based on risk alerts,26105.45,1,1,CLOSED,CLEARED,analyst_7,manager_3,2026-05-25 16:17:32.000,2026-07-24,2026-06-24 16:17:30.000,false,,,2026-06-24 16:17:30.000,2026-06-24 16:17:30.000
1961,c7813b9e-5225-4df2-bd5d-4e29d5690d45,CASE-000461,2233,INVESTIGATION,LOW,INVESTIGATION - Company 1768,Case opened based on risk alerts,1000240.05,1,1,CLOSED,CLEARED,analyst_4,manager_5,2026-05-25 16:17:32.000,2026-07-24,2026-06-24 16:17:30.000,false,,,2026-06-24 16:17:30.000,2026-06-24 16:17:30.000
1964,"211822a0-8151-4163-b79b-7de8d51e7e59",CASE-000464,4003,INVESTIGATION,HIGH,INVESTIGATION - Company 2710,Case opened based on risk alerts,27035.32,2,2,OPEN,,analyst_9,manager_5,2026-05-25 16:17:32.000,2026-07-24,,false,,,2026-06-24 16:17:30.000,2026-06-24 16:17:30.000
1965,"70755ba1-8ac8-43f9-9a52-af18a3898426",CASE-000465,3293,INVESTIGATION,LOW,INVESTIGATION - Company 1839,Case opened based on risk alerts,3679.07,2,2,OPEN,,analyst_9,manager_1,2026-05-25 16:17:32.000,2026-07-24,,false,,,2026-06-24 16:17:30.000,2026-06-24 16:17:30.000
1966,"2b48ca73-c332-4534-bb7b-0b3cae782d56",CASE-000466,3509,INVESTIGATION,MEDIUM,INVESTIGATION - Company 4313,Case opened based on risk alerts,102215.39,3,3,CLOSED,MONITORING,analyst_10,manager_3,2026-05-25 16:17:32.000,2026-07-24,2026-06-24 16:17:30.000,false,,,2026-06-24 16:17:30.000,2026-06-24 16:17:30.000
1967,f76804e3-1653-4a6f-adae-e481cc1f06ae,CASE-000467,4470,INVESTIGATION,MEDIUM,INVESTIGATION - Company 1294,Case opened based on risk alerts,0.00,0,0,CLOSED,MONITORING,analyst_9,manager_1,2026-05-25 16:17:32.000,2026-07-24,2026-06-24 16:17:30.000,false,,,2026-06-24 16:17:30.000,2026-06-24 16:17:30.000
1969,"89302a53-abe0-494a-b6d2-45ee25f18e6b",CASE-000469,2002,INVESTIGATION,LOW,INVESTIGATION - Company 2941,Case opened based on risk alerts,170.31,1,1,CLOSED,MONITORING,analyst_5,manager_4,2026-05-25 16:17:32.000,2026-07-24,2026-06-24 16:17:30.000,false,,,2026-06-24 16:17:30.000,2026-06-24 16:17:30.000
1971,"381533ee-9c51-4a7a-891d-d367b7a486c1",CASE-000471,1478,INVESTIGATION,MEDIUM,INVESTIGATION - Company 2319,Case opened based on risk alerts,4339.01,2,2,CLOSED,MONITORING,analyst_6,manager_2,2026-05-25 16:17:32.000,2026-07-24,2026-06-24 16:17:30.000,false,,,2026-06-24 16:17:30.000,2026-06-24 16:17:30.000
1974,"6a24ab5f-9829-4e31-99ee-24a437934b60",CASE-000474,3664,INVESTIGATION,MEDIUM,INVESTIGATION - Company 4636,Case opened based on risk alerts,12439.02,1,1,OPEN,,analyst_5,manager_4,2026-05-25 16:17:32.000,2026-07-24,,false,,,2026-06-24 16:17:30.000,2026-06-24 16:17:30.000
1978,"97bd61e2-92c9-4f96-828e-c6267072d293",CASE-000478,1393,INVESTIGATION,MEDIUM,INVESTIGATION - Company 4656,Case opened based on risk alerts,0.00,0,0,OPEN,,analyst_6,manager_2,2026-05-25 16:17:32.000,2026-07-24,,false,,,2026-06-24 16:17:30.000,2026-06-24 16:17:30.000
1981,dfcea262-0f71-4d0d-a135-23a4479b6af0,CASE-000481,2619,INVESTIGATION,LOW,INVESTIGATION - Company 261,Case opened based on risk alerts,7074.69,1,1,OPEN,,analyst_2,manager_2,2026-05-25 16:17:32.000,2026-07-24,,false,,,2026-06-24 16:17:30.000,2026-06-24 16:17:30.000
1983,"232ebfdf-3122-4c35-8886-c24f7b89a5e6",CASE-000483,772,INVESTIGATION,MEDIUM,INVESTIGATION - Company 3307,Case opened based on risk alerts,0.00,0,0,CLOSED,CLEARED,analyst_9,manager_1,2026-05-25 16:17:32.000,2026-07-24,2026-06-24 16:17:30.000,false,,,2026-06-24 16:17:30.000,2026-06-24 16:17:30.000
1984,dcaa9dbd-83cb-4d3b-9307-d4d4a8a52e98,CASE-000484,135,INVESTIGATION,HIGH,INVESTIGATION - Company 206,Case opened based on risk alerts,0.00,0,0,OPEN,,analyst_3,manager_5,2026-05-25 16:17:32.000,2026-07-24,,false,,,2026-06-24 16:17:30.000,2026-06-24 16:17:30.000
1986,"6f37768a-7ad8-4962-8fa0-16c4afa145cc",CASE-000486,2967,INVESTIGATION,MEDIUM,INVESTIGATION - Company 10,Case opened based on risk alerts,9749.42,1,1,CLOSED,ACCOUNT_CLOSED,analyst_1,manager_1,2026-05-25 16:17:32.000,2026-07-24,2026-06-24 16:17:30.000,false,,,2026-06-24 16:17:30.000,2026-06-24 16:17:30.000
1992,d46e883a-aee8-4118-8e11-cbd0ead92878,CASE-000492,295,INVESTIGATION,HIGH,INVESTIGATION - Company 3452,Case opened based on risk alerts,18588.94,1,1,CLOSED,MONITORING,analyst_2,manager_1,2026-05-25 16:17:32.000,2026-07-24,2026-06-24 16:17:30.000,false,,,2026-06-24 16:17:30.000,2026-06-24 16:17:30.000
1995,f0724e65-696f-4067-aeb1-f805c5c231d8,CASE-000495,1757,INVESTIGATION,MEDIUM,INVESTIGATION - Company 3102,Case opened based on risk alerts,19130.33,1,1,CLOSED,CLEARED,analyst_4,manager_5,2026-05-25 16:17:32.000,2026-07-24,2026-06-24 16:17:30.000,false,,,2026-06-24 16:17:30.000,2026-06-24 16:17:30.000
1997,"45d4351e-ffc0-48a4-996b-66a699d583db",CASE-000497,3288,INVESTIGATION,LOW,INVESTIGATION - Company 3673,Case opened based on risk alerts,7284.13,1,1,CLOSED,MONITORING,analyst_10,manager_2,2026-05-25 16:17:32.000,2026-07-24,2026-06-24 16:17:30.000,false,,,2026-06-24 16:17:30.000,2026-06-24 16:17:30.000
1998,"11037e01-22d4-4bd0-b23c-3bbf1e5524cd",CASE-000498,619,INVESTIGATION,MEDIUM,INVESTIGATION - Company 534,Case opened based on risk alerts,1270.00,1,1,OPEN,,analyst_5,manager_1,2026-05-25 16:17:32.000,2026-07-24,,false,,,2026-06-24 16:17:30.000,2026-06-24 16:17:30.000
1501,f18e8f9c-ab42-457f-8a94-d099084c3eb1,CASE-000001,4413,EDD_REVIEW,LOW,EDD_REVIEW - Company 1216,Case opened based on risk alerts,42257.28,2,2,CLOSED,MONITORING,analyst_9,manager_5,2026-05-25 16:17:32.000,2026-07-24,2026-06-24 16:17:30.000,false,,,2026-06-24 16:17:30.000,2026-06-24 16:17:30.000
1511,de833e93-03f3-486f-b357-b94524a6fe81,CASE-000011,960,EDD_REVIEW,MEDIUM,EDD_REVIEW - Company 872,Case opened based on risk alerts,0.00,0,0,OPEN,,analyst_4,manager_4,2026-05-25 16:17:32.000,2026-07-24,,false,,,2026-06-24 16:17:30.000,2026-06-24 16:17:30.000
1519,"1629969f-41d2-4127-950b-e5ca4f4d98e7",CASE-000019,4768,EDD_REVIEW,MEDIUM,EDD_REVIEW - Company 4772,Case opened based on risk alerts,0.00,0,0,OPEN,,analyst_10,manager_5,2026-05-25 16:17:32.000,2026-07-24,,false,,,2026-06-24 16:17:30.000,2026-06-24 16:17:30.000
1521,"8965737f-4424-497f-9263-63e78511b4ac",CASE-000021,3624,EDD_REVIEW,LOW,EDD_REVIEW - Company 3791,Case opened based on risk alerts,0.00,0,0,CLOSED,MONITORING,analyst_3,manager_3,2026-05-25 16:17:32.000,2026-07-24,2026-06-24 16:17:30.000,false,,,2026-06-24 16:17:30.000,2026-06-24 16:17:30.000
1528,"0372ec59-9932-40cd-9390-dc02b7f12e42",CASE-000028,911,EDD_REVIEW,HIGH,EDD_REVIEW - Company 1373,Case opened based on risk alerts,14556.56,1,1,CLOSED,ACCOUNT_CLOSED,analyst_3,manager_1,2026-05-25 16:17:32.000,2026-07-24,2026-06-24 16:17:30.000,false,,,2026-06-24 16:17:30.000,2026-06-24 16:17:30.000
1530,"18073744-2eea-4671-b1fe-924ca35e152c",CASE-000030,3968,EDD_REVIEW,MEDIUM,EDD_REVIEW - Company 4446,Case opened based on risk alerts,0.00,0,0,CLOSED,SAR_FILED,analyst_4,manager_2,2026-05-25 16:17:32.000,2026-07-24,2026-06-24 16:17:30.000,false,2026-06-19,SAR-989791,2026-06-24 16:17:30.000,2026-06-24 16:17:30.000
1532,da2dfddd-ea83-4013-81b5-3ec746adf336,CASE-000032,2477,EDD_REVIEW,HIGH,EDD_REVIEW - Company 4695,Case opened based on risk alerts,137816.63,3,3,CLOSED,SAR_FILED,analyst_1,manager_5,2026-05-25 16:17:32.000,2026-07-24,2026-06-24 16:17:30.000,false,2026-06-19,SAR-810573,2026-06-24 16:17:30.000,2026-06-24 16:17:30.000
1534,"4d882e1b-228f-4755-b7db-6355ca6aeecb",CASE-000034,4312,EDD_REVIEW,MEDIUM,EDD_REVIEW - Company 1011,Case opened based on risk alerts,0.00,0,0,CLOSED,ACCOUNT_CLOSED,analyst_2,manager_3,2026-05-25 16:17:32.000,2026-07-24,2026-06-24 16:17:30.000,false,,,2026-06-24 16:17:30.000,2026-06-24 16:17:30.000
1535,e5aeadcc-9b2e-4c1f-a4eb-0d2d0d7a322b,CASE-000035,3008,EDD_REVIEW,MEDIUM,EDD_REVIEW - Company 4197,Case opened based on risk alerts,4042.24,1,1,CLOSED,SAR_FILED,analyst_3,manager_4,2026-05-25 16:17:32.000,2026-07-24,2026-06-24 16:17:30.000,false,2026-06-19,SAR-021709,2026-06-24 16:17:30.000,2026-06-24 16:17:30.000
1544,e87a5aae-698f-41e5-b604-19891cf11733,CASE-000044,3109,EDD_REVIEW,HIGH,EDD_REVIEW - Company 820,Case opened based on risk alerts,0.00,0,0,CLOSED,SAR_FILED,analyst_4,manager_3,2026-05-25 16:17:32.000,2026-07-24,2026-06-24 16:17:30.000,false,2026-06-19,SAR-262812,2026-06-24 16:17:30.000,2026-06-24 16:17:30.000
1549,"2d007ce8-852c-4a47-86fe-4c56a23cc29f",CASE-000049,47,EDD_REVIEW,LOW,EDD_REVIEW - Company 126,Case opened based on risk alerts,0.00,0,0,CLOSED,ACCOUNT_CLOSED,analyst_9,manager_2,2026-05-25 16:17:32.000,2026-07-24,2026-06-24 16:17:30.000,false,,,2026-06-24 16:17:30.000,2026-06-24 16:17:30.000
1550,"3f2ce960-87d6-459f-8a80-c90fd614fcae",CASE-000050,657,EDD_REVIEW,MEDIUM,EDD_REVIEW - Company 1618,Case opened based on risk alerts,16480.90,1,1,CLOSED,SAR_FILED,analyst_8,manager_1,2026-05-25 16:17:32.000,2026-07-24,2026-06-24 16:17:30.000,false,2026-06-19,SAR-000769,2026-06-24 16:17:30.000,2026-06-24 16:17:30.000
1553,"87c7b061-370f-4941-9799-319faade7773",CASE-000053,3458,EDD_REVIEW,LOW,EDD_REVIEW - Company 3870,Case opened based on risk alerts,24829.85,1,1,CLOSED,MONITORING,analyst_8,manager_3,2026-05-25 16:17:32.000,2026-07-24,2026-06-24 16:17:30.000,false,,,2026-06-24 16:17:30.000,2026-06-24 16:17:30.000
1554,b8e8743e-ddb0-448c-9d48-ca8157210564,CASE-000054,3594,EDD_REVIEW,MEDIUM,EDD_REVIEW - Company 3872,Case opened based on risk alerts,0.00,0,0,CLOSED,MONITORING,analyst_8,manager_5,2026-05-25 16:17:32.000,2026-07-24,2026-06-24 16:17:30.000,false,,,2026-06-24 16:17:30.000,2026-06-24 16:17:30.000
1556,"32e37389-cde8-4176-898c-c93193cf280e",CASE-000056,3738,EDD_REVIEW,HIGH,EDD_REVIEW - Company 2183,Case opened based on risk alerts,0.00,0,0,CLOSED,SAR_FILED,analyst_10,manager_4,2026-05-25 16:17:32.000,2026-07-24,2026-06-24 16:17:30.000,false,2026-06-19,SAR-425143,2026-06-24 16:17:30.000,2026-06-24 16:17:30.000
1566,c65ab79c-e9ae-4ed3-9664-7916808eceae,CASE-000066,2999,EDD_REVIEW,MEDIUM,EDD_REVIEW - Company 315,Case opened based on risk alerts,2988.37,1,1,CLOSED,MONITORING,analyst_9,manager_3,2026-05-25 16:17:32.000,2026-07-24,2026-06-24 16:17:30.000,false,,,2026-06-24 16:17:30.000,2026-06-24 16:17:30.000
1567,"22942076-c6d5-4ec6-b86a-ee8b4078ae64",CASE-000067,3795,EDD_REVIEW,MEDIUM,EDD_REVIEW - Company 3916,Case opened based on risk alerts,34996.95,1,1,CLOSED,ACCOUNT_CLOSED,analyst_5,manager_1,2026-05-25 16:17:32.000,2026-07-24,2026-06-24 16:17:30.000,false,,,2026-06-24 16:17:30.000,2026-06-24 16:17:30.000
1568,"4dc4a826-98c7-4a22-80d4-1d33d9d595c0",CASE-000068,229,EDD_REVIEW,HIGH,EDD_REVIEW - Company 3669,Case opened based on risk alerts,139810.15,3,3,CLOSED,ACCOUNT_CLOSED,analyst_9,manager_2,2026-05-25 16:17:32.000,2026-07-24,2026-06-24 16:17:30.000,false,,,2026-06-24 16:17:30.000,2026-06-24 16:17:30.000
1572,"3a1ee876-6af2-4c04-9806-068e3c033e9f",CASE-000072,1940,EDD_REVIEW,HIGH,EDD_REVIEW - Company 2178,Case opened based on risk alerts,18375.79,1,1,CLOSED,SAR_FILED,analyst_7,manager_4,2026-05-25 16:17:32.000,2026-07-24,2026-06-24 16:17:30.000,false,2026-06-19,SAR-229877,2026-06-24 16:17:30.000,2026-06-24 16:17:30.000
1578,"29908ec1-95e7-480a-adff-b9c8cbe59b2b",CASE-000078,2525,EDD_REVIEW,MEDIUM,EDD_REVIEW - Company 1989,Case opened based on risk alerts,2078.88,1,1,OPEN,,analyst_3,manager_2,2026-05-25 16:17:32.000,2026-07-24,,false,,,2026-06-24 16:17:30.000,2026-06-24 16:17:30.000
1579,"361a1734-2fd9-4bcc-907e-f74b1c430053",CASE-000079,4692,EDD_REVIEW,MEDIUM,EDD_REVIEW - Company 3923,Case opened based on risk alerts,14598.87,2,2,CLOSED,ACCOUNT_CLOSED,analyst_4,manager_4,2026-05-25 16:17:32.000,2026-07-24,2026-06-24 16:17:30.000,false,,,2026-06-24 16:17:30.000,2026-06-24 16:17:30.000
1586,"5f3de5a5-27a3-46aa-82a4-2b5d2a5d983a",CASE-000086,222,EDD_REVIEW,MEDIUM,EDD_REVIEW - Company 2629,Case opened based on risk alerts,47121.55,1,1,OPEN,,analyst_2,manager_2,2026-05-25 16:17:32.000,2026-07-24,,false,,,2026-06-24 16:17:30.000,2026-06-24 16:17:30.000
1599,"374e0af0-b697-4879-b9c4-b34c499951a2",CASE-000099,1552,EDD_REVIEW,MEDIUM,EDD_REVIEW - Company 1269,Case opened based on risk alerts,5437.65,1,1,CLOSED,ACCOUNT_CLOSED,analyst_8,manager_5,2026-05-25 16:17:32.000,2026-07-24,2026-06-24 16:17:30.000,false,,,2026-06-24 16:17:30.000,2026-06-24 16:17:30.000
1602,cdc83905-1687-4997-9eff-900ed2ead87f,CASE-000102,746,EDD_REVIEW,MEDIUM,EDD_REVIEW - Company 1951,Case opened based on risk alerts,0.00,0,0,OPEN,,analyst_3,manager_4,2026-05-25 16:17:32.000,2026-07-24,,false,,,2026-06-24 16:17:30.000,2026-06-24 16:17:30.000
1605,"51d7499a-31ba-44a8-9b0d-26b0438d579e",CASE-000105,4052,EDD_REVIEW,LOW,EDD_REVIEW - Company 2104,Case opened based on risk alerts,1297.56,1,1,CLOSED,SAR_FILED,analyst_2,manager_4,2026-05-25 16:17:32.000,2026-07-24,2026-06-24 16:17:30.000,false,2026-06-19,SAR-157656,2026-06-24 16:17:30.000,2026-06-24 16:17:30.000
1606,f925217e-87cd-4a2d-9e52-df821e484292,CASE-000106,267,EDD_REVIEW,MEDIUM,EDD_REVIEW - Company 3866,Case opened based on risk alerts,79079.11,1,1,CLOSED,SAR_FILED,analyst_3,manager_3,2026-05-25 16:17:32.000,2026-07-24,2026-06-24 16:17:30.000,false,2026-06-19,SAR-598644,2026-06-24 16:17:30.000,2026-06-24 16:17:30.000
1608,df336db0-b571-4d70-a389-727f609dffe4,CASE-000108,1113,EDD_REVIEW,HIGH,EDD_REVIEW - Company 4719,Case opened based on risk alerts,0.00,0,0,CLOSED,MONITORING,analyst_9,manager_3,2026-05-25 16:17:32.000,2026-07-24,2026-06-24 16:17:30.000,false,,,2026-06-24 16:17:30.000,2026-06-24 16:17:30.000
1611,d11ea9f3-a0f7-457f-998a-e3284d6ac290,CASE-000111,2182,EDD_REVIEW,MEDIUM,EDD_REVIEW - Company 4165,Case opened based on risk alerts,8338.73,1,1,CLOSED,MONITORING,analyst_2,manager_5,2026-05-25 16:17:32.000,2026-07-24,2026-06-24 16:17:30.000,false,,,2026-06-24 16:17:30.000,2026-06-24 16:17:30.000
1627,afb17386-388d-4a55-9e3a-ee7e7a4bad4e,CASE-000127,1345,EDD_REVIEW,MEDIUM,EDD_REVIEW - Company 1223,Case opened based on risk alerts,889823.87,3,3,CLOSED,SAR_FILED,analyst_6,manager_4,2026-05-25 16:17:32.000,2026-07-24,2026-06-24 16:17:30.000,false,2026-06-19,SAR-902727,2026-06-24 16:17:30.000,2026-06-24 16:17:30.000
1629,"09b87c9d-357d-41b6-b5d6-f7207549949b",CASE-000129,2941,EDD_REVIEW,LOW,EDD_REVIEW - Company 201,Case opened based on risk alerts,0.00,0,0,CLOSED,ACCOUNT_CLOSED,analyst_5,manager_2,2026-05-25 16:17:32.000,2026-07-24,2026-06-24 16:17:30.000,false,,,2026-06-24 16:17:30.000,2026-06-24 16:17:30.000
1642,"924559e4-5fc5-4e79-8be8-55546c382ebe",CASE-000142,1938,EDD_REVIEW,MEDIUM,EDD_REVIEW - Company 1236,Case opened based on risk alerts,60106.71,1,1,CLOSED,MONITORING,analyst_1,manager_3,2026-05-25 16:17:32.000,2026-07-24,2026-06-24 16:17:30.000,false,,,2026-06-24 16:17:30.000,2026-06-24 16:17:30.000
1653,dba11813-11a2-4d55-8b3a-7c5d0d397db1,CASE-000153,22,EDD_REVIEW,LOW,EDD_REVIEW - Company 1801,Case opened based on risk alerts,152534.80,1,1,OPEN,,analyst_8,manager_3,2026-05-25 16:17:32.000,2026-07-24,,false,,,2026-06-24 16:17:30.000,2026-06-24 16:17:30.000
1656,"8252e4c0-07ca-424c-8c8f-bb903409e54a",CASE-000156,4782,EDD_REVIEW,HIGH,EDD_REVIEW - Company 4420,Case opened based on risk alerts,341.84,1,1,CLOSED,MONITORING,analyst_7,manager_2,2026-05-25 16:17:32.000,2026-07-24,2026-06-24 16:17:30.000,false,,,2026-06-24 16:17:30.000,2026-06-24 16:17:30.000
1657,b2db5d9b-2c62-4d81-997c-d4e90b6b118f,CASE-000157,1596,EDD_REVIEW,LOW,EDD_REVIEW - Company 4811,Case opened based on risk alerts,535780.18,3,3,OPEN,,analyst_9,manager_1,2026-05-25 16:17:32.000,2026-07-24,,false,,,2026-06-24 16:17:30.000,2026-06-24 16:17:30.000
1662,"28668fc6-be47-4de2-a5c6-f1aa00f5a44a",CASE-000162,1021,EDD_REVIEW,MEDIUM,EDD_REVIEW - Company 1368,Case opened based on risk alerts,0.00,0,0,CLOSED,SAR_FILED,analyst_10,manager_2,2026-05-25 16:17:32.000,2026-07-24,2026-06-24 16:17:30.000,false,2026-06-19,SAR-331944,2026-06-24 16:17:30.000,2026-06-24 16:17:30.000
1668,"5f7cf778-c44e-4e8e-89d1-0544fbc0fc7e",CASE-000168,4785,EDD_REVIEW,HIGH,EDD_REVIEW - Company 2589,Case opened based on risk alerts,12351.29,1,1,CLOSED,MONITORING,analyst_6,manager_3,2026-05-25 16:17:32.000,2026-07-24,2026-06-24 16:17:30.000,false,,,2026-06-24 16:17:30.000,2026-06-24 16:17:30.000
1671,"9ce7b072-857f-4d86-bb03-dfa72691aadf",CASE-000171,853,EDD_REVIEW,MEDIUM,EDD_REVIEW - Company 722,Case opened based on risk alerts,10143.85,1,1,OPEN,,analyst_6,manager_2,2026-05-25 16:17:32.000,2026-07-24,,false,,,2026-06-24 16:17:30.000,2026-06-24 16:17:30.000
1697,ae910b6f-ddc3-4a44-8165-3cc5fd75cc15,CASE-000197,4116,EDD_REVIEW,LOW,EDD_REVIEW - Company 2071,Case opened based on risk alerts,0.00,0,0,OPEN,,analyst_3,manager_3,2026-05-25 16:17:32.000,2026-07-24,,false,,,2026-06-24 16:17:30.000,2026-06-24 16:17:30.000
1701,f14be0cd-11f5-41d4-9f52-66d97f115d64,CASE-000201,197,EDD_REVIEW,LOW,EDD_REVIEW - Company 4712,Case opened based on risk alerts,8072.54,2,2,CLOSED,MONITORING,analyst_10,manager_3,2026-05-25 16:17:32.000,2026-07-24,2026-06-24 16:17:30.000,false,,,2026-06-24 16:17:30.000,2026-06-24 16:17:30.000
1704,d55c325a-74c5-456f-8a7b-ba56372b4395,CASE-000204,1082,EDD_REVIEW,HIGH,EDD_REVIEW - Company 469,Case opened based on risk alerts,1117.14,1,1,CLOSED,ACCOUNT_CLOSED,analyst_2,manager_5,2026-05-25 16:17:32.000,2026-07-24,2026-06-24 16:17:30.000,false,,,2026-06-24 16:17:30.000,2026-06-24 16:17:30.000
1707,c604c304-6f39-4793-ac2c-503bbd6ce990,CASE-000207,2483,EDD_REVIEW,MEDIUM,EDD_REVIEW - Company 378,Case opened based on risk alerts,13691.90,1,1,CLOSED,ACCOUNT_CLOSED,analyst_10,manager_3,2026-05-25 16:17:32.000,2026-07-24,2026-06-24 16:17:30.000,false,,,2026-06-24 16:17:30.000,2026-06-24 16:17:30.000
1708,db561e44-5775-41be-b493-ebf51b25b693,CASE-000208,3177,EDD_REVIEW,HIGH,EDD_REVIEW - Company 411,Case opened based on risk alerts,59979.10,1,1,CLOSED,CLEARED,analyst_9,manager_4,2026-05-25 16:17:32.000,2026-07-24,2026-06-24 16:17:30.000,false,,,2026-06-24 16:17:30.000,2026-06-24 16:17:30.000
1718,"340cd293-6cbb-4a6c-a29c-e3f364d22b1f",CASE-000218,2626,EDD_REVIEW,MEDIUM,EDD_REVIEW - Company 50,Case opened based on risk alerts,121746.52,2,2,CLOSED,ACCOUNT_CLOSED,analyst_1,manager_5,2026-05-25 16:17:32.000,2026-07-24,2026-06-24 16:17:30.000,false,,,2026-06-24 16:17:30.000,2026-06-24 16:17:30.000
1723,c4173648-02df-4c9b-8e3e-636b00380f89,CASE-000223,538,EDD_REVIEW,MEDIUM,EDD_REVIEW - Company 703,Case opened based on risk alerts,0.00,0,0,CLOSED,SAR_FILED,analyst_5,manager_3,2026-05-25 16:17:32.000,2026-07-24,2026-06-24 16:17:30.000,false,2026-06-19,SAR-136494,2026-06-24 16:17:30.000,2026-06-24 16:17:30.000
1737,"7ea262c8-bf0a-4f82-a84b-140ee09d12b6",CASE-000237,413,EDD_REVIEW,LOW,EDD_REVIEW - Company 3623,Case opened based on risk alerts,31112.08,1,1,CLOSED,ACCOUNT_CLOSED,analyst_2,manager_2,2026-05-25 16:17:32.000,2026-07-24,2026-06-24 16:17:30.000,false,,,2026-06-24 16:17:30.000,2026-06-24 16:17:30.000
1738,"2c5d7914-5ce8-4f30-9d92-21dc726a797d",CASE-000238,1459,EDD_REVIEW,MEDIUM,EDD_REVIEW - Company 3930,Case opened based on risk alerts,10190.91,1,1,OPEN,,analyst_3,manager_1,2026-05-25 16:17:32.000,2026-07-24,,false,,,2026-06-24 16:17:30.000,2026-06-24 16:17:30.000
1743,"7aa72baa-126a-4839-8752-c2c2d3c04758",CASE-000243,1313,EDD_REVIEW,MEDIUM,EDD_REVIEW - Company 1654,Case opened based on risk alerts,41980.36,1,1,CLOSED,ACCOUNT_CLOSED,analyst_10,manager_1,2026-05-25 16:17:32.000,2026-07-24,2026-06-24 16:17:30.000,false,,,2026-06-24 16:17:30.000,2026-06-24 16:17:30.000
1744,"7ea65e0f-0178-4d7b-ab48-fd72f0a2f61c",CASE-000244,4845,EDD_REVIEW,HIGH,EDD_REVIEW - Company 2888,Case opened based on risk alerts,0.00,0,0,CLOSED,ACCOUNT_CLOSED,analyst_4,manager_5,2026-05-25 16:17:32.000,2026-07-24,2026-06-24 16:17:30.000,false,,,2026-06-24 16:17:30.000,2026-06-24 16:17:30.000
1746,"4ea0069b-636b-4f6a-9ba4-4495988557cb",CASE-000246,900,EDD_REVIEW,MEDIUM,EDD_REVIEW - Company 2261,Case opened based on risk alerts,1109.47,1,1,CLOSED,MONITORING,analyst_9,manager_1,2026-05-25 16:17:32.000,2026-07-24,2026-06-24 16:17:30.000,false,,,2026-06-24 16:17:30.000,2026-06-24 16:17:30.000
1757,"1cd16197-4a44-4ee6-9fbc-44050e73a2a5",CASE-000257,3489,EDD_REVIEW,LOW,EDD_REVIEW - Company 3616,Case opened based on risk alerts,1270.00,1,1,CLOSED,MONITORING,analyst_7,manager_1,2026-05-25 16:17:32.000,2026-07-24,2026-06-24 16:17:30.000,false,,,2026-06-24 16:17:30.000,2026-06-24 16:17:30.000
1767,"758cf707-2a58-4021-98fb-7113cf0af7d7",CASE-000267,1942,EDD_REVIEW,MEDIUM,EDD_REVIEW - Company 2429,Case opened based on risk alerts,2357.04,1,1,CLOSED,ACCOUNT_CLOSED,analyst_10,manager_3,2026-05-25 16:17:32.000,2026-07-24,2026-06-24 16:17:30.000,false,,,2026-06-24 16:17:30.000,2026-06-24 16:17:30.000
1769,"5d9ad923-ec08-44e6-9e54-818b45fdc92d",CASE-000269,623,EDD_REVIEW,LOW,EDD_REVIEW - Company 4699,Case opened based on risk alerts,0.00,0,0,CLOSED,ACCOUNT_CLOSED,analyst_7,manager_5,2026-05-25 16:17:32.000,2026-07-24,2026-06-24 16:17:30.000,false,,,2026-06-24 16:17:30.000,2026-06-24 16:17:30.000
1772,"438e92f6-a5d3-4e06-ba06-6d5cef9f1650",CASE-000272,76,EDD_REVIEW,HIGH,EDD_REVIEW - Company 249,Case opened based on risk alerts,118655.77,1,1,CLOSED,SAR_FILED,analyst_1,manager_3,2026-05-25 16:17:32.000,2026-07-24,2026-06-24 16:17:30.000,false,2026-06-19,SAR-174770,2026-06-24 16:17:30.000,2026-06-24 16:17:30.000
1774,"5ae6a318-820a-4a3c-8b31-7508e354bc73",CASE-000274,4325,EDD_REVIEW,MEDIUM,EDD_REVIEW - Company 3345,Case opened based on risk alerts,0.00,0,0,CLOSED,MONITORING,analyst_9,manager_2,2026-05-25 16:17:32.000,2026-07-24,2026-06-24 16:17:30.000,false,,,2026-06-24 16:17:30.000,2026-06-24 16:17:30.000
1798,"04156ee0-a2b2-44c5-ab0a-04adffc5f347",CASE-000298,3181,EDD_REVIEW,MEDIUM,EDD_REVIEW - Company 555,Case opened based on risk alerts,4582.14,1,1,OPEN,,analyst_4,manager_4,2026-05-25 16:17:32.000,2026-07-24,,false,,,2026-06-24 16:17:30.000,2026-06-24 16:17:30.000
1802,"16d99a92-a656-46ba-bc55-7531fc1ed10a",CASE-000302,3741,EDD_REVIEW,MEDIUM,EDD_REVIEW - Company 2184,Case opened based on risk alerts,2165.79,1,1,OPEN,,analyst_9,manager_2,2026-05-25 16:17:32.000,2026-07-24,,false,,,2026-06-24 16:17:30.000,2026-06-24 16:17:30.000
1803,"0e42ca13-6d2b-444f-9b03-f26a98aa7f12",CASE-000303,2985,EDD_REVIEW,MEDIUM,EDD_REVIEW - Company 2717,Case opened based on risk alerts,0.00,0,0,CLOSED,MONITORING,analyst_7,manager_4,2026-05-25 16:17:32.000,2026-07-24,2026-06-24 16:17:30.000,false,,,2026-06-24 16:17:30.000,2026-06-24 16:17:30.000
1811,f64fedf4-888e-4f85-bb63-ab988f427ef1,CASE-000311,4140,EDD_REVIEW,MEDIUM,EDD_REVIEW - Company 1587,Case opened based on risk alerts,145934.64,2,2,OPEN,,analyst_1,manager_3,2026-05-25 16:17:32.000,2026-07-24,,false,,,2026-06-24 16:17:30.000,2026-06-24 16:17:30.000
1815,edc82c57-b35d-41be-80ec-9c6b65f92ea7,CASE-000315,2095,EDD_REVIEW,MEDIUM,EDD_REVIEW - Company 1264,Case opened based on risk alerts,2655.29,1,1,CLOSED,CLEARED,analyst_7,manager_4,2026-05-25 16:17:32.000,2026-07-24,2026-06-24 16:17:30.000,false,,,2026-06-24 16:17:30.000,2026-06-24 16:17:30.000
1816,c36eafce-1b1b-47eb-8613-7d6ab3685512,CASE-000316,1553,EDD_REVIEW,HIGH,EDD_REVIEW - Company 4471,Case opened based on risk alerts,0.00,0,0,CLOSED,MONITORING,analyst_4,manager_2,2026-05-25 16:17:32.000,2026-07-24,2026-06-24 16:17:30.000,false,,,2026-06-24 16:17:30.000,2026-06-24 16:17:30.000
1819,d21a404e-259e-4b81-b8b6-bbe72ee23eed,CASE-000319,2070,EDD_REVIEW,MEDIUM,EDD_REVIEW - Company 3635,Case opened based on risk alerts,14845.22,1,1,CLOSED,CLEARED,analyst_8,manager_3,2026-05-25 16:17:32.000,2026-07-24,2026-06-24 16:17:30.000,false,,,2026-06-24 16:17:30.000,2026-06-24 16:17:30.000
1828,"6a984249-fc55-4e44-9aeb-bb6ed5149c2c",CASE-000328,1691,EDD_REVIEW,HIGH,EDD_REVIEW - Company 4397,Case opened based on risk alerts,0.00,0,0,CLOSED,ACCOUNT_CLOSED,analyst_8,manager_3,2026-05-25 16:17:32.000,2026-07-24,2026-06-24 16:17:30.000,false,,,2026-06-24 16:17:30.000,2026-06-24 16:17:30.000
1830,b346c05a-b570-457a-98bb-556f17ff58ae,CASE-000330,1060,EDD_REVIEW,MEDIUM,EDD_REVIEW - Company 1981,Case opened based on risk alerts,147066.31,3,3,OPEN,,analyst_4,manager_4,2026-05-25 16:17:32.000,2026-07-24,,false,,,2026-06-24 16:17:30.000,2026-06-24 16:17:30.000
1831,b32d6aca-1427-4c51-9139-a74ecc5bb051,CASE-000331,4574,EDD_REVIEW,MEDIUM,EDD_REVIEW - Company 4937,Case opened based on risk alerts,2048.52,1,1,CLOSED,ACCOUNT_CLOSED,analyst_7,manager_1,2026-05-25 16:17:32.000,2026-07-24,2026-06-24 16:17:30.000,false,,,2026-06-24 16:17:30.000,2026-06-24 16:17:30.000
1842,"09dc2013-474f-496e-b781-422f64fa928e",CASE-000342,3723,EDD_REVIEW,MEDIUM,EDD_REVIEW - Company 4383,Case opened based on risk alerts,0.00,0,0,OPEN,,analyst_8,manager_4,2026-05-25 16:17:32.000,2026-07-24,,false,,,2026-06-24 16:17:30.000,2026-06-24 16:17:30.000
1843,a248b37c-c383-4149-a9f7-7e8e2bedd2aa,CASE-000343,4039,EDD_REVIEW,MEDIUM,EDD_REVIEW - Company 4812,Case opened based on risk alerts,232228.83,2,2,CLOSED,CLEARED,analyst_5,manager_4,2026-05-25 16:17:32.000,2026-07-24,2026-06-24 16:17:30.000,false,,,2026-06-24 16:17:30.000,2026-06-24 16:17:30.000
1844,"8ab16c6d-8cae-460f-8a5c-27c611a624ab",CASE-000344,4060,EDD_REVIEW,HIGH,EDD_REVIEW - Company 3609,Case opened based on risk alerts,65548.89,1,1,CLOSED,ACCOUNT_CLOSED,analyst_1,manager_3,2026-05-25 16:17:32.000,2026-07-24,2026-06-24 16:17:30.000,false,,,2026-06-24 16:17:30.000,2026-06-24 16:17:30.000
1847,d913fa7e-7ee4-45d4-bc8d-c25a617a7efb,CASE-000347,1383,EDD_REVIEW,MEDIUM,EDD_REVIEW - Company 3935,Case opened based on risk alerts,17631.66,1,1,OPEN,,analyst_3,manager_1,2026-05-25 16:17:32.000,2026-07-24,,false,,,2026-06-24 16:17:30.000,2026-06-24 16:17:30.000
1850,d1676a56-da21-4e3f-beea-e2b1c25d81b5,CASE-000350,645,EDD_REVIEW,MEDIUM,EDD_REVIEW - Company 2969,Case opened based on risk alerts,0.00,0,0,CLOSED,MONITORING,analyst_7,manager_4,2026-05-25 16:17:32.000,2026-07-24,2026-06-24 16:17:30.000,false,,,2026-06-24 16:17:30.000,2026-06-24 16:17:30.000
1855,"72aab2a4-b612-42e9-9674-b58b977e5d00",CASE-000355,4972,EDD_REVIEW,MEDIUM,EDD_REVIEW - Company 939,Case opened based on risk alerts,0.00,0,0,CLOSED,MONITORING,analyst_3,manager_2,2026-05-25 16:17:32.000,2026-07-24,2026-06-24 16:17:30.000,false,,,2026-06-24 16:17:30.000,2026-06-24 16:17:30.000
1856,c1522a81-00dc-4ed2-8f86-cf4407710c9b,CASE-000356,1484,EDD_REVIEW,HIGH,EDD_REVIEW - Company 2791,Case opened based on risk alerts,0.00,0,0,OPEN,,analyst_8,manager_3,2026-05-25 16:17:32.000,2026-07-24,,false,,,2026-06-24 16:17:30.000,2026-06-24 16:17:30.000
1864,e446b0e6-785b-4210-ab9d-b4e363461bda,CASE-000364,4501,EDD_REVIEW,HIGH,EDD_REVIEW - Company 2979,Case opened based on risk alerts,0.00,0,0,CLOSED,CLEARED,analyst_1,manager_2,2026-05-25 16:17:32.000,2026-07-24,2026-06-24 16:17:30.000,false,,,2026-06-24 16:17:30.000,2026-06-24 16:17:30.000
1871,"9a5590c6-bcbf-4a18-a1a9-1d8c3db803ae",CASE-000371,1273,EDD_REVIEW,MEDIUM,EDD_REVIEW - Company 4038,Case opened based on risk alerts,50110.53,1,1,CLOSED,ACCOUNT_CLOSED,analyst_10,manager_5,2026-05-25 16:17:32.000,2026-07-24,2026-06-24 16:17:30.000,false,,,2026-06-24 16:17:30.000,2026-06-24 16:17:30.000
1877,d8b4109e-e65e-438c-80d2-da5b84f5ada2,CASE-000377,744,EDD_REVIEW,LOW,EDD_REVIEW - Company 8,Case opened based on risk alerts,10965.96,1,1,CLOSED,CLEARED,analyst_5,manager_1,2026-05-25 16:17:32.000,2026-07-24,2026-06-24 16:17:30.000,false,,,2026-06-24 16:17:30.000,2026-06-24 16:17:30.000
1882,a9641e46-3f07-40b8-9bfd-e55a81bbcc8e,CASE-000382,4667,EDD_REVIEW,MEDIUM,EDD_REVIEW - Company 712,Case opened based on risk alerts,12478.99,1,1,CLOSED,SAR_FILED,analyst_2,manager_5,2026-05-25 16:17:32.000,2026-07-24,2026-06-24 16:17:30.000,false,2026-06-19,SAR-009706,2026-06-24 16:17:30.000,2026-06-24 16:17:30.000
1885,"124f7d3e-0e48-4782-8613-6d3c2113b52c",CASE-000385,4261,EDD_REVIEW,LOW,EDD_REVIEW - Company 3472,Case opened based on risk alerts,17637.16,1,1,CLOSED,SAR_FILED,analyst_2,manager_4,2026-05-25 16:17:32.000,2026-07-24,2026-06-24 16:17:30.000,false,2026-06-19,SAR-444158,2026-06-24 16:17:30.000,2026-06-24 16:17:30.000
1891,f5e173ef-6bfa-44da-8dc1-90e2a69e57b4,CASE-000391,4169,EDD_REVIEW,MEDIUM,EDD_REVIEW - Company 1645,Case opened based on risk alerts,785190.66,3,3,CLOSED,MONITORING,analyst_9,manager_5,2026-05-25 16:17:32.000,2026-07-24,2026-06-24 16:17:30.000,false,,,2026-06-24 16:17:30.000,2026-06-24 16:17:30.000
1892,"3a95190d-77e1-4c21-8b3e-25360c4701e2",CASE-000392,206,EDD_REVIEW,HIGH,EDD_REVIEW - Company 1575,Case opened based on risk alerts,2868.28,1,1,CLOSED,MONITORING,analyst_2,manager_5,2026-05-25 16:17:32.000,2026-07-24,2026-06-24 16:17:30.000,false,,,2026-06-24 16:17:30.000,2026-06-24 16:17:30.000
1899,"31e93c7c-eb92-4a0a-8164-b21073a7e47f",CASE-000399,2209,EDD_REVIEW,MEDIUM,EDD_REVIEW - Company 1295,Case opened based on risk alerts,0.00,0,0,CLOSED,CLEARED,analyst_9,manager_1,2026-05-25 16:17:32.000,2026-07-24,2026-06-24 16:17:30.000,false,,,2026-06-24 16:17:30.000,2026-06-24 16:17:30.000
1904,"8bd57062-df31-47ef-909b-eb0fc16888da",CASE-000404,1656,EDD_REVIEW,HIGH,EDD_REVIEW - Company 2601,Case opened based on risk alerts,0.00,0,0,OPEN,,analyst_7,manager_5,2026-05-25 16:17:32.000,2026-07-24,,false,,,2026-06-24 16:17:30.000,2026-06-24 16:17:30.000
1905,"65f15cf6-c12d-4446-a6c3-e134e2345158",CASE-000405,681,EDD_REVIEW,LOW,EDD_REVIEW - Company 3560,Case opened based on risk alerts,197608.37,1,1,CLOSED,SAR_FILED,analyst_4,manager_3,2026-05-25 16:17:32.000,2026-07-24,2026-06-24 16:17:30.000,false,2026-06-19,SAR-422905,2026-06-24 16:17:30.000,2026-06-24 16:17:30.000
1908,"82c47046-efca-47fa-95cd-2037a3440505",CASE-000408,2064,EDD_REVIEW,HIGH,EDD_REVIEW - Company 2680,Case opened based on risk alerts,127189.88,1,1,OPEN,,analyst_4,manager_3,2026-05-25 16:17:32.000,2026-07-24,,false,,,2026-06-24 16:17:30.000,2026-06-24 16:17:30.000
1914,"339c3dc6-a9ce-44ec-bb66-d27de415b0db",CASE-000414,424,EDD_REVIEW,MEDIUM,EDD_REVIEW - Company 1755,Case opened based on risk alerts,3272.87,1,1,OPEN,,analyst_2,manager_5,2026-05-25 16:17:32.000,2026-07-24,,false,,,2026-06-24 16:17:30.000,2026-06-24 16:17:30.000
1930,d974ab63-901b-4aaa-8bad-ac92bf0641ed,CASE-000430,146,EDD_REVIEW,MEDIUM,EDD_REVIEW - Company 4650,Case opened based on risk alerts,4780.94,1,1,CLOSED,CLEARED,analyst_10,manager_2,2026-05-25 16:17:32.000,2026-07-24,2026-06-24 16:17:30.000,false,,,2026-06-24 16:17:30.000,2026-06-24 16:17:30.000
1932,ab8ea503-1bcf-4f88-b974-30041541fa15,CASE-000432,44,EDD_REVIEW,HIGH,EDD_REVIEW - Company 1684,Case opened based on risk alerts,0.00,0,0,CLOSED,MONITORING,analyst_7,manager_3,2026-05-25 16:17:32.000,2026-07-24,2026-06-24 16:17:30.000,false,,,2026-06-24 16:17:30.000,2026-06-24 16:17:30.000
1936,e6b8e655-c88a-45e9-9dd0-4fdf71f7fbe3,CASE-000436,1550,EDD_REVIEW,HIGH,EDD_REVIEW - Company 4679,Case opened based on risk alerts,54180.16,1,1,CLOSED,CLEARED,analyst_4,manager_5,2026-05-25 16:17:32.000,2026-07-24,2026-06-24 16:17:30.000,false,,,2026-06-24 16:17:30.000,2026-06-24 16:17:30.000
1946,"5aad14bb-382e-4bb3-ae76-2e33210c2720",CASE-000446,3595,EDD_REVIEW,MEDIUM,EDD_REVIEW - Company 4837,Case opened based on risk alerts,17820.50,2,2,CLOSED,ACCOUNT_CLOSED,analyst_7,manager_4,2026-05-25 16:17:32.000,2026-07-24,2026-06-24 16:17:30.000,false,,,2026-06-24 16:17:30.000,2026-06-24 16:17:30.000
1952,fd99ef06-4f9e-4a59-89f6-72adce578486,CASE-000452,2772,EDD_REVIEW,HIGH,EDD_REVIEW - Company 911,Case opened based on risk alerts,143068.22,1,1,CLOSED,ACCOUNT_CLOSED,analyst_7,manager_4,2026-05-25 16:17:32.000,2026-07-24,2026-06-24 16:17:30.000,false,,,2026-06-24 16:17:30.000,2026-06-24 16:17:30.000
1953,"8f67be14-dd44-4da7-9f13-23fd427aaa8a",CASE-000453,1489,EDD_REVIEW,LOW,EDD_REVIEW - Company 1126,Case opened based on risk alerts,106303.26,3,3,CLOSED,SAR_FILED,analyst_8,manager_4,2026-05-25 16:17:32.000,2026-07-24,2026-06-24 16:17:30.000,false,2026-06-19,SAR-323270,2026-06-24 16:17:30.000,2026-06-24 16:17:30.000
1962,c1ce5bbd-0693-4299-ab5a-5f939c235df7,CASE-000462,987,EDD_REVIEW,MEDIUM,EDD_REVIEW - Company 4857,Case opened based on risk alerts,19658.00,1,1,CLOSED,MONITORING,analyst_2,manager_3,2026-05-25 16:17:32.000,2026-07-24,2026-06-24 16:17:30.000,false,,,2026-06-24 16:17:30.000,2026-06-24 16:17:30.000
1963,d5bf7e6b-08b6-4779-b01d-fdf7a0a3ee39,CASE-000463,2732,EDD_REVIEW,MEDIUM,EDD_REVIEW - Company 4410,Case opened based on risk alerts,0.00,0,0,OPEN,,analyst_9,manager_1,2026-05-25 16:17:32.000,2026-07-24,,false,,,2026-06-24 16:17:30.000,2026-06-24 16:17:30.000
1968,f48ad11d-2ca6-471a-9d4f-e46a3ef743a0,CASE-000468,3964,EDD_REVIEW,HIGH,EDD_REVIEW - Company 890,Case opened based on risk alerts,5730.48,1,1,OPEN,,analyst_7,manager_2,2026-05-25 16:17:32.000,2026-07-24,,false,,,2026-06-24 16:17:30.000,2026-06-24 16:17:30.000
1973,"25424a5b-8350-4b3b-abfe-4a98f3f3e664",CASE-000473,1654,EDD_REVIEW,LOW,EDD_REVIEW - Company 4641,Case opened based on risk alerts,1080.00,1,1,CLOSED,ACCOUNT_CLOSED,analyst_5,manager_5,2026-05-25 16:17:32.000,2026-07-24,2026-06-24 16:17:30.000,false,,,2026-06-24 16:17:30.000,2026-06-24 16:17:30.000
1982,"6727fa89-0eb1-452d-b660-b4f207012115",CASE-000482,3846,EDD_REVIEW,MEDIUM,EDD_REVIEW - Company 2807,Case opened based on risk alerts,7591.46,1,1,OPEN,,analyst_8,manager_3,2026-05-25 16:17:32.000,2026-07-24,,false,,,2026-06-24 16:17:30.000,2026-06-24 16:17:30.000
1989,"803a5f3a-de40-4139-9e68-569aaec27ac1",CASE-000489,3669,EDD_REVIEW,LOW,EDD_REVIEW - Company 4568,Case opened based on risk alerts,27904.33,1,1,CLOSED,ACCOUNT_CLOSED,analyst_8,manager_3,2026-05-25 16:17:32.000,2026-07-24,2026-06-24 16:17:30.000,false,,,2026-06-24 16:17:30.000,2026-06-24 16:17:30.000
1993,ee39bd4c-3586-41fe-bcc3-c334256eaabb,CASE-000493,1830,EDD_REVIEW,LOW,EDD_REVIEW - Company 1481,Case opened based on risk alerts,10437.49,1,1,CLOSED,CLEARED,analyst_4,manager_3,2026-05-25 16:17:32.000,2026-07-24,2026-06-24 16:17:30.000,false,,,2026-06-24 16:17:30.000,2026-06-24 16:17:30.000
1994,"5700a144-624a-4160-bb2b-5f767fae29af",CASE-000494,3159,EDD_REVIEW,MEDIUM,EDD_REVIEW - Company 3995,Case opened based on risk alerts,76550.01,1,1,CLOSED,CLEARED,analyst_6,manager_3,2026-05-25 16:17:32.000,2026-07-24,2026-06-24 16:17:30.000,false,,,2026-06-24 16:17:30.000,2026-06-24 16:17:30.000
1999,e9096ca9-a3e7-472e-bd59-28dde6b1a8d1,CASE-000499,1460,EDD_REVIEW,MEDIUM,EDD_REVIEW - Company 4238,Case opened based on risk alerts,0.00,0,0,CLOSED,MONITORING,analyst_5,manager_1,2026-05-25 16:17:32.000,2026-07-24,2026-06-24 16:17:30.000,false,,,2026-06-24 16:17:30.000,2026-06-24 16:17:30.000
1502,"55068324-c584-49ab-86a4-51655d56dbfa",CASE-000002,4754,SAR,MEDIUM,SAR - Company 435,Case opened based on risk alerts,90746.45,3,3,OPEN,,analyst_3,manager_5,2026-05-25 16:17:32.000,2026-07-24,,true,2026-06-27,SAR-2026-01502,2026-06-24 16:17:30.000,2026-06-24 16:17:30.000
1503,ec02dc79-3cdc-469e-a0a0-3ab525d64508,CASE-000003,4457,SAR,MEDIUM,SAR - Company 2307,Case opened based on risk alerts,38446.82,1,1,OPEN,,analyst_1,manager_2,2026-05-25 16:17:32.000,2026-07-24,,true,2026-06-27,SAR-2026-01503,2026-06-24 16:17:30.000,2026-06-24 16:17:30.000
1506,c5f891dc-3b29-48f8-8427-ac3ed82fdfe8,CASE-000006,4649,SAR,MEDIUM,SAR - Company 2484,Case opened based on risk alerts,186.20,2,2,CLOSED,MONITORING,analyst_4,manager_1,2026-05-25 16:17:32.000,2026-07-24,2026-06-24 16:17:30.000,true,2026-06-24,SAR-2026-01506,2026-06-24 16:17:30.000,2026-06-24 16:17:30.000
1513,becbacfd-2038-4e07-92d0-44961767fc80,CASE-000013,808,SAR,LOW,SAR - Company 1277,Case opened based on risk alerts,97.96,1,1,CLOSED,MONITORING,analyst_8,manager_2,2026-05-25 16:17:32.000,2026-07-24,2026-06-24 16:17:30.000,true,2026-06-24,SAR-2026-01513,2026-06-24 16:17:30.000,2026-06-24 16:17:30.000
1525,"812129ca-7345-4919-b95b-e89f606821f9",CASE-000025,3389,SAR,LOW,SAR - Company 3498,Case opened based on risk alerts,26674.10,1,1,CLOSED,CLEARED,analyst_7,manager_5,2026-05-25 16:17:32.000,2026-07-24,2026-06-24 16:17:30.000,true,2026-06-24,SAR-2026-01525,2026-06-24 16:17:30.000,2026-06-24 16:17:30.000
1531,df8489fe-f1e9-4568-9893-d04d6df5b64f,CASE-000031,1407,SAR,MEDIUM,SAR - Company 3556,Case opened based on risk alerts,0.00,0,0,CLOSED,CLEARED,analyst_6,manager_3,2026-05-25 16:17:32.000,2026-07-24,2026-06-24 16:17:30.000,true,2026-06-24,SAR-2026-01531,2026-06-24 16:17:30.000,2026-06-24 16:17:30.000
1533,"4e07e5f3-8a81-4b0f-9322-2d3bafbb2e8c",CASE-000033,649,SAR,LOW,SAR - Company 4,Case opened based on risk alerts,21334.02,3,3,CLOSED,MONITORING,analyst_7,manager_4,2026-05-25 16:17:32.000,2026-07-24,2026-06-24 16:17:30.000,true,2026-06-24,SAR-2026-01533,2026-06-24 16:17:30.000,2026-06-24 16:17:30.000
1543,c786183a-58d8-49c4-a8e4-e89415870ff8,CASE-000043,1298,SAR,MEDIUM,SAR - Company 99,Case opened based on risk alerts,0.00,0,0,OPEN,,analyst_9,manager_5,2026-05-25 16:17:32.000,2026-07-24,,true,2026-06-27,SAR-2026-01543,2026-06-24 16:17:30.000,2026-06-24 16:17:30.000
1563,"4ea14608-de14-41c3-ac5d-b2b31e92d26c",CASE-000063,4983,SAR,MEDIUM,SAR - Company 4780,Case opened based on risk alerts,58952.43,3,3,OPEN,,analyst_4,manager_5,2026-05-25 16:17:32.000,2026-07-24,,true,2026-06-27,SAR-2026-01563,2026-06-24 16:17:30.000,2026-06-24 16:17:30.000
1570,"6c87a0f5-b7f7-48fe-895c-c294680bf35e",CASE-000070,3118,SAR,MEDIUM,SAR - Company 129,Case opened based on risk alerts,12676.79,3,3,CLOSED,MONITORING,analyst_9,manager_5,2026-05-25 16:17:32.000,2026-07-24,2026-06-24 16:17:30.000,true,2026-06-24,SAR-2026-01570,2026-06-24 16:17:30.000,2026-06-24 16:17:30.000
1581,"969c3dc2-1973-4f14-a910-1ad3c31b8274",CASE-000081,655,SAR,LOW,SAR - Company 2949,Case opened based on risk alerts,1080.00,1,1,OPEN,,analyst_4,manager_2,2026-05-25 16:17:32.000,2026-07-24,,true,2026-06-27,SAR-2026-01581,2026-06-24 16:17:30.000,2026-06-24 16:17:30.000
1583,d837bc1f-6b19-4193-b0d5-f66f6fbb3efe,CASE-000083,2664,SAR,MEDIUM,SAR - Company 4074,Case opened based on risk alerts,12125.72,3,3,OPEN,,analyst_2,manager_4,2026-05-25 16:17:32.000,2026-07-24,,true,2026-06-27,SAR-2026-01583,2026-06-24 16:17:30.000,2026-06-24 16:17:30.000
1590,"8ed4c47d-ddf6-41fe-944e-a5ff19634c4e",CASE-000090,3794,SAR,MEDIUM,SAR - Company 280,Case opened based on risk alerts,0.00,0,0,CLOSED,ACCOUNT_CLOSED,analyst_7,manager_3,2026-05-25 16:17:32.000,2026-07-24,2026-06-24 16:17:30.000,true,2026-06-24,SAR-2026-01590,2026-06-24 16:17:30.000,2026-06-24 16:17:30.000
1592,"2b532dbc-28e4-4fe5-9aee-7cd62000eef6",CASE-000092,1387,SAR,HIGH,SAR - Company 1281,Case opened based on risk alerts,0.00,0,0,OPEN,,analyst_1,manager_5,2026-05-25 16:17:32.000,2026-07-24,,true,2026-06-27,SAR-2026-01592,2026-06-24 16:17:30.000,2026-06-24 16:17:30.000
1593,a812e518-310b-47b3-9c57-bb569929c2f9,CASE-000093,4413,SAR,LOW,SAR - Company 3960,Case opened based on risk alerts,48927.21,4,4,CLOSED,CLEARED,analyst_9,manager_4,2026-05-25 16:17:32.000,2026-07-24,2026-06-24 16:17:30.000,true,2026-06-24,SAR-2026-01593,2026-06-24 16:17:30.000,2026-06-24 16:17:30.000
1604,"340d4c73-4554-4c5e-bc4d-859de1487a17",CASE-000104,3325,SAR,HIGH,SAR - Company 2103,Case opened based on risk alerts,134664.43,5,5,OPEN,,analyst_5,manager_2,2026-05-25 16:17:32.000,2026-07-24,,true,2026-06-27,SAR-2026-01604,2026-06-24 16:17:30.000,2026-06-24 16:17:30.000
1610,"4d4c6aaf-7663-42a3-ad11-3a99f74e3eb4",CASE-000110,3550,SAR,MEDIUM,SAR - Company 3275,Case opened based on risk alerts,74568.23,1,1,CLOSED,ACCOUNT_CLOSED,analyst_10,manager_2,2026-05-25 16:17:32.000,2026-07-24,2026-06-24 16:17:30.000,true,2026-06-24,SAR-2026-01610,2026-06-24 16:17:30.000,2026-06-24 16:17:30.000
1612,"8d645e56-3e93-4cc1-883f-8f467eef4e93",CASE-000112,4978,SAR,HIGH,SAR - Company 3699,Case opened based on risk alerts,8795.49,1,1,OPEN,,analyst_5,manager_3,2026-05-25 16:17:32.000,2026-07-24,,true,2026-06-27,SAR-2026-01612,2026-06-24 16:17:30.000,2026-06-24 16:17:30.000
1615,a62f1663-0dae-4413-b59f-d32cb35a9bdc,CASE-000115,1760,SAR,MEDIUM,SAR - Company 362,Case opened based on risk alerts,64577.54,2,2,OPEN,,analyst_3,manager_3,2026-05-25 16:17:32.000,2026-07-24,,true,2026-06-27,SAR-2026-01615,2026-06-24 16:17:30.000,2026-06-24 16:17:30.000
1616,"2630dd1c-5859-4472-8a31-15c3fbbf1cd5",CASE-000116,3568,SAR,HIGH,SAR - Company 2039,Case opened based on risk alerts,11210.49,2,2,OPEN,,analyst_6,manager_1,2026-05-25 16:17:32.000,2026-07-24,,true,2026-06-27,SAR-2026-01616,2026-06-24 16:17:30.000,2026-06-24 16:17:30.000
1621,"5da6cd7c-b4dd-46d5-bf6b-aba80e9c6d30",CASE-000121,617,SAR,LOW,SAR - Company 4159,Case opened based on risk alerts,156939.47,2,2,OPEN,,analyst_6,manager_2,2026-05-25 16:17:32.000,2026-07-24,,true,2026-06-27,SAR-2026-01621,2026-06-24 16:17:30.000,2026-06-24 16:17:30.000
1623,e3c5cd74-4882-4597-bc68-a90444ae3460,CASE-000123,4372,SAR,MEDIUM,SAR - Company 3750,Case opened based on risk alerts,331974.45,1,1,CLOSED,ACCOUNT_CLOSED,analyst_3,manager_4,2026-05-25 16:17:32.000,2026-07-24,2026-06-24 16:17:30.000,true,2026-06-24,SAR-2026-01623,2026-06-24 16:17:30.000,2026-06-24 16:17:30.000
1626,ed034e29-08e8-4d82-9737-e1abd9c27bbe,CASE-000126,2558,SAR,MEDIUM,SAR - Company 2122,Case opened based on risk alerts,3781923.92,2,2,CLOSED,MONITORING,analyst_8,manager_2,2026-05-25 16:17:32.000,2026-07-24,2026-06-24 16:17:30.000,true,2026-06-24,SAR-2026-01626,2026-06-24 16:17:30.000,2026-06-24 16:17:30.000
1632,"43f1a9e9-7046-4be4-acc6-964423a88df0",CASE-000132,2642,SAR,HIGH,SAR - Company 267,Case opened based on risk alerts,0.00,0,0,OPEN,,analyst_8,manager_1,2026-05-25 16:17:32.000,2026-07-24,,true,2026-06-27,SAR-2026-01632,2026-06-24 16:17:30.000,2026-06-24 16:17:30.000
1633,"06fe0f60-c05c-4d7c-b17b-54a96bd64426",CASE-000133,2868,SAR,LOW,SAR - Company 3451,Case opened based on risk alerts,4117.68,1,1,CLOSED,CLEARED,analyst_1,manager_4,2026-05-25 16:17:32.000,2026-07-24,2026-06-24 16:17:30.000,true,2026-06-24,SAR-2026-01633,2026-06-24 16:17:30.000,2026-06-24 16:17:30.000
1634,"442b6508-e25b-44e9-976a-849fc510706f",CASE-000134,2067,SAR,MEDIUM,SAR - Company 1690,Case opened based on risk alerts,85983.18,2,2,CLOSED,MONITORING,analyst_6,manager_5,2026-05-25 16:17:32.000,2026-07-24,2026-06-24 16:17:30.000,true,2026-06-24,SAR-2026-01634,2026-06-24 16:17:30.000,2026-06-24 16:17:30.000
1640,d86a318e-6b2f-4045-bfbb-e4c6e64e7b61,CASE-000140,3437,SAR,HIGH,SAR - Company 3816,Case opened based on risk alerts,0.00,0,0,CLOSED,ACCOUNT_CLOSED,analyst_4,manager_5,2026-05-25 16:17:32.000,2026-07-24,2026-06-24 16:17:30.000,true,2026-06-24,SAR-2026-01640,2026-06-24 16:17:30.000,2026-06-24 16:17:30.000
1644,f8fa5361-770c-4ff1-9312-5c7dac69b2ab,CASE-000144,4785,SAR,HIGH,SAR - Company 1233,Case opened based on risk alerts,12351.29,1,1,CLOSED,ACCOUNT_CLOSED,analyst_3,manager_3,2026-05-25 16:17:32.000,2026-07-24,2026-06-24 16:17:30.000,true,2026-06-24,SAR-2026-01644,2026-06-24 16:17:30.000,2026-06-24 16:17:30.000
1650,e668038f-de13-4c5f-a5be-fcd0331af4f6,CASE-000150,2278,SAR,MEDIUM,SAR - Company 1705,Case opened based on risk alerts,4853068.02,2,2,CLOSED,CLEARED,analyst_6,manager_5,2026-05-25 16:17:32.000,2026-07-24,2026-06-24 16:17:30.000,true,2026-06-24,SAR-2026-01650,2026-06-24 16:17:30.000,2026-06-24 16:17:30.000
1651,"3c1177b5-e8d7-4a1d-90cc-6dc181787aa0",CASE-000151,4798,SAR,MEDIUM,SAR - Company 2258,Case opened based on risk alerts,10750.45,1,1,CLOSED,MONITORING,analyst_3,manager_2,2026-05-25 16:17:32.000,2026-07-24,2026-06-24 16:17:30.000,true,2026-06-24,SAR-2026-01651,2026-06-24 16:17:30.000,2026-06-24 16:17:30.000
1655,"1b7db3ac-8dc3-41c8-b4d7-973c9c1ede26",CASE-000155,3317,SAR,MEDIUM,SAR - Company 191,Case opened based on risk alerts,0.00,0,0,CLOSED,ACCOUNT_CLOSED,analyst_5,manager_5,2026-05-25 16:17:32.000,2026-07-24,2026-06-24 16:17:30.000,true,2026-06-24,SAR-2026-01655,2026-06-24 16:17:30.000,2026-06-24 16:17:30.000
1660,"82673985-f444-4154-8277-1f5d6beeb985",CASE-000160,4810,SAR,HIGH,SAR - Company 3013,Case opened based on risk alerts,0.00,0,0,CLOSED,ACCOUNT_CLOSED,analyst_1,manager_4,2026-05-25 16:17:32.000,2026-07-24,2026-06-24 16:17:30.000,true,2026-06-24,SAR-2026-01660,2026-06-24 16:17:30.000,2026-06-24 16:17:30.000
1661,"1c65ef31-d34b-41d3-812f-272bd8b48733",CASE-000161,2860,SAR,LOW,SAR - Company 1959,Case opened based on risk alerts,27928.98,2,2,CLOSED,MONITORING,analyst_1,manager_4,2026-05-25 16:17:32.000,2026-07-24,2026-06-24 16:17:30.000,true,2026-06-24,SAR-2026-01661,2026-06-24 16:17:30.000,2026-06-24 16:17:30.000
1663,"36362776-29cc-492b-af02-685dddc5538f",CASE-000163,243,SAR,MEDIUM,SAR - Company 1808,Case opened based on risk alerts,4527.45,2,2,CLOSED,MONITORING,analyst_8,manager_4,2026-05-25 16:17:32.000,2026-07-24,2026-06-24 16:17:30.000,true,2026-06-24,SAR-2026-01663,2026-06-24 16:17:30.000,2026-06-24 16:17:30.000
1664,dc3394d2-41b3-4eca-83be-34d6802d48b0,CASE-000164,3255,SAR,HIGH,SAR - Company 2254,Case opened based on risk alerts,0.00,0,0,CLOSED,MONITORING,analyst_5,manager_1,2026-05-25 16:17:32.000,2026-07-24,2026-06-24 16:17:30.000,true,2026-06-24,SAR-2026-01664,2026-06-24 16:17:30.000,2026-06-24 16:17:30.000
1665,fc7262c9-43a4-46a8-9260-c4233b4443ff,CASE-000165,1587,SAR,LOW,SAR - Company 1682,Case opened based on risk alerts,0.00,0,0,OPEN,,analyst_7,manager_5,2026-05-25 16:17:32.000,2026-07-24,,true,2026-06-27,SAR-2026-01665,2026-06-24 16:17:30.000,2026-06-24 16:17:30.000
1670,abac1a83-9001-45d6-84de-d4c846278521,CASE-000170,1979,SAR,MEDIUM,SAR - Company 2606,Case opened based on risk alerts,28435.34,1,1,OPEN,,analyst_7,manager_3,2026-05-25 16:17:32.000,2026-07-24,,true,2026-06-27,SAR-2026-01670,2026-06-24 16:17:30.000,2026-06-24 16:17:30.000
1673,"9f991937-4e6a-4f71-a5af-097076224956",CASE-000173,4353,SAR,LOW,SAR - Company 614,Case opened based on risk alerts,80155.77,1,1,OPEN,,analyst_8,manager_3,2026-05-25 16:17:32.000,2026-07-24,,true,2026-06-27,SAR-2026-01673,2026-06-24 16:17:30.000,2026-06-24 16:17:30.000
1675,bc7d7f6c-a36f-45ab-b365-1901ec740251,CASE-000175,4298,SAR,MEDIUM,SAR - Company 4645,Case opened based on risk alerts,18118.89,2,2,OPEN,,analyst_4,manager_1,2026-05-25 16:17:32.000,2026-07-24,,true,2026-06-27,SAR-2026-01675,2026-06-24 16:17:30.000,2026-06-24 16:17:30.000
1680,"9a61116e-4a23-4c09-b50b-b2e8d9b2b480",CASE-000180,3302,SAR,HIGH,SAR - Company 67,Case opened based on risk alerts,146967.47,3,3,CLOSED,ACCOUNT_CLOSED,analyst_7,manager_1,2026-05-25 16:17:32.000,2026-07-24,2026-06-24 16:17:30.000,true,2026-06-24,SAR-2026-01680,2026-06-24 16:17:30.000,2026-06-24 16:17:30.000
1683,b040e068-2ee8-4fba-8fe7-3625e42598e7,CASE-000183,2160,SAR,MEDIUM,SAR - Company 2396,Case opened based on risk alerts,203425.93,2,2,OPEN,,analyst_5,manager_3,2026-05-25 16:17:32.000,2026-07-24,,true,2026-06-27,SAR-2026-01683,2026-06-24 16:17:30.000,2026-06-24 16:17:30.000
1686,"4bc38713-7c0e-4c9f-a1c2-9397507a9c7c",CASE-000186,3451,SAR,MEDIUM,SAR - Company 1728,Case opened based on risk alerts,947519.87,2,2,CLOSED,CLEARED,analyst_10,manager_4,2026-05-25 16:17:32.000,2026-07-24,2026-06-24 16:17:30.000,true,2026-06-24,SAR-2026-01686,2026-06-24 16:17:30.000,2026-06-24 16:17:30.000
1694,eea9a389-eae0-4bfc-a7e9-9a96ad432bd9,CASE-000194,2817,SAR,MEDIUM,SAR - Company 1665,Case opened based on risk alerts,873893.74,5,5,OPEN,,analyst_1,manager_5,2026-05-25 16:17:32.000,2026-07-24,,true,2026-06-27,SAR-2026-01694,2026-06-24 16:17:30.000,2026-06-24 16:17:30.000
1696,"67737274-57d4-449e-b103-17371b353744",CASE-000196,3842,SAR,HIGH,SAR - Company 1476,Case opened based on risk alerts,28140.47,1,1,CLOSED,ACCOUNT_CLOSED,analyst_1,manager_3,2026-05-25 16:17:32.000,2026-07-24,2026-06-24 16:17:30.000,true,2026-06-24,SAR-2026-01696,2026-06-24 16:17:30.000,2026-06-24 16:17:30.000
1702,d84ac99c-a07e-4fcd-b296-37d5f754db76,CASE-000202,1684,SAR,MEDIUM,SAR - Company 1379,Case opened based on risk alerts,13538.95,2,2,CLOSED,CLEARED,analyst_1,manager_3,2026-05-25 16:17:32.000,2026-07-24,2026-06-24 16:17:30.000,true,2026-06-24,SAR-2026-01702,2026-06-24 16:17:30.000,2026-06-24 16:17:30.000
1703,"853e6665-ce0b-4a10-ae24-44a29fd078a2",CASE-000203,2328,SAR,MEDIUM,SAR - Company 2760,Case opened based on risk alerts,0.00,0,0,OPEN,,analyst_10,manager_3,2026-05-25 16:17:32.000,2026-07-24,,true,2026-06-27,SAR-2026-01703,2026-06-24 16:17:30.000,2026-06-24 16:17:30.000
1710,d2550218-e1c1-45ce-ab7a-b1a1e3f75545,CASE-000210,1421,SAR,MEDIUM,SAR - Company 2864,Case opened based on risk alerts,0.00,0,0,CLOSED,CLEARED,analyst_9,manager_2,2026-05-25 16:17:32.000,2026-07-24,2026-06-24 16:17:30.000,true,2026-06-24,SAR-2026-01710,2026-06-24 16:17:30.000,2026-06-24 16:17:30.000
1713,ae9f9c4a-aea5-4855-ac69-a1930a7e9d4f,CASE-000213,2392,SAR,LOW,SAR - Company 4750,Case opened based on risk alerts,1000.00,1,1,CLOSED,CLEARED,analyst_4,manager_3,2026-05-25 16:17:32.000,2026-07-24,2026-06-24 16:17:30.000,true,2026-06-24,SAR-2026-01713,2026-06-24 16:17:30.000,2026-06-24 16:17:30.000
1714,"0283f90f-562a-468e-8b3f-cef1a4ae4226",CASE-000214,731,SAR,MEDIUM,SAR - Company 1706,Case opened based on risk alerts,88173.62,2,2,OPEN,,analyst_1,manager_4,2026-05-25 16:17:32.000,2026-07-24,,true,2026-06-27,SAR-2026-01714,2026-06-24 16:17:30.000,2026-06-24 16:17:30.000
1716,"38899f48-1e99-4465-be8b-eef4629b0e09",CASE-000216,4540,SAR,HIGH,SAR - Company 4361,Case opened based on risk alerts,0.00,0,0,CLOSED,ACCOUNT_CLOSED,analyst_9,manager_4,2026-05-25 16:17:32.000,2026-07-24,2026-06-24 16:17:30.000,true,2026-06-24,SAR-2026-01716,2026-06-24 16:17:30.000,2026-06-24 16:17:30.000
1725,"27af6640-d939-47e6-99d4-c82c40c8a71c",CASE-000225,465,SAR,LOW,SAR - Company 1874,Case opened based on risk alerts,1000.00,1,1,OPEN,,analyst_7,manager_1,2026-05-25 16:17:32.000,2026-07-24,,true,2026-06-27,SAR-2026-01725,2026-06-24 16:17:30.000,2026-06-24 16:17:30.000
1733,"1f3e1eac-919f-46f0-9d18-884a90fecc46",CASE-000233,3335,SAR,LOW,SAR - Company 3709,Case opened based on risk alerts,0.00,0,0,OPEN,,analyst_10,manager_2,2026-05-25 16:17:32.000,2026-07-24,,true,2026-06-27,SAR-2026-01733,2026-06-24 16:17:30.000,2026-06-24 16:17:30.000
1736,"487f0942-03bd-47bc-85b8-1738f76bba77",CASE-000236,1925,SAR,HIGH,SAR - Company 509,Case opened based on risk alerts,37608.90,4,4,CLOSED,CLEARED,analyst_7,manager_2,2026-05-25 16:17:32.000,2026-07-24,2026-06-24 16:17:30.000,true,2026-06-24,SAR-2026-01736,2026-06-24 16:17:30.000,2026-06-24 16:17:30.000
1745,a736308a-0270-4556-a5ff-0a5d49a4f99c,CASE-000245,4384,SAR,LOW,SAR - Company 3937,Case opened based on risk alerts,92883.08,1,1,CLOSED,ACCOUNT_CLOSED,analyst_3,manager_1,2026-05-25 16:17:32.000,2026-07-24,2026-06-24 16:17:30.000,true,2026-06-24,SAR-2026-01745,2026-06-24 16:17:30.000,2026-06-24 16:17:30.000
1751,"622e9f88-b30a-4409-9c88-9dd223fa3178",CASE-000251,531,SAR,MEDIUM,SAR - Company 3990,Case opened based on risk alerts,14343.48,2,2,CLOSED,CLEARED,analyst_2,manager_3,2026-05-25 16:17:32.000,2026-07-24,2026-06-24 16:17:30.000,true,2026-06-24,SAR-2026-01751,2026-06-24 16:17:30.000,2026-06-24 16:17:30.000
1756,ea060840-d97e-48e6-ab43-a9d6e71fb2af,CASE-000256,2392,SAR,HIGH,SAR - Company 2995,Case opened based on risk alerts,1000.00,1,1,OPEN,,analyst_3,manager_4,2026-05-25 16:17:32.000,2026-07-24,,true,2026-06-27,SAR-2026-01756,2026-06-24 16:17:30.000,2026-06-24 16:17:30.000
1760,"17eb76b9-cc02-4894-8047-3ab31341c444",CASE-000260,3017,SAR,HIGH,SAR - Company 1783,Case opened based on risk alerts,5402.12,1,1,CLOSED,CLEARED,analyst_1,manager_2,2026-05-25 16:17:32.000,2026-07-24,2026-06-24 16:17:30.000,true,2026-06-24,SAR-2026-01760,2026-06-24 16:17:30.000,2026-06-24 16:17:30.000
1761,defc2fc2-4f1e-4ad9-95d2-5a8e07e18706,CASE-000261,2447,SAR,LOW,SAR - Company 4917,Case opened based on risk alerts,11126.30,2,2,CLOSED,MONITORING,analyst_6,manager_1,2026-05-25 16:17:32.000,2026-07-24,2026-06-24 16:17:30.000,true,2026-06-24,SAR-2026-01761,2026-06-24 16:17:30.000,2026-06-24 16:17:30.000
1765,"47566b65-3042-4be4-bc71-c4b95caaccf6",CASE-000265,3392,SAR,LOW,SAR - Company 4986,Case opened based on risk alerts,0.00,0,0,CLOSED,ACCOUNT_CLOSED,analyst_2,manager_3,2026-05-25 16:17:32.000,2026-07-24,2026-06-24 16:17:30.000,true,2026-06-24,SAR-2026-01765,2026-06-24 16:17:30.000,2026-06-24 16:17:30.000
1771,f3fc30ed-b9a2-4eb5-95c8-e95cdf829a1c,CASE-000271,557,SAR,MEDIUM,SAR - Company 425,Case opened based on risk alerts,42175.70,1,1,CLOSED,MONITORING,analyst_2,manager_5,2026-05-25 16:17:32.000,2026-07-24,2026-06-24 16:17:30.000,true,2026-06-24,SAR-2026-01771,2026-06-24 16:17:30.000,2026-06-24 16:17:30.000
1782,e38b1366-65fc-432c-84f4-d1eeab981196,CASE-000282,1474,SAR,MEDIUM,SAR - Company 2082,Case opened based on risk alerts,224412.25,2,2,CLOSED,CLEARED,analyst_5,manager_3,2026-05-25 16:17:32.000,2026-07-24,2026-06-24 16:17:30.000,true,2026-06-24,SAR-2026-01782,2026-06-24 16:17:30.000,2026-06-24 16:17:30.000
1783,d406e2ac-8eb6-4c73-9e23-89c805d82e4e,CASE-000283,2326,SAR,MEDIUM,SAR - Company 3025,Case opened based on risk alerts,4418.03,1,1,CLOSED,ACCOUNT_CLOSED,analyst_10,manager_4,2026-05-25 16:17:32.000,2026-07-24,2026-06-24 16:17:30.000,true,2026-06-24,SAR-2026-01783,2026-06-24 16:17:30.000,2026-06-24 16:17:30.000
1786,"9ec69765-37c2-4f52-abe0-6577dddea7cd",CASE-000286,797,SAR,MEDIUM,SAR - Company 1865,Case opened based on risk alerts,3927989.07,2,2,OPEN,,analyst_8,manager_1,2026-05-25 16:17:32.000,2026-07-24,,true,2026-06-27,SAR-2026-01786,2026-06-24 16:17:30.000,2026-06-24 16:17:30.000
1791,bfd913bb-6c75-47aa-ac7a-239d6a08f878,CASE-000291,4328,SAR,MEDIUM,SAR - Company 3662,Case opened based on risk alerts,475536.32,1,1,CLOSED,CLEARED,analyst_1,manager_2,2026-05-25 16:17:32.000,2026-07-24,2026-06-24 16:17:30.000,true,2026-06-24,SAR-2026-01791,2026-06-24 16:17:30.000,2026-06-24 16:17:30.000
1792,c5aee931-6088-4129-841f-1d8f437f8fce,CASE-000292,2937,SAR,HIGH,SAR - Company 4281,Case opened based on risk alerts,270.49,1,1,CLOSED,MONITORING,analyst_8,manager_3,2026-05-25 16:17:32.000,2026-07-24,2026-06-24 16:17:30.000,true,2026-06-24,SAR-2026-01792,2026-06-24 16:17:30.000,2026-06-24 16:17:30.000
1796,"885a702b-c22b-47d1-87ec-fa82c1949419",CASE-000296,250,SAR,HIGH,SAR - Company 1192,Case opened based on risk alerts,50431.86,3,3,OPEN,,analyst_5,manager_2,2026-05-25 16:17:32.000,2026-07-24,,true,2026-06-27,SAR-2026-01796,2026-06-24 16:17:30.000,2026-06-24 16:17:30.000
1804,d5f6c7b2-88b7-4c9b-ba6c-7201da419d0e,CASE-000304,2773,SAR,HIGH,SAR - Company 2525,Case opened based on risk alerts,245364.12,2,2,OPEN,,analyst_3,manager_2,2026-05-25 16:17:32.000,2026-07-24,,true,2026-06-27,SAR-2026-01804,2026-06-24 16:17:30.000,2026-06-24 16:17:30.000
1820,"679b90f9-5eea-4ec4-bc85-50d0cf2a056d",CASE-000320,2375,SAR,HIGH,SAR - Company 1661,Case opened based on risk alerts,0.00,0,0,CLOSED,CLEARED,analyst_2,manager_3,2026-05-25 16:17:32.000,2026-07-24,2026-06-24 16:17:30.000,true,2026-06-24,SAR-2026-01820,2026-06-24 16:17:30.000,2026-06-24 16:17:30.000
1821,c075369e-c0b0-4291-92f4-6232a04dd7db,CASE-000321,2482,SAR,LOW,SAR - Company 1438,Case opened based on risk alerts,68140.18,2,2,OPEN,,analyst_1,manager_1,2026-05-25 16:17:32.000,2026-07-24,,true,2026-06-27,SAR-2026-01821,2026-06-24 16:17:30.000,2026-06-24 16:17:30.000
1822,"1bff2138-30a9-4196-b5ce-416197fe3684",CASE-000322,4730,SAR,MEDIUM,SAR - Company 4133,Case opened based on risk alerts,0.00,0,0,OPEN,,analyst_7,manager_2,2026-05-25 16:17:32.000,2026-07-24,,true,2026-06-27,SAR-2026-01822,2026-06-24 16:17:30.000,2026-06-24 16:17:30.000
1823,f6574464-0354-4259-9508-012b65122683,CASE-000323,1709,SAR,MEDIUM,SAR - Company 2471,Case opened based on risk alerts,3929.67,1,1,OPEN,,analyst_9,manager_1,2026-05-25 16:17:32.000,2026-07-24,,true,2026-06-27,SAR-2026-01823,2026-06-24 16:17:30.000,2026-06-24 16:17:30.000
1824,"5b5c7ae1-dfef-4d84-8294-80ca154b9f1a",CASE-000324,3509,SAR,HIGH,SAR - Company 66,Case opened based on risk alerts,102215.39,3,3,OPEN,,analyst_1,manager_3,2026-05-25 16:17:32.000,2026-07-24,,true,2026-06-27,SAR-2026-01824,2026-06-24 16:17:30.000,2026-06-24 16:17:30.000
1826,"73e2a88a-38d6-452e-a76b-fc3a702f6fec",CASE-000326,1408,SAR,MEDIUM,SAR - Company 779,Case opened based on risk alerts,10844.64,1,1,CLOSED,ACCOUNT_CLOSED,analyst_8,manager_2,2026-05-25 16:17:32.000,2026-07-24,2026-06-24 16:17:30.000,true,2026-06-24,SAR-2026-01826,2026-06-24 16:17:30.000,2026-06-24 16:17:30.000
1840,d4127d31-0d94-4007-9bfb-dce5ad2cd342,CASE-000340,4222,SAR,HIGH,SAR - Company 4984,Case opened based on risk alerts,0.00,0,0,CLOSED,CLEARED,analyst_5,manager_5,2026-05-25 16:17:32.000,2026-07-24,2026-06-24 16:17:30.000,true,2026-06-24,SAR-2026-01840,2026-06-24 16:17:30.000,2026-06-24 16:17:30.000
1841,"67c370fe-b4e5-49bd-bc3f-ac7c59054c12",CASE-000341,3385,SAR,LOW,SAR - Company 3439,Case opened based on risk alerts,0.00,0,0,OPEN,,analyst_9,manager_2,2026-05-25 16:17:32.000,2026-07-24,,true,2026-06-27,SAR-2026-01841,2026-06-24 16:17:30.000,2026-06-24 16:17:30.000
1845,"930d9abf-21cc-41ae-b6fd-47bdccfb3a0e",CASE-000345,4269,SAR,LOW,SAR - Company 4966,Case opened based on risk alerts,35577.61,2,2,CLOSED,CLEARED,analyst_1,manager_2,2026-05-25 16:17:32.000,2026-07-24,2026-06-24 16:17:30.000,true,2026-06-24,SAR-2026-01845,2026-06-24 16:17:30.000,2026-06-24 16:17:30.000
1851,b173ce0f-3891-47cd-8179-a6454eba2ab6,CASE-000351,966,SAR,MEDIUM,SAR - Company 1314,Case opened based on risk alerts,0.00,0,0,CLOSED,CLEARED,analyst_3,manager_5,2026-05-25 16:17:32.000,2026-07-24,2026-06-24 16:17:30.000,true,2026-06-24,SAR-2026-01851,2026-06-24 16:17:30.000,2026-06-24 16:17:30.000
1854,a43f80db-5aec-4510-9d7b-5af4e5144854,CASE-000354,2065,SAR,MEDIUM,SAR - Company 1078,Case opened based on risk alerts,62371.58,3,3,OPEN,,analyst_7,manager_3,2026-05-25 16:17:32.000,2026-07-24,,true,2026-06-27,SAR-2026-01854,2026-06-24 16:17:30.000,2026-06-24 16:17:30.000
1860,cff25229-003c-450e-be39-ba11f1c7e7b3,CASE-000360,4442,SAR,HIGH,SAR - Company 3703,Case opened based on risk alerts,81444.83,3,3,OPEN,,analyst_6,manager_4,2026-05-25 16:17:32.000,2026-07-24,,true,2026-06-27,SAR-2026-01860,2026-06-24 16:17:30.000,2026-06-24 16:17:30.000
1865,"8d1eebd2-4b37-44c9-926e-0f961d4b738d",CASE-000365,159,SAR,LOW,SAR - Company 1943,Case opened based on risk alerts,148217.26,2,2,CLOSED,CLEARED,analyst_4,manager_2,2026-05-25 16:17:32.000,2026-07-24,2026-06-24 16:17:30.000,true,2026-06-24,SAR-2026-01865,2026-06-24 16:17:30.000,2026-06-24 16:17:30.000
1872,"33a57949-b772-4d18-b172-373a951620e2",CASE-000372,1679,SAR,HIGH,SAR - Company 731,Case opened based on risk alerts,1108258.63,3,3,CLOSED,CLEARED,analyst_3,manager_4,2026-05-25 16:17:32.000,2026-07-24,2026-06-24 16:17:30.000,true,2026-06-24,SAR-2026-01872,2026-06-24 16:17:30.000,2026-06-24 16:17:30.000
1883,"84e2cbf3-67db-4364-babc-5c9167e7d433",CASE-000383,2188,SAR,MEDIUM,SAR - Company 1098,Case opened based on risk alerts,0.00,0,0,OPEN,,analyst_10,manager_5,2026-05-25 16:17:32.000,2026-07-24,,true,2026-06-27,SAR-2026-01883,2026-06-24 16:17:30.000,2026-06-24 16:17:30.000
1884,"836d2d1f-9974-48b0-95bd-cc6b631b52d5",CASE-000384,2299,SAR,HIGH,SAR - Company 2830,Case opened based on risk alerts,56100.86,1,1,OPEN,,analyst_6,manager_4,2026-05-25 16:17:32.000,2026-07-24,,true,2026-06-27,SAR-2026-01884,2026-06-24 16:17:30.000,2026-06-24 16:17:30.000
1893,"26ee2a37-0914-4eca-9cea-d7c5cef7fa7a",CASE-000393,529,SAR,LOW,SAR - Company 4753,Case opened based on risk alerts,3126.47,1,1,OPEN,,analyst_4,manager_2,2026-05-25 16:17:32.000,2026-07-24,,true,2026-06-27,SAR-2026-01893,2026-06-24 16:17:30.000,2026-06-24 16:17:30.000
1895,abac554d-4efb-4095-8145-e6b6f78cf778,CASE-000395,4381,SAR,MEDIUM,SAR - Company 808,Case opened based on risk alerts,0.00,0,0,CLOSED,MONITORING,analyst_2,manager_1,2026-05-25 16:17:32.000,2026-07-24,2026-06-24 16:17:30.000,true,2026-06-24,SAR-2026-01895,2026-06-24 16:17:30.000,2026-06-24 16:17:30.000
1902,"64a1f93a-67e5-4fc1-be7d-017589836ffc",CASE-000402,486,SAR,MEDIUM,SAR - Company 3082,Case opened based on risk alerts,0.00,0,0,CLOSED,CLEARED,analyst_1,manager_4,2026-05-25 16:17:32.000,2026-07-24,2026-06-24 16:17:30.000,true,2026-06-24,SAR-2026-01902,2026-06-24 16:17:30.000,2026-06-24 16:17:30.000
1903,d17f8ae7-d8f3-4d9e-a1da-7d69d626ea49,CASE-000403,3277,SAR,MEDIUM,SAR - Company 1089,Case opened based on risk alerts,0.00,0,0,CLOSED,ACCOUNT_CLOSED,analyst_9,manager_5,2026-05-25 16:17:32.000,2026-07-24,2026-06-24 16:17:30.000,true,2026-06-24,SAR-2026-01903,2026-06-24 16:17:30.000,2026-06-24 16:17:30.000
1906,a0db0f9e-ba5d-4582-a737-882e2fe34c2d,CASE-000406,4290,SAR,MEDIUM,SAR - Company 3529,Case opened based on risk alerts,0.00,0,0,CLOSED,ACCOUNT_CLOSED,analyst_9,manager_4,2026-05-25 16:17:32.000,2026-07-24,2026-06-24 16:17:30.000,true,2026-06-24,SAR-2026-01906,2026-06-24 16:17:30.000,2026-06-24 16:17:30.000
1931,"5ef6f2dd-2ebe-462b-92cf-61d3b5b6c0e6",CASE-000431,714,SAR,MEDIUM,SAR - Company 3087,Case opened based on risk alerts,1000.00,1,1,CLOSED,CLEARED,analyst_3,manager_1,2026-05-25 16:17:32.000,2026-07-24,2026-06-24 16:17:30.000,true,2026-06-24,SAR-2026-01931,2026-06-24 16:17:30.000,2026-06-24 16:17:30.000
1935,bc6eecb9-cee8-407e-9904-c99d3a1e1054,CASE-000435,422,SAR,MEDIUM,SAR - Company 4634,Case opened based on risk alerts,0.00,0,0,OPEN,,analyst_7,manager_4,2026-05-25 16:17:32.000,2026-07-24,,true,2026-06-27,SAR-2026-01935,2026-06-24 16:17:30.000,2026-06-24 16:17:30.000
1944,f0bc04cf-deee-4af0-a540-50fda9f220ac,CASE-000444,289,SAR,HIGH,SAR - Company 3185,Case opened based on risk alerts,1551988.04,3,3,CLOSED,MONITORING,analyst_8,manager_3,2026-05-25 16:17:32.000,2026-07-24,2026-06-24 16:17:30.000,true,2026-06-24,SAR-2026-01944,2026-06-24 16:17:30.000,2026-06-24 16:17:30.000
1955,fdaba514-220c-46a5-8bb2-790f950de4a5,CASE-000455,4576,SAR,MEDIUM,SAR - Company 94,Case opened based on risk alerts,9403.21,1,1,OPEN,,analyst_9,manager_4,2026-05-25 16:17:32.000,2026-07-24,,true,2026-06-27,SAR-2026-01955,2026-06-24 16:17:30.000,2026-06-24 16:17:30.000
1960,"1361b555-8c41-4bc4-9548-ef230e66c797",CASE-000460,3518,SAR,HIGH,SAR - Company 1039,Case opened based on risk alerts,0.00,0,0,OPEN,,analyst_1,manager_3,2026-05-25 16:17:32.000,2026-07-24,,true,2026-06-27,SAR-2026-01960,2026-06-24 16:17:30.000,2026-06-24 16:17:30.000
1975,"3ae0d475-6ee2-477f-b14b-2faddb35fc4a",CASE-000475,3753,SAR,MEDIUM,SAR - Company 4566,Case opened based on risk alerts,0.00,0,0,CLOSED,CLEARED,analyst_3,manager_2,2026-05-25 16:17:32.000,2026-07-24,2026-06-24 16:17:30.000,true,2026-06-24,SAR-2026-01975,2026-06-24 16:17:30.000,2026-06-24 16:17:30.000
1976,f2af68d4-5c28-4725-8e3d-3ec31b79c9b2,CASE-000476,624,SAR,HIGH,SAR - Company 2029,Case opened based on risk alerts,0.00,0,0,OPEN,,analyst_2,manager_2,2026-05-25 16:17:32.000,2026-07-24,,true,2026-06-27,SAR-2026-01976,2026-06-24 16:17:30.000,2026-06-24 16:17:30.000
1985,"87509b5f-cd75-4fc7-b292-5b69fc2b9377",CASE-000485,4043,SAR,LOW,SAR - Company 1751,Case opened based on risk alerts,2350.03,1,1,CLOSED,MONITORING,analyst_8,manager_1,2026-05-25 16:17:32.000,2026-07-24,2026-06-24 16:17:30.000,true,2026-06-24,SAR-2026-01985,2026-06-24 16:17:30.000,2026-06-24 16:17:30.000
1991,e74674e3-b79b-42bf-8ede-f52197714a56,CASE-000491,547,SAR,MEDIUM,SAR - Company 4734,Case opened based on risk alerts,14185.22,1,1,OPEN,,analyst_9,manager_2,2026-05-25 16:17:32.000,2026-07-24,,true,2026-06-27,SAR-2026-01991,2026-06-24 16:17:30.000,2026-06-24 16:17:30.000
1996,"6c803a05-b1fb-4f8e-8a8c-7f3779fd585a",CASE-000496,235,SAR,HIGH,SAR - Company 2064,Case opened based on risk alerts,0.00,0,0,OPEN,,analyst_7,manager_1,2026-05-25 16:17:32.000,2026-07-24,,true,2026-06-27,SAR-2026-01996,2026-06-24 16:17:30.000,2026-06-24 16:17:30.000
1510,"90ad50db-2e10-46c8-9470-e5781f928f27",CASE-000010,4881,INVESTIGATION,MEDIUM,INVESTIGATION - Company 1613,Case opened based on risk alerts,12202.88,1,1,CLOSED,MONITORING,analyst_9,manager_1,2026-05-25 16:17:32.000,2026-07-24,2026-06-24 16:17:30.000,true,2026-06-24,SAR-2026-01510,2026-06-24 16:17:30.000,2026-06-24 16:17:30.000
1520,"0464a1e4-5f62-42d5-b2a0-c6e0ac44d598",CASE-000020,587,INVESTIGATION,HIGH,INVESTIGATION - Company 2719,Case opened based on risk alerts,26339.83,1,1,CLOSED,CLEARED,analyst_2,manager_3,2026-05-25 16:17:32.000,2026-07-24,2026-06-24 16:17:30.000,true,2026-06-24,SAR-2026-01520,2026-06-24 16:17:30.000,2026-06-24 16:17:30.000
1540,de21de9d-9e7a-439a-bc50-b02c75df31c8,CASE-000040,2021,INVESTIGATION,HIGH,INVESTIGATION - Company 563,Case opened based on risk alerts,0.00,0,0,CLOSED,CLEARED,analyst_7,manager_1,2026-05-25 16:17:32.000,2026-07-24,2026-06-24 16:17:30.000,true,2026-06-24,SAR-2026-01540,2026-06-24 16:17:30.000,2026-06-24 16:17:30.000
1580,"24a1ecc6-d650-490b-a8d6-3d7918dba462",CASE-000080,4422,INVESTIGATION,HIGH,INVESTIGATION - Company 4136,Case opened based on risk alerts,43997.37,1,1,OPEN,,analyst_9,manager_4,2026-05-25 16:17:32.000,2026-07-24,,true,2026-06-27,SAR-2026-01580,2026-06-24 16:17:30.000,2026-06-24 16:17:30.000
1600,e54c189e-6426-4aac-919b-4ee8d946f321,CASE-000100,4976,INVESTIGATION,HIGH,INVESTIGATION - Company 2699,Case opened based on risk alerts,0.00,0,0,CLOSED,MONITORING,analyst_6,manager_3,2026-05-25 16:17:32.000,2026-07-24,2026-06-24 16:17:30.000,true,2026-06-24,SAR-2026-01600,2026-06-24 16:17:30.000,2026-06-24 16:17:30.000
1630,"994dfc28-94ad-41f4-a64e-5741fb78c978",CASE-000130,2932,INVESTIGATION,MEDIUM,INVESTIGATION - Company 2676,Case opened based on risk alerts,2191.21,2,2,CLOSED,CLEARED,analyst_3,manager_4,2026-05-25 16:17:32.000,2026-07-24,2026-06-24 16:17:30.000,true,2026-06-24,SAR-2026-01630,2026-06-24 16:17:30.000,2026-06-24 16:17:30.000
1690,a330c445-ecaf-4b99-b400-ead3a2695cd0,CASE-000190,2573,INVESTIGATION,MEDIUM,INVESTIGATION - Company 1446,Case opened based on risk alerts,0.00,0,0,CLOSED,CLEARED,analyst_10,manager_5,2026-05-25 16:17:32.000,2026-07-24,2026-06-24 16:17:30.000,true,2026-06-24,SAR-2026-01690,2026-06-24 16:17:30.000,2026-06-24 16:17:30.000
1700,"558b9749-16a3-42f6-9e16-80e3e781ffab",CASE-000200,2119,INVESTIGATION,HIGH,INVESTIGATION - Company 1352,Case opened based on risk alerts,11595.07,1,1,CLOSED,CLEARED,analyst_6,manager_5,2026-05-25 16:17:32.000,2026-07-24,2026-06-24 16:17:30.000,true,2026-06-24,SAR-2026-01700,2026-06-24 16:17:30.000,2026-06-24 16:17:30.000
1720,"94aaa169-88ad-4934-9d06-15bbe86e659c",CASE-000220,235,INVESTIGATION,HIGH,INVESTIGATION - Company 3600,Case opened based on risk alerts,0.00,0,0,OPEN,,analyst_4,manager_1,2026-05-25 16:17:32.000,2026-07-24,,true,2026-06-27,SAR-2026-01720,2026-06-24 16:17:30.000,2026-06-24 16:17:30.000
1730,b5403263-34e2-4505-a732-70a8ebf9e26f,CASE-000230,407,INVESTIGATION,MEDIUM,INVESTIGATION - Company 4580,Case opened based on risk alerts,10228.29,1,1,CLOSED,CLEARED,analyst_8,manager_4,2026-05-25 16:17:32.000,2026-07-24,2026-06-24 16:17:30.000,true,2026-06-24,SAR-2026-01730,2026-06-24 16:17:30.000,2026-06-24 16:17:30.000
1770,"9b57db3d-a69a-481b-92ee-acf7f645b022",CASE-000270,65,INVESTIGATION,MEDIUM,INVESTIGATION - Company 46,Case opened based on risk alerts,0.00,0,0,CLOSED,CLEARED,analyst_1,manager_5,2026-05-25 16:17:32.000,2026-07-24,2026-06-24 16:17:30.000,true,2026-06-24,SAR-2026-01770,2026-06-24 16:17:30.000,2026-06-24 16:17:30.000
1780,faa57996-6b19-4674-b3ff-37f681681699,CASE-000280,4009,INVESTIGATION,HIGH,INVESTIGATION - Company 2548,Case opened based on risk alerts,0.00,0,0,CLOSED,MONITORING,analyst_6,manager_5,2026-05-25 16:17:32.000,2026-07-24,2026-06-24 16:17:30.000,true,2026-06-24,SAR-2026-01780,2026-06-24 16:17:30.000,2026-06-24 16:17:30.000
1790,d120504c-b671-4ad9-be13-3d9a56ed1657,CASE-000290,2369,INVESTIGATION,MEDIUM,INVESTIGATION - Company 4182,Case opened based on risk alerts,5785.69,1,1,CLOSED,ACCOUNT_CLOSED,analyst_6,manager_5,2026-05-25 16:17:32.000,2026-07-24,2026-06-24 16:17:30.000,true,2026-06-24,SAR-2026-01790,2026-06-24 16:17:30.000,2026-06-24 16:17:30.000
1800,"9660774b-bcfe-47af-85e6-453a8d82455c",CASE-000300,4915,INVESTIGATION,HIGH,INVESTIGATION - Company 1155,Case opened based on risk alerts,411865.71,3,3,OPEN,,analyst_4,manager_4,2026-05-25 16:17:32.000,2026-07-24,,true,2026-06-27,SAR-2026-01800,2026-06-24 16:17:30.000,2026-06-24 16:17:30.000
1810,fdd9d648-0d02-4f39-92aa-51ab5b05d288,CASE-000310,3421,INVESTIGATION,MEDIUM,INVESTIGATION - Company 1060,Case opened based on risk alerts,90274.83,1,1,OPEN,,analyst_6,manager_2,2026-05-25 16:17:32.000,2026-07-24,,true,2026-06-27,SAR-2026-01810,2026-06-24 16:17:30.000,2026-06-24 16:17:30.000
1870,"4677d5a0-a43f-40f7-a166-76434fddde06",CASE-000370,1082,INVESTIGATION,MEDIUM,INVESTIGATION - Company 938,Case opened based on risk alerts,1117.14,1,1,OPEN,,analyst_6,manager_4,2026-05-25 16:17:32.000,2026-07-24,,true,2026-06-27,SAR-2026-01870,2026-06-24 16:17:30.000,2026-06-24 16:17:30.000
1880,"61c626b2-df6f-441d-ab5a-73828b1dedcc",CASE-000380,3372,INVESTIGATION,HIGH,INVESTIGATION - Company 4795,Case opened based on risk alerts,15456.89,1,1,CLOSED,CLEARED,analyst_4,manager_5,2026-05-25 16:17:32.000,2026-07-24,2026-06-24 16:17:30.000,true,2026-06-24,SAR-2026-01880,2026-06-24 16:17:30.000,2026-06-24 16:17:30.000
1920,bc41470b-7122-4c9a-b537-fc3d576c7bdd,CASE-000420,3822,INVESTIGATION,HIGH,INVESTIGATION - Company 514,Case opened based on risk alerts,0.00,0,0,CLOSED,MONITORING,analyst_3,manager_5,2026-05-25 16:17:32.000,2026-07-24,2026-06-24 16:17:30.000,true,2026-06-24,SAR-2026-01920,2026-06-24 16:17:30.000,2026-06-24 16:17:30.000
1950,ca95874a-c5cf-4c6c-93ee-202eb3a731fd,CASE-000450,1992,INVESTIGATION,MEDIUM,INVESTIGATION - Company 1013,Case opened based on risk alerts,174995.46,3,3,CLOSED,MONITORING,analyst_3,manager_4,2026-05-25 16:17:32.000,2026-07-24,2026-06-24 16:17:30.000,true,2026-06-24,SAR-2026-01950,2026-06-24 16:17:30.000,2026-06-24 16:17:30.000
1970,f77742b9-bcbd-4345-ad89-e022bc6443cf,CASE-000470,951,INVESTIGATION,MEDIUM,INVESTIGATION - Company 1004,Case opened based on risk alerts,0.00,0,0,CLOSED,CLEARED,analyst_1,manager_4,2026-05-25 16:17:32.000,2026-07-24,2026-06-24 16:17:30.000,true,2026-06-24,SAR-2026-01970,2026-06-24 16:17:30.000,2026-06-24 16:17:30.000
1990,"6d3c8019-5b14-41fc-a29a-85323402a145",CASE-000490,4943,INVESTIGATION,MEDIUM,INVESTIGATION - Company 1437,Case opened based on risk alerts,0.00,0,0,OPEN,,analyst_5,manager_4,2026-05-25 16:17:32.000,2026-07-24,,true,2026-06-27,SAR-2026-01990,2026-06-24 16:17:30.000,2026-06-24 16:17:30.000
2000,aec427ad-5a63-477d-ad08-5a1977cab1b3,CASE-000500,3740,INVESTIGATION,HIGH,INVESTIGATION - Company 4584,Case opened based on risk alerts,0.00,0,0,CLOSED,CLEARED,analyst_7,manager_5,2026-05-25 16:17:32.000,2026-07-24,2026-06-24 16:17:30.000,true,2026-06-24,SAR-2026-02000,2026-06-24 16:17:30.000,2026-06-24 16:17:30.000
1560,"5e072104-7754-4de1-a84a-00e9d5265d75",CASE-000060,1646,EDD_REVIEW,HIGH,EDD_REVIEW - Company 3386,Case opened based on risk alerts,17.90,1,1,CLOSED,ACCOUNT_CLOSED,analyst_2,manager_1,2026-05-25 16:17:32.000,2026-07-24,2026-06-24 16:17:30.000,true,2026-06-24,SAR-2026-01560,2026-06-24 16:17:30.000,2026-06-24 16:17:30.000
1620,"8cc5190f-6b65-45b5-87bc-62bf36ee559b",CASE-000120,4362,EDD_REVIEW,HIGH,EDD_REVIEW - Company 1290,Case opened based on risk alerts,4313.72,1,1,OPEN,,analyst_6,manager_4,2026-05-25 16:17:32.000,2026-07-24,,true,2026-06-27,SAR-2026-01620,2026-06-24 16:17:30.000,2026-06-24 16:17:30.000
1740,fa74c288-a512-4f31-9e4d-ab7edef594bc,CASE-000240,2288,EDD_REVIEW,HIGH,EDD_REVIEW - Company 2538,Case opened based on risk alerts,19437.93,2,2,OPEN,,analyst_8,manager_1,2026-05-25 16:17:32.000,2026-07-24,,true,2026-06-27,SAR-2026-01740,2026-06-24 16:17:30.000,2026-06-24 16:17:30.000
1900,"107bb835-0674-422a-ae64-0a2c7f4682bd",CASE-000400,2537,EDD_REVIEW,HIGH,EDD_REVIEW - Company 2435,Case opened based on risk alerts,2190.13,1,1,OPEN,,analyst_4,manager_1,2026-05-25 16:17:32.000,2026-07-24,,true,2026-06-27,SAR-2026-01900,2026-06-24 16:17:30.000,2026-06-24 16:17:30.000
1980,"4b51e770-9540-4bfb-80ae-9c4ce12eabd6",CASE-000480,2765,EDD_REVIEW,HIGH,EDD_REVIEW - Company 1057,Case opened based on risk alerts,30323.56,1,1,OPEN,,analyst_10,manager_3,2026-05-25 16:17:32.000,2026-07-24,,true,2026-06-27,SAR-2026-01980,2026-06-24 16:17:30.000,2026-06-24 16:17:30.000
