label,text
ham,I dont know why she.s not getting your messages
ham,"Wishing you and your family Merry \X\"" mas and HAPPY NEW Year in advance.."""
ham,R u here yet? I'm wearing blue shirt n black pants.
spam,"TheMob>Hit the link to get a premium Pink Panther game, the new no. 1 from Sugababes, a crazy Zebra animation or a badass Hoody wallpaper-all 4 FREE!"
spam,"New Mobiles from 2004, MUST GO! Txt: NOKIA to No: 89545 & collect yours today! From ONLY 1. www.4-tc.biz 2optout 087187262701.50gbp/mtmsg18 TXTAUCTION."
ham,I have to take exam with march 3
ham,Oh did you charge camera
spam,Enjoy the jamster videosound gold club with your credits for 2 new videosounds+2 logos+musicnews! get more fun from jamster.co.uk! 16+only Help? call: 09701213186
ham,Where @
ham,You got job in wipro:)you will get every thing in life in 2 or 3 years.
ham,"Ha ha nan yalrigu heltini..Iyo kothi chikku, u shared many things wit me..so far i didn't told any body and even uttered a word abt u.. If ur trusting me so much how can i tell these to others.. Plz nxt time dont use those words to me..ok, chikku:-);-)B-)"
ham,Thats cool! Sometimes slow and gentle. Sonetimes rough and hard :)
ham,Congrats ! Treat pending.i am not on mail for 2 days.will mail once thru.Respect mother at home.check mails.
ham,Hey whats up? U sleeping all morning?
ham,Yup ok thanx...
ham,There are some nice pubs near here or there is Frankie n Bennys near the warner cinema?
ham,How do you plan to manage that
ham,Still otside le..u come 2morrow maga..
ham,"Sir, Waiting for your mail."
spam,URGENT! We are trying to contact U. Todays draw shows that you have won a 2000 prize GUARANTEED. Call 09066358361 from land line. Claim Y87. Valid 12hrs only
ham,Thinkin about someone is all good. No drugs for that
ham,Hhahhaahahah rofl wtf nig was leonardo in your room or something
ham,"Nothing. I meant that once the money enters your account here, the bank will remove its flat rate. Someone transfered <#> to my account and <#> dollars got removed. So the banks differ and charges also differ.be sure you trust the 9ja person you are sending account details to cos..."
ham,U should have made an appointment
ham,Guess which pub im in? Im as happy as a pig in clover or whatever the saying is!
ham,Maybe you should find something else to do instead???
ham,Good afternoon my boytoy. How goes that walking here and there day ? Did you get that police abstract? Are you still out and about? I wake and miss you babe
spam,Ringtone Club: Get the UK singles chart on your mobile each week and choose any top quality ringtone! This message is free of charge.
ham,Yay! You better not have told that to 5 other girls either.
spam,PRIVATE! Your 2003 Account Statement for 07808247860 shows 800 un-redeemed S. I. M. points. Call 08719899229 Identifier Code: 40411 Expires 06/11/04
spam,Thanks for the Vote. Now sing along with the stars with Karaoke on your mobile. For a FREE link just reply with SING now.
ham,If you have belive me. Come to my home.
ham,Watch lor. I saw a few swatch one i thk quite ok. Ard 116 but i need 2nd opinion leh...
ham,I think the other two still need to get cash but we can def be ready by 9
ham,"Aight, I should be there by 8 at the latest, probably closer to 7. Are jay and tyler down or should we just do two trips?"
ham,ZOE IT JUST HIT ME 2 IM FUCKING SHITIN MYSELF IL DEFO TRY MY HARDEST 2 CUM 2MOROW LUV U MILLIONS LEKDOG
ham,Ok. But i finish at 6.
ham,Those were my exact intentions
ham,U free on sat rite? U wan 2 watch infernal affairs wif me n darren n mayb xy?
ham,Leave it de:-). Start Prepare for next:-)..
ham,Bognor it is! Should be splendid at this time of year.
ham,Miserable. They don't tell u that the side effects of birth control are massive gut wrenching cramps for the first 2 months. I didn't sleep at all last night.
ham,Can. Dunno wat to get 4 her...
ham,Hmm ill have to think about it... ok you're forgiven! =D
ham,HI DARLIN ITS KATE ARE U UP FOR DOIN SOMETHIN TONIGHT? IM GOING TO A PUB CALLED THE SWAN OR SOMETHING WITH MY PARENTS FOR ONE DRINK SO PHONE ME IF U CAN
spam,FreeMsg:Feelin kinda lnly hope u like 2 keep me company! Jst got a cam moby wanna c my pic?Txt or reply DATE to 82242 Msg150p 2rcv Hlp 08712317606 stop to 82242
ham,Yes i think so. I am in office but my lap is in room i think thats on for the last few days. I didnt shut that down
ham,"Okey dokey, i ll be over in a bit just sorting some stuff out."
ham,Where's my boytoy? I miss you ... What happened?
ham,"Sorry, I'll call later"
ham,"Yeah, we got one lined up for us"
ham,How did you find out in a way that didn't include all of these details
ham,Haven't heard anything and he's not answering my texts so I'm guessing he flaked. That said the jb is fantastic
ham,Glad to see your reply.
ham,It will stop on itself. I however suggest she stays with someone that will be able to give ors for every stool.
ham,Dont pick up d call when something important is There to tell. Hrishi
ham,Hey next sun 1030 there's a basic yoga course... at bugis... We can go for that... Pilates intro next sat.... Tell me what time you r free
ham,You are not bothering me but you have to trust my answers. Pls.
ham,Leave it wif me lar... wan to carry meh so heavy... Is da num 98321561 familiar to _?
ham,I need... Coz i never go before
ham,Yes see ya not on the dot
ham,Kinda. First one gets in at twelve! Aah. Speak tomo
spam,We tried to contact you re your reply to our offer of a Video Handset? 750 anytime networks mins? UNLIMITED TEXT? Camcorder? Reply or call 08000930705 NOW
ham,"G says you never answer your texts, confirm/deny"
spam,Marvel Mobile Play the official Ultimate Spider-man game ( 4.50) on ur mobile right now. Text SPIDER to 83338 for the game & we ll send u a FREE 8Ball wallpaper
spam,"Bored of speed dating? Try SPEEDCHAT, txt SPEEDCHAT to 80155, if you don't like em txt SWAP and get a new chatter! Chat80155 POBox36504W45WQ 150p/msg rcd 16"
ham,Long time. You remember me today.
spam,SplashMobile: Choose from 1000s of gr8 tones each wk! This is a subscrition service with weekly tones costing 300p. U have one credit - kick back and ENJOY
ham,"Thank you so much. When we skyped wit kz and sura, we didnt get the pleasure of your company. Hope you are good. We've given you ultimatum oh! We are countin down to aburo. Enjoy!"
ham,Thank You meet you monday
ham,HEY GIRL. HOW R U? HOPE U R WELL ME AN DEL R BAK! AGAIN LONG TIME NO C! GIVE ME A CALL SUM TIME FROM LUCYxx
ham,Sorry for the delay. Yes masters
ham,Sorry da..today i wont come to play..i have driving clas..
ham,"Nimbomsons. Yep phone knows that one. Obviously, cos thats a real word"
ham,Tell where you reached
ham,Today am going to college so am not able to atten the class.
ham,"Found it, ENC <#> , where you at?"
ham,K I'll be there before 4.
ham,Wanna do some art?! :D
ham,Yes:)from last week itself i'm taking live call.
spam,This message is brought to you by GMW Ltd. and is not connected to the
ham,K I'll call you when I'm close
ham,Am on the uworld site. Am i buying the qbank only or am i buying it with the self assessment also?
ham,Oh shut it. Omg yesterday I had a dream that I had 2 kids both boys. I was so pissed. Not only about the kids but them being boys. I even told mark in my dream that he was changing diapers cause I'm not getting owed in the face.
ham,HCL chennai requires FRESHERS for voice process.Excellent english needed.Salary upto <#> .Call Ms.Suman <#> for Telephonic interview -via Indyarocks.com
ham,Purity of friendship between two is not about smiling after reading the forwarded message..Its about smiling just by seeing the name. Gud evng
spam,Free entry in 2 a weekly comp for a chance to win an ipod. Txt POD to 80182 to get entry (std txt rate) T&C's apply 08452810073 for details 18+
ham,"True. It is passable. And if you get a high score and apply for phd, you get 5years of salary. So it makes life easier."
ham,Nope... Juz off from work...
ham,I just lov this line: \Hurt me with the truth
ham,Que pases un buen tiempo or something like that
ham,Company is very good.environment is terrific and food is really nice:)
ham,Well boy am I glad G wasted all night at applebees for nothing
ham,I am not at all happy with what you saying or doing
ham,No da..today also i forgot..
ham,Dude just saw a parked car with its sunroof popped up. Sux
ham,Shall call now dear having food
spam,"Today's Offer! Claim ur 150 worth of discount vouchers! Text YES to 85023 now! SavaMob, member offers mobile! T Cs 08717898035. 3.00 Sub. 16 . Unsub reply X"
ham,Two teams waiting for some players
ham,No da if you run that it activate the full version da.
ham,I cant pick the phone right now. Pls send a message
spam,PRIVATE! Your 2003 Account Statement for shows 800 un-redeemed S. I. M. points. Call 08718738002 Identifier Code: 48922 Expires 21/11/04
spam,Sunshine Quiz Wkly Q! Win a top Sony DVD player if u know which country Liverpool played in mid week? Txt ansr to 82277. 1.50 SP:Tyrone
ham,Your account has been refilled successfully by INR <DECIMAL> . Your KeralaCircle prepaid account balance is Rs <DECIMAL> . Your Transaction ID is KR <#> .
ham,"Hello baby, did you get back to your mom's ? Are you setting up the computer now ? Filling your belly ? How goes it loverboy ? I miss you already ... *sighs*"
ham,"Get the door, I'm here"
spam,"44 7732584351, Do you want a New Nokia 3510i colour phone DeliveredTomorrow? With 300 free minutes to any mobile + 100 free texts + Free Camcorder reply or call 08000930705."
ham,Compliments to you. Was away from the system. How your side.
ham,i can call in <#> min if thats ok
ham,Ok... But they said i've got wisdom teeth hidden inside n mayb need 2 remove.
ham,Ill call you evening ill some ideas.
ham,Ha! I wouldn't say that I just didn't read anything into way u seemed. I don't like 2 be judgemental....i save that for fridays in the pub!
ham,Hmm...Bad news...Hype park plaza $700 studio taken...Only left 2 bedrm-$900...
ham,East coast
ham,Yeah that's the impression I got
ham,O we cant see if we can join denis and mina? Or does denis want alone time
ham,I'm on my way home. Went to change batt 4 my watch then go shop a bit lor.
spam,Congrats! Nokia 3650 video camera phone is your Call 09066382422 Calls cost 150ppm Ave call 3mins vary from mobiles 16+ Close 300603 post BCM4284 Ldn WC1N3XX
ham,I am in escape theatre now. . Going to watch KAVALAN in a few minutes
ham,Well she's in for a big surprise!
ham,I'm always looking for an excuse to be in the city.
ham,I calls you later. Afternoon onwords mtnl service get problem in south mumbai. I can hear you but you cann't listen me.
ham,Thanx a lot 4 ur help!
ham,Pls what's the full name of joke's school cos fees in university of florida seem to actually be <#> k. Pls holla back
ham,Awww dat is sweet! We can think of something to do he he! Have a nice time tonight ill probably txt u later cos im lonely :( xxx.
spam,WIN a year supply of CDs 4 a store of ur choice worth 500 & enter our 100 Weekly draw txt MUSIC to 87066 Ts&Cs www.Ldew.com.subs16+1win150ppmx3
ham,Lol great now im getting hungry.
ham,"Neither [in sterm voice] - i'm studying. All fine with me! Not sure the thing will be resolved, tho. Anyway. Have a fab hols"
ham,So i'm doing a list of buyers.
ham,Sorry i cant take your call right now. It so happens that there r 2waxsto do wat you want. She can come and ill get her medical insurance. And she'll be able to deliver and have basic care. I'm currently shopping for the right medical insurance for her. So just give me til friday morning. Thats when i.ll see the major person that can guide me to the right insurance.
ham,"K I'm leaving soon, be there a little after 9"
ham,I'll let you know when it kicks in
ham,Is that on the telly? No its Brdget Jones!
spam,Free Top ringtone -sub to weekly ringtone-get 1st week free-send SUBPOLY to 81618-?3 per week-stop sms-08718727870
ham,Book which lesson? then you msg me... I will call up after work or sth... I'm going to get specs. My membership is PX3748
ham,Love that holiday Monday feeling even if I have to go to the dentists in an hour
ham,I'm not sure if its still available though
ham,Ok lor.
ham,Total video converter free download type this in google search:)
ham,"I don't know, same thing that's wrong everyso often, he panicks starts goin on bout not bein good enough _"
ham,"Nope. Since ayo travelled, he has forgotten his guy"
ham,Lul im gettin some juicy gossip at the hospital. Two nurses are talking about how fat they are gettin. And one thinks shes obese. Oyea.
spam,EASTENDERS TV Quiz. What FLOWER does DOT compare herself to? D= VIOLET E= TULIP F= LILY txt D E or F to 84025 NOW 4 chance 2 WIN 100 Cash WKENT/150P16+
ham,You got called a tool?
ham,Hey you can pay. With salary de. Only <#> .
ham,Huh but i cant go 2 ur house empty handed right?
ham,\CHA QUITEAMUZING THAT SCOOL BABE
ham,Shall i come to get pickle
spam,How about getting in touch with folks waiting for company? Just txt back your NAME and AGE to opt in! Enjoy the community (150p/SMS)
ham,Why you Dint come with us.
ham,"My painful personal thought- \I always try to keep everybody happy all the time. But nobody recognises me when i am alone\"""""
spam,Ur balance is now 500. Ur next question is: Who sang 'Uptown Girl' in the 80's ? 2 answer txt ur ANSWER to 83600. Good luck!
ham,No we sell it all so we'll have tons if coins. Then sell our coins to someone thru paypal. Voila! Money back in life pockets:)
ham,See the forwarding message for proof
ham,is your hamster dead? Hey so tmr i meet you at 1pm orchard mrt?
spam,"URGENT! Your Mobile No 07808726822 was awarded a 2,000 Bonus Caller Prize on 02/09/03! This is our 2nd attempt to contact YOU! Call 0871-872-9758 BOX95QU"
ham,Then she dun believe wat?
ham,HI DARLIN IVE JUST GOT BACK AND I HAD A REALLY NICE NIGHT AND THANKS SO MUCH FOR THE LIFT SEE U TOMORROW XXX
ham,"Abeg, make profit. But its a start. Are you using it to get sponsors for the next event?"
ham,Indeed and by the way it was either or - not both !
ham,I don't quite know what to do. I still can't get hold of anyone. I cud pick you up bout 7.30pm and we can see if they're in the pub?
spam,"SMS SERVICES. for your inclusive text credits, pls goto www.comuk.net login= ***** unsubscribe with STOP. no extra charge. help:08700469649. PO BOX420. IP4 5WE"
ham,"Ok that would b lovely, if u r sure. Think about wot u want to do, drinkin, dancin, eatin, cinema, in, out, about... Up to u! Wot about ?"
ham,Maybe?! Say hi to and find out if got his card. Great escape or wetherspoons?
ham,Eh u remember how 2 spell his name... Yes i did. He v naughty make until i v wet.
ham,"wow. You're right! I didn't mean to do that. I guess once i gave up on boston men and changed my search location to nyc, something changed. Cuz on my signin page it still says boston."
ham,Ok... The theory test? when are _ going to book? I think it's on 21 may. Coz thought wanna go out with jiayin. But she isnt free
ham,"House-Maid is the murderer, coz the man was murdered on <#> th January.. As public holiday all govt.instituitions are closed,including post office.."
ham,That's a shame! Maybe cld meet for few hrs tomo?
ham,No no. I will check all rooms befor activities
ham,Jesus armand really is trying to tell everybody he can find
ham,Lol! Oops sorry! Have fun.
ham,"K so am I, how much for an 8th? Fifty?"
ham,That's good. Lets thank God. Please complete the drug. Have lots of water. And have a beautiful day.
ham,"Lol, oh you got a friend for the dog ?"
ham,I not at home now lei...
spam,"Mila, age23, blonde, new in UK. I look sex with UK guys. if u like fun with me. Text MTALK to 69866.18 . 30pp/txt 1st 5free. 1.50 increments. Help08718728876"
ham,I was gonna ask you lol but i think its at 7
ham,I will vote for wherever my heart guides me
ham,Cool. So how come you havent been wined and dined before?
ham,K.k:)advance happy pongal.
ham,But am going to college pa. What to do. are else ill come there it self. Pa.
ham,DO NOT B LATE LOVE MUM
ham,"_ we r stayin here an extra week, back next wed. How did we do in the rugby this weekend? Hi to and and , c u soon \"" ham"""
ham,Carlos says we can pick up from him later so yeah we're set
ham,I can't believe how attached I am to seeing you every day. I know you will do the best you can to get to me babe. I will go to teach my class at your midnight
ham,Oh ok.. Wat's ur email?
ham,K.k:)i'm going to tirunelvali this week to see my uncle ..i already spend the amount by taking dress .so only i want money.i will give it on feb 1
ham,I tagged MY friends that you seemed to count as YOUR friends.
ham,"\Hey! do u fancy meetin me at 4 at cha hav a lil beverage on me. if not txt or ring me and we can meet up l8r. quite tired got in at 3 v.pist ;) love Pete x x x\"""""
ham,Mm feeling sleepy. today itself i shall get that dear
ham,"Nothing really, just making sure everybody's up to speed"
ham,predict wat time _'ll finish buying?
ham,Babe ! What are you doing ? Where are you ? Who are you talking to ? Do you think of me ? Are you being a good boy? Are you missing me? Do you love me ?
ham,Are you still getting the goods.
ham,S.i'm watching it in live..
ham,I love you both too :-)
ham,Ya even those cookies have jelly on them
ham,Or _ go buy wif him then i meet _ later can?
ham,"Its so common hearin How r u? Wat r u doing? How was ur day? So let me ask u something different. Did u smile today? If not, do it now.... Gud evng."
ham,"How about clothes, jewelry, and trips?"
spam,PRIVATE! Your 2003 Account Statement for 07753741225 shows 800 un-redeemed S. I. M. points. Call 08715203677 Identifier Code: 42478 Expires 24/10/04
spam,Double your mins & txts on Orange or 1/2 price linerental - Motorola and SonyEricsson with B/Tooth FREE-Nokia FREE Call MobileUpd8 on 08000839402 or2optout/HV9D
ham,If you are not coughing then its nothing
ham,At what time are you coming.
ham,"I sent my scores to sophas and i had to do secondary application for a few schools. I think if you are thinking of applying, do a research on cost also. Contact joke ogunrinde, her school is one me the less expensive ones"
ham,I (Career Tel) have added u as a contact on INDYAROCKS.COM to send FREE SMS. To remove from phonebook - sms NO to <#>
ham,I've got it down to a tea. not sure which flavour
ham,Good morning. At the repair shop--the ONLY reason i'm up at this hour.
spam,Would you like to see my XXX pics they are so hot they were nearly banned in the uk!
spam,Had your mobile 11mths ? Update for FREE to Oranges latest colour camera mobiles & unlimited weekend calls. Call Mobile Upd8 on freefone 08000839402 or 2StopTx
ham,Darren was saying dat if u meeting da ge den we dun meet 4 dinner. Cos later u leave xy will feel awkward. Den u meet him 4 lunch lor.
ham,Hey ! Don't forget ... You are MINE ... For ME ... My possession ... MY property ... MMM ... *childish smile* ...
ham,My darling sister. How are you doing. When's school resuming. Is there a minimum wait period before you reapply? Do take care
ham,I think its far more than that but find out. Check google maps for a place from your dorm.
spam,Someonone you know is trying to contact you via our dating service! To find out who it could be call from your mobile or landline 09064015307 BOX334SK38ch
ham,Then any special there?
ham,We got a divorce. Lol. She.s here
ham,Sorry i din lock my keypad.
ham,Im good! I have been thinking about you...
ham,Sorry i missed your call. Can you please call back.
ham,And I don't plan on staying the night but I prolly won't be back til late
ham,"naughty little thought: 'its better to flirt, flirt n flirt, rather than loving someone n gettin hurt, hurt n hurt...:-) Gud nyt"
ham,Ma head dey swell oh. Thanks for making my day
ham,Sorry . I will be able to get to you. See you in the morning.
ham,Quite late lar... Ard 12 anyway i wun b drivin...
ham,Dont worry. I guess he's busy.
ham,So u wan 2 come for our dinner tonight a not?
ham,Dear where you will be when i reach there
spam,You have won a guaranteed 200 award or even 1000 cashto claim UR award call free on 08000407165 (18+) 2 stop getstop on 88222 PHP. RG21 4JX
ham,"Babe, I'm back ... Come back to me ..."
ham,MY NEW YEARS EVE WAS OK. I WENT TO A PARTY WITH MY BOYFRIEND. WHO IS THIS SI THEN HEY
spam,You are a winner U have been specially selected 2 receive 1000 or a 4* holiday (flights inc) speak to a live operator 2 claim 0871277810910p/min (18+)
ham,I'll meet you in the lobby
ham,Ok. There may be a free gym about.
ham,Good night. Am going to sleep.
ham,Just woke up. Yeesh its late. But I didn't fall asleep til <#> am :/
ham,You have registered Sinco as Payee. Log in at icicibank.com and enter URN <#> to confirm. Beware of frauds. Do NOT share or disclose URN to anyone.
ham,"Well, i'm gonna finish my bath now. Have a good...fine night."
ham,Sorry da thangam.it's my mistake.
ham,"\OH FUCK. JUSWOKE UP IN A BED ON A BOATIN THE DOCKS. SLEPT WID 25 YEAR OLD. SPINOUT! GIV U DA GOSSIP L8R. XXX\"""""
ham,It's justbeen overa week since we broke up and already our brains are going to mush!
ham,"Now u sound like manky scouse boy steve,like! I is travelling on da bus home.wot has u inmind 4 recreation dis eve?"
ham,i want to grasp your pretty booty :)
ham,"I wake up long ago already... Dunno, what other thing?"
ham,HI BABE IM AT HOME NOW WANNA DO SOMETHING? XX
ham,Full heat pa:-) i have applyed oil pa.
ham,Hey i will be late... i'm at amk. Need to drink tea or coffee
ham,Then dun wear jeans lor...
ham,"chile, please! It's only a <DECIMAL> hour drive for me. I come down all the time and will be subletting feb-april for audition season."
ham,I'll talk to the others and probably just come early tomorrow then
ham,How's it feel? Mr. Your not my real Valentine just my yo Valentine even tho u hardly play!!
ham,The beauty of life is in next second.. which hides thousands of secrets. I wish every second will be wonderful in ur life...!! gud n8
ham,"Superb Thought- \Be grateful that u dont have everything u want. That means u still have an opportunity to be happier tomorrow than u are today.\"":-)"""
ham,"Em, its olowoyey@ usc.edu have a great time in argentina. Not sad about secretary, everything is a blessing"
ham,We live in the next <#> mins
ham,Hmm thinking lor...
ham,Probably money worries. Things are coming due and i have several outstanding invoices for work i did two and three months ago.
spam,"FreeMSG You have been awarded a FREE mini DIGITAL CAMERA, just reply SNAP to collect your prize! (quizclub Opt out? Stop 80122300p/wk SP:RWM Ph:08704050406)"
ham,Check audrey's status right now
ham,"Oh... I was thkin of goin yogasana at 10 den no nd to go at 3 den can rush to parco 4 nb... Okie lor, u call me when ready..."
ham,Howz that persons story
spam,"FreeMsg Hey there darling it's been 3 week's now and no word back! I'd like some fun you up for it still? Tb ok! XxX std chgs to send, 1.50 to rcv"
spam,"Free entry to the gr8prizes wkly comp 4 a chance to win the latest Nokia 8800, PSP or 250 cash every wk.TXT GREAT to 80878 http//www.gr8prizes.com 08715705022"
ham,"Haha awesome, be there in a minute"
ham,Hello- thanx for taking that call. I got a job! Starts on monday!
spam,PRIVATE! Your 2004 Account Statement for 07742676969 shows 786 unredeemed Bonus Points. To claim call 08719180248 Identifier Code: 45239 Expires
ham,Oops I was in the shower when u called. Hey a parking garage collapsed at university hospital. See I'm not crazy. Stuff like that DOES happen.
ham,"They can try! They can get lost, in fact. Tee hee"
ham,Yeah he got in at 2 and was v apologetic. n had fallen out and she was actin like spoilt child and he got caught up in that. Till 2! But we won't go there! Not doing too badly cheers. You?
ham,Hanging out with my brother and his family
ham,Hey anyway i have to :-)
spam,Sunshine Quiz! Win a super Sony DVD recorder if you canname the capital of Australia? Text MQUIZ to 82277. B
ham,I've reached already.
ham,"Just so that you know,yetunde hasn't sent money yet. I just sent her a text not to bother sending. So its over, you dont have to involve yourself in anything. I shouldn't have imposed anything on you in the first place so for that, i apologise."
ham,"No idea, I guess we'll work that out an hour after we're supposed to leave since as usual nobody has any interest in figuring shit out before the last second"
ham,"I think we're going to finn's now, come"
ham,"Hi, my love! How goes that day? Fuck, this morning I woke and dropped my cell on the way down the stairs but it seems alright ... *phews* I miss you !"
ham,"He has lots of used ones babe, but the model doesn't help. Youi have to bring it over and he'll match it up"
ham,New car and house for my parents.:)i have only new job in hand:)
ham,somewhere out there beneath the pale moon light someone think in of u some where out there where dreams come true... goodnite & sweet dreams
ham,"K I'll head out in a few mins, see you there"
ham,How do friends help us in problems? They give the most stupid suggestion that Lands us into another problem and helps us forgt the previous problem
ham,What happened to our yo date?
ham,She left it very vague. She just said she would inform the person in accounting about the delayed rent and that i should discuss with the housing agency about my renting another place. But checking online now and all places around usc are <#> and up
ham,Where at were hungry too
ham,Networking technical support associate.
ham,Not..tel software name..
spam,You have WON a guaranteed 1000 cash or a 2000 prize. To claim yr prize call our customer service representative on 08714712379 between 10am-7pm Cost 10p
ham,Now am free call me pa.
ham,You didn't have to tell me that...now i'm thinking. Plus he's going to stop all your runs
ham,U r too much close to my heart. If u go away i will be shattered. Plz stay with me.
spam,"FreeMsg Why haven't you replied to my text? I'm Randy, sexy, female and live local. Luv to hear from u. Netcollex Ltd 08700621170150p per msg reply Stop to end"
ham,What is important is that you prevent dehydration by giving her enough fluids
ham,bot notes oredi... Cos i juz rem i got...
ham,Tell rob to mack his gf in the theater
ham,You are a big chic. Common. Declare
ham,Let me know when you've got the money so carlos can make the call
ham,Y?WHERE U AT DOGBREATH? ITS JUST SOUNDING LIKE JAN C THAT S AL!!!!!!!!!
ham,"Sorry, I'll call later in meeting any thing related to trade please call Arul. <#>"
ham,U repeat e instructions again. Wat's e road name of ur house?
ham,How much is torch in 9ja.
ham,Hiya. How was last night? I've been naughty and bought myself clothes and very little ... Ready for more shopping tho! What kind of time do you wanna meet?
ham,Same as kallis dismissial in 2nd test:-).
ham,No da. I am happy that we sit together na
ham,Tension ah?what machi?any problem?
ham,I wil be there with in <#> minutes. Got any space
ham,Hi babe its me thanks for coming even though it didnt go that well!i just wanted my bed! Hope to see you soon love and kisses xxx
ham,I'm coming back on Thursday. Yay. Is it gonna be ok to get the money. Cheers. Oh yeah and how are you. Everything alright. Hows school. Or do you call it work now
ham,Huh y lei...
ham,Happy New year my dear brother. I really do miss you. Just got your number and decided to send you this text wishing you only happiness. Abiola
ham,"Dont worry, 1 day very big lambu ji vl come..til then enjoy batchlor party:-)"
ham,India have to take lead:)
ham,No. To be nosy I guess. Idk am I over reacting if I'm freaked?
ham,You're gonna have to be way more specific than that
ham,Yeah confirmed for you staying at that weekend
ham,Nope... C _ then...
ham,Okay same with me. Well thanks for the clarification
ham,Doing project w frens lor.
ham,In which place do you want da.
ham,How much for an eighth?
ham,Gud ni8.swt drms.take care
ham,"Sorry man, accidentally left my phone on silent last night and didn't check it til I got up"
ham,Give me a sec to think think about it
spam,Congratulations ur awarded either 500 of CD gift vouchers & Free entry 2 our 100 weekly draw txt MUSIC to 87066 TnCs www.Ldew.com 1 win150ppmx3age16
ham,I taught that Ranjith sir called me. So only i sms like that. Becaus hes verifying about project. Prabu told today so only pa dont mistake me..
ham,Boo. How's things? I'm back at home and a little bored already :-(
ham,You bad girl. I can still remember them
ham,Kaiez... Enjoy ur tuition... Gee... Thk e second option sounds beta... I'll go yan jiu den msg u...
ham,So how are you really. What are you up to. How's the masters. And so on.
ham,How are you doing? Hope you've settled in for the new school year. Just wishin you a gr8 day
ham,"I've got <#> , any way I could pick up?"
ham,on a Tuesday night r u 4 real
ham,"Think i might have to give it a miss. Am teaching til twelve, then have lecture at two. Damn this working thing."
ham,How abt making some of the pics bigger?
ham,U wan 2 haf lunch i'm in da canteen now.
ham,I dont know exactly could you ask chechi.
ham,Alright i have a new goal now
ham,Tell dear what happen to you. Why you talking to me like an alian
ham,Water logging in desert. Geoenvironmental implications.
spam,"Hello darling how are you today? I would love to have a chat, why dont you tell me what you look like and what you are in to sexy?"
ham,Anything lar then _ not going home 4 dinner?
ham,"Ups which is 3days also, and the shipping company that takes 2wks. The other way is usps which takes a week but when it gets to lag you may have to bribe nipost to get your stuff."
ham,Do you know when dad will be back?
ham,"Haha, just what I was thinkin"
ham,We have pizza if u want
ham,Mmmmmmm *snuggles into you* ...*deep contented sigh* ... *whispers* ... I fucking love you so much I can barely stand it ...
spam,Please call our customer service representative on 0800 169 6031 between 10am-9pm as you have WON a guaranteed 1000 cash or 5000 prize!
ham,Can i get your opinion on something first?
spam,u r a winner U ave been specially selected 2 receive 1000 cash or a 4* holiday (flights inc) speak to a live operator 2 claim 0871277810710p/min (18 )
ham,And also I've sorta blown him off a couple times recently so id rather not text him out of the blue looking for weed
ham,I'm glad. You are following your dreams.
ham,I'm home. Doc gave me pain meds says everything is fine.
ham,Hi happy birthday. Hi hi hi hi hi hi hi
ham,Pls confirm the time to collect the cheque.
ham,Please tell me not all of my car keys are in your purse
ham,Do you like shaking your booty on the dance floor?
ham,"Yes, i'm small kid.. And boost is the secret of my energy.."
spam,U are subscribed to the best Mobile Content Service in the UK for 3 per ten days until you send STOP to 83435. Helpline 08706091795.
ham,This single single answers are we fighting? Plus i said am broke and you didnt reply
ham,Thanx but my birthday is over already.
ham,It shall be fine. I have avalarr now. Will hollalater
spam,Summers finally here! Fancy a chat or flirt with sexy singles in yr area? To get MATCHED up just reply SUMMER now. Free 2 Join. OptOut txt STOP Help08714742804
ham,Yo you guys ever figure out how much we need for alcohol? Jay and I are trying to figure out how much we can safely spend on weed
ham,U really pig leh sleep so much. My dad wake me up at 10 smth 2 eat lunch today.
ham,"Say this slowly.? GOD,I LOVE YOU & I NEED YOU,CLEAN MY HEART WITH YOUR BLOOD.Send this to Ten special people & u c miracle tomorrow, do it,pls,pls do it..."
ham,Get ready for <#> inches of pleasure...
ham,Ok i go change also...
ham,Hello my little party animal! I just thought I'd buzz you as you were with your friends ...*grins*... Reminding you were loved and send a naughty adoring kiss
ham,Its sarcasm.. .nt scarcasim
ham,Ok...
ham,"see, i knew giving you a break a few times woul lead to you always wanting to miss curfew. I was gonna gibe you 'til one, but a MIDNIGHT movie is not gonna get out til after 2. You need to come home. You need to getsleep and, if anything, you need to b studdying ear training."
ham,Oops i thk i dun haf enuff... I go check then tell _..
ham,"So you think i should actually talk to him? Not call his boss in the morning? I went to this place last year and he told me where i could go and get my car fixed cheaper. He kept telling me today how much he hoped i would come back in, how he always regretted not getting my number, etc."
spam,CALL 09090900040 & LISTEN TO EXTREME DIRTY LIVE CHAT GOING ON IN THE OFFICE RIGHT NOW TOTAL PRIVACY NO ONE KNOWS YOUR [sic] LISTENING 60P MIN 24/7MP 0870753331018+
ham,Dear :-/ why you mood off. I cant drive so i brother to drive
ham,On the way to office da..
ham,Great comedy..cant stop laughing da:)
ham,"Good afternoon sunshine! How dawns that day ? Are we refreshed and happy to be alive? Do we breathe in the air and smile ? I think of you, my love ... As always"
ham,K.k..how is your sister kids?
ham,Short But Cute: \Be a good person
ham,Are you this much buzy
ham,I'm doing da intro covers energy trends n pros n cons... Brief description of nuclear fusion n oso brief history of iter n jet got abt 7 n half pages..
ham,Come to mahal bus stop.. <DECIMAL>
ham,"That's cool, I'll come by like <#> ish"
spam,"all the lastest from Stereophonics, Marley, Dizzee Racal, Libertines and The Strokes! Win Nookii games with Flirt!! Click TheMob WAP Bookmark or text WAP to 82468"
ham,Boy; I love u Grl: Hogolo Boy: gold chain kodstini Grl: Agalla Boy: necklace madstini Grl: agalla Boy: Hogli 1 mutai eerulli kodthini! Grl: I love U kano;-)
spam,"I want some cock! My hubby's away, I need a real man 2 satisfy me. Txt WIFE to 89938 for no strings action. (Txt STOP 2 end, txt rec 1.50ea. OTBox 731 LA1 7WS. )"
ham,Tired. I haven't slept well the past few nights.
spam,PRIVATE! Your 2003 Account Statement for shows 800 un-redeemed S. I. M. points. Call 08715203652 Identifier Code: 42810 Expires 29/10/0
ham,I'm fine. Hope you are also
spam,"cmon babe, make me horny, *turn* me on! Txt me your fantasy now babe -) Im hot, sticky and need you now. All replies cost 1.50. 2 cancel send STOP"
ham,"Kate jackson rec center before 7ish, right?"
ham,Don't necessarily expect it to be done before you get back though because I'm just now headin out
ham,So _ pay first lar... Then when is da stock comin...
ham,Daddy will take good care of you :)
ham,When can _ come out?
ham,"Jay wants to work out first, how's 4 sound?"
ham,"aight we can pick some up, you open before tonight?"
ham,"Did you say bold, then torch later. Or one torch and 2bold?"
ham,Anything lor but toa payoh got place 2 walk meh...
ham,"Good afternoon, my boytoy ... How are you feeling today ? Better I hope? Are you being my good boy? Are you my obedient, slave? Do you please your Queen?"
ham,"Buzz! Hey, my Love ! I think of you and hope your day goes well. Did you sleep in ? I miss you babe. I long for the moment we are together again*loving smile*"
ham,Ok i juz receive..
ham,What r u cooking me for dinner?
ham,If i not meeting _ all rite then i'll go home lor. If _ dun feel like comin it's ok.
ham,Ew are you one of them?
ham,"Forgot it takes me 3 years to shower, sorry. Where you at/your phone dead yet?"
ham,No * am working on the ringing u thing but have whole houseful of screaming brats so * am pulling my hair out! Loving u
ham,Oh...i asked for fun. Haha...take care. _
ham,"Hmmm ... I thought we said 2 hours slave, not 3 ... You are late ... How should I punish you ?"
ham,Free any day but i finish at 6 on mon n thurs...
ham,"Babe, I need your advice"
ham,"Sure, if I get an acknowledgement from you that it's astoundingly tactless and generally faggy to demand a blood oath fo"
ham,"I'm in a meeting, call me later at"
ham,S:-)if we have one good partnership going we will take lead:)
spam,You have an important customer service announcement from PREMIER. Call FREEPHONE 0800 542 0578 now!
ham,"Haha I heard that, text me when you're around"
ham,I sent your maga that money yesterday oh.
ham,Spending new years with my brother and his family. Lets plan to meet next week. Are you ready to be spoiled? :)
ham,"Depends on quality. If you want the type i sent boye, faded glory, then about 6. If you want ralphs maybe 2"
ham,Who were those people ? Were you in a tour ? I thought you were doing that sofa thing you sent me ? Your curious sugar
ham,No pic. Please re-send.
ham,"I am real, baby! I want to bring out your inner tigress..."
ham,"It s 6 to get in, is that ok?"
ham,Where are you ? What do you do ? How can you stand to be away from me ? Doesn't your heart ache without me ? Don't you wonder of me ? Don't you crave me ?
ham,Later i guess. I needa do mcat study too.
ham,I attended but nothing is there.
ham,"\Thinking of u ;) x\"""""
ham,"A Boy loved a gal. He propsd bt she didnt mind. He gv lv lttrs, Bt her frnds threw thm. Again d boy decided 2 aproach d gal , dt time a truck was speeding towards d gal. Wn it was about 2 hit d girl,d boy ran like hell n saved her. She asked 'hw cn u run so fast?' D boy replied \Boost is d secret of my energy\"" n instantly d girl shouted \""our energy\"" n Thy lived happily 2gthr drinking boost evrydy Moral of d story:- I hv free msgs:D;): gud ni8"""
ham,"I'm done. I'm sorry. I hope your next space gives you everything you want. Remember all the furniture is yours. If i'm not around when you move it, just lock all the locks and leave the key with jenne."
ham,I'm in inside office..still filling forms.don know when they leave me.
ham,I want to sent <#> mesages today. Thats y. Sorry if i hurts
ham,I want to send something that can sell fast. <#> k is not easy money.
ham,Where is it. Is there any opening for mca.
spam,Ur HMV Quiz cash-balance is currently 500 - to maximize ur cash-in now send HMV1 to 86688 only 150p/msg
ham,oh ya... Got hip hop open. Haha i was thinking can go for jazz then zoom to cine... Actually tonight i'm free leh... And there's a kb lesson tonight
ham,Dear good morning how you feeling dear
ham,"My friend just got here and says he's upping his order by a few grams (he's got $ <#> ), when can you get here?"
ham,"Wa, ur openin sentence very formal... Anyway, i'm fine too, juz tt i'm eatin too much n puttin on weight...Haha... So anythin special happened?"
ham,Do you know what Mallika Sherawat did yesterday? Find out now @ <URL>
spam,"449050000301 You have won a 2,000 price! To claim, call 09050000301."
ham,How much is blackberry bold2 in nigeria.
ham,My trip was ok but quite tiring lor. Uni starts today but it's ok 4 me cos i'm not taking any modules but jus concentrating on my final yr project.
ham,Yar lor... How u noe? U used dat route too?
spam,Great NEW Offer - DOUBLE Mins & DOUBLE Txt on best Orange tariffs AND get latest camera phones 4 FREE! Call MobileUpd8 free on 08000839402 NOW! or 2stoptxt T&Cs
ham,"Actually fuck that, just do whatever, do find an excuse to be in tampa at some point before january though"
ham,What * u wearing?
ham,Raviyog Peripherals bhayandar east
ham,I liked the new mobile
ham,"Hurry up, I've been weed-deficient for like three days"
ham,SERIOUSLY. TELL HER THOSE EXACT WORDS RIGHT NOW.
ham,"I'm nt goin, got somethin on, unless they meetin 4 dinner lor... Haha, i wonder who will go tis time..."
ham,Mm yes dear look how i am hugging you both. :-P
ham,I always chat with you. In fact i need money can you raise me?
ham,Haha... can... But i'm having dinner with my cousin...
ham,Yeah whatever lol
ham,"I'll get there at 3, unless you guys want me to come some time sooner"
ham,"\Im on gloucesterroad what are uup to later?\"""""
spam,8007 25p 4 Alfie Moon's Children in Need song on ur mob. Tell ur m8s. Txt TONE CHARITY to 8007 for nokias or POLY CHARITY for polys :zed 08701417012 profit 2 charity
spam,08714712388 between 10am-7pm Cost 10p
ham,Wow v v impressed. Have funs shopping!
ham,How come u got nothing to do?
ham,In e msg jus now. U said thanks for gift.
spam,Want the latest Video handset? 750 anytime any network mins? Half price line rental? Reply or call 08000930705 for delivery tomorrow
ham,Where are the garage keys? They aren't on the bookshelf
ham,Yo come over carlos will be here soon
ham,But i dint slept in afternoon.
ham,"Good stuff, will do."
spam,"FREE MESSAGE Activate your 500 FREE Text Messages by replying to this message with the word FREE For terms & conditions, visit www.07781482378.com"
ham,Ok then no need to tell me anything i am going to sleep good night
ham,"Night has ended for another day, morning has come in a special way. May you smile like the sunny rays and leaves your worries at the blue blue bay. Gud mrng"
ham,How have your little darlings been so far this week? Need a coffee run tomo?Can't believe it's that time of week already _
ham,Are u coming to the funeral home
ham,Theyre doing it to lots of places. Only hospitals and medical places are safe.
ham,What about this one then.
ham,Lol well don't do it without me. We could have a big sale together.
ham,Cheers for the card ... Is it that time of year already?
ham,"No shit, but I wasn't that surprised, so I went and spent the evening with that french guy I met in town here and we fooled around a bit but I didn't let him fuck me"
ham,"I hav almost reached. Call, i m unable to connect u."
ham,I dont have i shall buy one dear
ham,Only 2% students solved this CAT question in 'xam... 5+3+2= <#> 9+2+4= <#> 8+6+3= <#> then 7+2+5=????? Tell me the answer if u r brilliant...1thing.i got d answr.
ham,K:)k:)what are detail you want to transfer?acc no enough?
ham,Try to do something dear. You read something for exams
ham,You available now? I'm like right around hillsborough & <#> th
ham,So how's the weather over there?
ham,I think asking for a gym is the excuse for lazy people. I jog.
ham,Not to worry. I'm sure you'll get it.
ham,Shuhui say change 2 suntec steamboat? U noe where? Where r u now?
ham,Jason says it's cool if we pick some up from his place in like an hour
ham,I love to cuddle! I want to hold you in my strong arms right now...
ham,Did you catch the bus ? Are you frying an egg ? Did you make a tea? Are you eating your mom's left over dinner ? Do you feel my Love ?
ham,I just really need shit before tomorrow and I know you won't be awake before like 6
ham,"Waqt se pehle or naseeb se zyada kisi ko kuch nahi milta,Zindgi wo nahi he jo hum sochte hai Zindgi wo hai jo ham jeetey hai.........."
ham,Unlimited texts. Limited minutes.
ham,Gr8. So how do you handle the victoria island traffic. Plus when's the album due
ham,Ok set let u noe e details later...
ham,I tot u outside cos darren say u come shopping. Of course we nice wat. We jus went sim lim look at mp3 player.
ham,Then why no one talking to me
ham,no home work to do meh...
ham,Thank u!
ham,Dunno lei he neva say...
ham,Oh unintentionally not bad timing. Great. Fingers the trains play along! Will give fifteen min warning.
ham,S.i think he is waste for rr..
ham,Ok I'm gonna head up to usf in like fifteen minutes
ham,Nt yet chikku..simple habba..hw abt u?
ham,Bring tat cd don forget
ham,I dont thnk its a wrong calling between us
ham,"Isn't frnd a necesity in life? imagine urself witout a frnd.. hw'd u feel at ur colleg? wat'll u do wth ur cell? wat abt functions? thnk abt events espe'll cared, missed & irritated u? 4wrd it to all those dear-loving frnds wthout whom u cant live.. I jst did it.. Takecare..:) GOODMORNING"
ham,No way I'm going back there!
ham,Only if you promise your getting out as SOON as you can. And you'll text me in the morning to let me know you made it in ok.
ham,"Funny fact Nobody teaches volcanoes 2 erupt, tsunamis 2 arise, hurricanes 2 sway aroundn no 1 teaches hw 2 choose a wife Natural disasters just happens"
ham,Or ill be a little closer like at the bus stop on the same street
spam,"This is the 2nd time we have tried 2 contact u. U have won the 750 Pound prize. 2 claim is easy, call 087187272008 NOW1! Only 10p per minute. BT-national-rate."
ham,Wa... U so efficient... Gee... Thanx...
ham,Oh gei. That happend to me in tron. Maybe ill dl it in 3d when its out
ham,Right it wasnt you who phoned it was someone with a number like yours!
ham,Lol please do. Actually send a pic of yourself right now. I wanna see. Pose with a comb and hair dryer or something.
ham,\HI BABE UAWAKE?FEELLIKW SHIT.JUSTFOUND OUT VIA ALETTER THATMUM GOTMARRIED 4thNOV.BEHIND OURBACKS FUCKINNICE!SELFISH
spam,LORD OF THE RINGS:RETURN OF THE KING in store NOW!REPLY LOTR by 2 June 4 Chance 2 WIN LOTR soundtrack CDs StdTxtRate. Reply STOP to end txts
ham,Hello hun how ru? Its here by the way. Im good. Been on 2 dates with that guy i met in walkabout so far. We have to meet up soon. Hows everyone else?
spam,Do you want a new Video handset? 750 any time any network mins? UNLIMITED TEXT? Camcorder? Reply or Call now 08000930705 for del Sat AM
ham,I wont get concentration dear you know you are my mind and everything :-)
ham,"Awesome, text me when you're restocked"
ham,"So check your errors and if you had difficulties, do correction."
ham,And by when you're done I mean now
ham,I said its okay. Sorry
ham,Come to medical college at 7pm ......forward it da
spam,Please CALL 08712402902 immediately as there is an urgent message waiting for you.
ham,Ugh. Gotta drive back to sd from la. My butt is sore.
ham,"4 tacos + 1 rajas burrito, right?"
ham,"Did I forget to tell you ? I want you , I need you, I crave you ... But most of all ... I love you my sweet Arabian steed ... Mmmmmm ... Yummy"
ham,You will go to walmart. I.ll stay.
ham,"Yep, the great loxahatchee xmas tree burning of <#> starts in an hour"
ham,"I wonder if your phone battery went dead ? I had to tell you, I love you babe"
ham,Ok lor thanx... in school?
ham,Then mum's repent how?
ham,So what u doing today?
ham,log off 4 wat. It's sdryb8i
ham,Hey i've booked the pilates and yoga lesson already... Haha
ham,Now that you have started dont stop. Just pray for more good ideas and anything i see that can help you guys i.ll forward you a link.
ham,Stop calling everyone saying I might have cancer. My throat hurts to talk. I can't be answering everyones calls. If I get one more call I'm not babysitting on Monday
ham,You still at grand prix?
ham,Same to u...
ham,"Yeah, probably but not sure. Ilol let u know, but personally I wuldnt bother, then again if ur goin to then I mite as well!!"
ham,:( but your not here....
ham,It's ok i wun b angry. Msg u aft i come home tonight.
spam,"To review and KEEP the fantastic Nokia N-Gage game deck with Club Nokia, go 2 www.cnupdates.com/newsletter. unsubscribe from alerts reply with the word OUT"
ham,"Yeah, I'll leave in a couple minutes & let you know when I get to mu"
ham,How much r _ willing to pay?
ham,"life alle mone,eppolum oru pole allalo"
ham,K and you're sure I don't have to have consent forms to do it :V
ham,So now my dad is gonna call after he gets out of work and ask all these crazy questions.
ham,"Hello, As per request from <#> Rs.5 has been transfered to you"
ham,No just send to you. Bec you in temple na.
ham,Have you been practising your curtsey?
ham,Shuhui has bought ron's present it's a swatch watch...
ham,So lets make it saturday or monday as per convenience.
ham,Ryder unsold.now gibbs.
ham,I REALLY NEED 2 KISS U I MISS U MY BABY FROM UR BABY 4EVA
ham,Are you going to wipro interview today?
ham,"Happy or sad , one thing about past is- \Its no more\"" GOOD MORNING :-):-)."""
ham,So wat's da decision?
ham,Wif my family booking tour package.
spam,"You have won ?1,000 cash or a ?2,000 prize! To claim, call09050000327"
ham,\SHIT BABE.. THASA BIT MESSED UP.YEH
spam,Want 2 get laid tonight? Want real Dogging locations sent direct 2 ur mob? Join the UK's largest Dogging Network bt Txting GRAVEL to 69888! Nt. ec2a. 31p.msg@150p
ham,That day you asked about anand number. Why:-)
ham,"Yeah I think my usual guy's still passed out from last night, if you get ahold of anybody let me know and I'll throw down"
ham,"Good afternoon loverboy ! How goes you day ? Any luck come your way? I think of you, sweetie and send my love across the sea to make you smile and happy"
ham,Do you hide anythiing or keeping distance from me
ham,The Xmas story is peace.. The Xmas msg is love.. The Xmas miracle is jesus.. Hav a blessed month ahead & wish U Merry Xmas...
ham,No need lar i go engin? Cos my sis at arts today...
ham,"Alright, we're all set here, text the man"
spam,Talk sexy!! Make new friends or fall in love in the worlds most discreet text dating service. Just text VIP to 83110 and see who you could meet.
ham,"K, can that happen tonight?"
ham,* Am on my way
ham,Thanx u darlin!im cool thanx. A few bday drinks 2 nite. 2morrow off! Take care c u soon.xxx
ham,You sure your neighbors didnt pick it up
ham,\alright babe
spam,"Do you realize that in about 40 years, we'll have thousands of old ladies running around with tattoos?"
ham,Just send a text. We'll skype later.
ham,LOL that would be awesome payback.
ham,Can not use foreign stamps in this country.
ham,"Hey, iouri gave me your number, I'm wylie, ryan's friend"
spam,sports fans - get the latest sports news str* 2 ur mobile 1 wk FREE PLUS a FREE TONE Txt SPORT ON to 8007 www.getzed.co.uk 0870141701216+ norm 4txt/120p
spam,wamma get laid?want real doggin locations sent direct to your mobile? join the UKs largest dogging network. txt dogs to 69696 now!nyt. ec2a. 3lp 1.50/msg.
ham,7 lor... Change 2 suntec... Wat time u coming?
ham,Lol I was gonna last month. I cashed some in but I left <#> just in case. I was collecting more during the week cause they announced it on the blog.
ham,"Tunji, how's the queen? how are you doing. This is just wishing you a great day. Abiola."
ham,"Im in inperialmusic listening2the weirdest track ever by leafcutter john -sounds like insects being molested&someone plumbing,remixed by evil men on acid!"
spam,Send a logo 2 ur lover - 2 names joined by a heart. Txt LOVE NAME1 NAME2 MOBNO eg LOVE ADAM EVE 07123456789 to 87077 Yahoo! POBox36504W45WQ TxtNO 4 no ads 150p.
spam,"Bears Pic Nick, and Tom, Pete and ... Dick. In fact, all types try gay chat with photo upload call 08718730666 (10p/min). 2 stop texts call 08712460324"
ham,Dont think so. It turns off like randomlly within 5min of opening
ham,"Anyway I don't think I can secure anything up here, lemme know if you want me to drive down south and chill"
ham,Sindu got job in birla soft ..
ham,So its to be poking man everyday that they teach you in canada abi! How are you. Just saying hi.
ham,Aiyah ok wat as long as got improve can already wat...
ham,Remind me how to get there and I shall do so
spam,URGENT! We are trying to contact U. Todays draw shows that you have won a 800 prize GUARANTEED. Call 09050001295 from land line. Claim A21. Valid 12hrs only
ham,"Awesome, plan to get here any time after like <#> , I'll text you details in a wee bit"
ham,O. Well uv causes mutations. Sunscreen is like essential thesedays
ham,<#> great loxahatchee xmas tree burning update: you can totally see stars here
ham,How is it possible to teach you. And where.
ham,So gd got free ice cream... I oso wan...
ham,Oh yeah clearly it's my fault
ham,"Christmas is An occasion that is Celebrated as a Reflection of UR... Values..., Desires..., Affections...& Traditions.... Have an ideal Christmas..."
spam,"FREE2DAY sexy St George's Day pic of Jordan!Txt PIC to 89080 dont miss out, then every wk a saucy celeb!4 more pics c PocketBabe.co.uk 0870241182716 3/wk"
ham,How long does it take to get it.
ham,"sir, you will receive the account no another 1hr time. Sorry for the delay."
spam,Reply with your name and address and YOU WILL RECEIVE BY POST a weeks completely free accommodation at various global locations www.phb1.com ph:08700435505150p
ham,What you need. You have a person to give na.
ham,You have to pls make a note of all she.s exposed to. Also find out from her school if anyone else was vomiting. Is there a dog or cat in the house? Let me know later.
ham,Are you plans with your family set in stone ?
ham,God bless.get good sleep my dear...i will pray!
ham,"K I'm ready, <#> ?"
ham,"Set a place for me in your heart and not in your mind, as the mind easily forgets but the heart will always remember. Wish you Happy Valentines Day!"
ham,Aiyah u did ok already lar. E nydc at wheellock?
ham,Tell them u have a headache and just want to use 1 hour of sick time.
ham,Yar lor wait 4 my mum 2 finish sch then have lunch lor... I whole morning stay at home clean my room now my room quite clean... Hee...
ham,I want to tell you how bad I feel that basically the only times I text you lately are when I need drugs
ham,"I dun thk i'll quit yet... Hmmm, can go jazz ? Yogasana oso can... We can go meet em after our lessons den..."
ham,I'm in school now n i'll be in da lab doing some stuff give me a call when _ r done.
ham,"Yes, princess. Are you going to make me moan?"
ham,Do u noe wat time e place dat sells 4d closes?
ham,Lol ok. I'll snatch her purse too.
spam,+449071512431 URGENT! This is the 2nd attempt to contact U!U have WON 1250 CALL 09071512433 b4 050703 T&CsBCM4235WC1N3XX. callcost 150ppm mobilesvary. max 7. 50
spam,Please call Amanda with regard to renewing or upgrading your current T-Mobile handset free of charge. Offer ends today. Tel 0845 021 3680 subject to T's and C's
ham,Its ok..come to my home it vl nice to meet and v can chat..
ham,Watching tv lor... Y she so funny we bluff her 4 wat. Izzit because she thk it's impossible between us?
ham,Will be office around 4 pm. Now i am going hospital.
spam,Ur ringtone service has changed! 25 Free credits! Go to club4mobiles.com to choose content now! Stop? txt CLUB STOP to 87070. 150p/wk Club4 PO Box1146 MK45 2WT
ham,Miss call miss call khelate kintu opponenter miss call dhorte lage. Thats d rule. One with great phone receiving quality wins.
ham,Did u turn on the heater? The heater was on and set to <#> degrees.
ham,"Had the money issue weigh me down but thanks to you, I can breathe easier now. I.ll make sure you dont regret it. Thanks."
ham,May i call You later Pls
spam,SMS. ac sun0819 posts HELLO:\You seem cool
ham,"Yo, the game almost over? Want to go to walmart soon"
ham,V skint too but fancied few bevies.waz gona go meet &othrs in spoon but jst bin watchng planet earth&sofa is v comfey; If i dont make it hav gd night
ham,Tessy..pls do me a favor. Pls convey my birthday wishes to Nimya..pls dnt forget it. Today is her birthday Shijas
ham,Don know..he is watching film in computer..
ham,"Ok da, i already planned. I wil pick you."
ham,Haha... Really oh no... How? Then will they deduct your lesson tmr?
ham,Dear where you. Call me
ham,"K will do, addie & I are doing some art so I'll be here when you get home"
ham,Have a great trip to India. And bring the light to everyone not just with the project but with everyone that is lucky to see you smile. Bye. Abiola
ham,Ah you see. You have to be in the lingo. I will let you know wot on earth it is when has finished making it!
ham,Im done. Just studyn in library
ham,I'm ok. Will do my part tomorrow
ham,Was gr8 to see that message. So when r u leaving? Congrats dear. What school and wat r ur plans.
ham,True. Its easier with her here.
spam,FREE MSG:We billed your mobile number by mistake from shortcode 83332.Please call 08081263000 to have charges refunded.This call will be free from a BT landline
ham,"Er, hello, things didn t quite go to plan is limping slowly home followed by aa and with exhaust hanging off"
ham,"She is our sister.. She belongs 2 our family.. She is d hope of tomorrow.. Pray 4 her,who was fated 4 d Shoranur train incident. Lets hold our hands together & fuelled by love & concern prior 2 her grief & pain. Pls join in dis chain & pass it. STOP VIOLENCE AGAINST WOMEN."
spam,"HOT LIVE FANTASIES call now 08707509020 Just 20p per min NTT Ltd, PO Box 1327 Croydon CR9 5WB 0870 is a national rate call"
ham,Who u talking about?
ham,Whatsup there. Dont u want to sleep
ham,Huh means computational science... Y they like dat one push here n there...
ham,Serious? What like proper tongued her
ham,"Yeah go on then, bored and depressed sittin waitin for phone to ring... Hope the wind drops though, scary"
ham,Here got lots of hair dresser fr china.
ham,You lifted my hopes with the offer of money. I am in need. Especially when the end of the month approaches and it hurts my studying. Anyways have a gr8 weekend
ham,Horrible bf... I now v hungry...
ham,Lol yep did that yesterday. Already got my fireplace. Now its just another icon sitting there for me.
ham,It's ok i noe u're busy but i'm really too bored so i msg u. I oso dunno wat colour she choose 4 me one.
spam,XCLUSIVE@CLUBSAISAI 2MOROW 28/5 SOIREE SPECIALE ZOUK WITH NICHOLS FROM PARIS.FREE ROSES 2 ALL LADIES !!! info: 07946746291/07880867867
ham,Or better still can you catch her and let ask her if she can sell <#> for me.
ham,Oops sorry. Just to check that you don't mind picking me up tomo at half eight from station. Would that be ok?
ham,Good Morning my Dear........... Have a great & successful day.
ham,"Love isn't a decision, it's a feeling. If we could decide who to love, then, life would be much simpler, but then less magical"
ham,Do you think i can move <#> in a week
ham,Anything is valuable in only 2 situations: First- Before getting it... Second- After loosing it...
ham,He telling not to tell any one. If so treat for me hi hi hi
spam,Free video camera phones with Half Price line rental for 12 mths and 500 cross ntwk mins 100 txts. Call MobileUpd8 08001950382 or Call2OptOut/674
ham,"Probably not, I'm almost out of gas and I get some cash tomorrow"
ham,Does she usually take fifteen fucking minutes to respond to a yes or no question
ham,No da:)he is stupid da..always sending like this:)don believe any of those message.pandy is a mental:)
ham,Am not interested to do like that.
ham,what is your account number?
ham,We are supposed to meet to discuss abt our trip... Thought xuhui told you? In the afternoon. Thought we can go for lesson after that
ham,Please ask mummy to call father
ham,Oh sorry please its over
ham,Oh great. I.ll disturb him more so that we can talk.
ham,If you're thinking of lifting me one then no.
ham,You should change your fb to jaykwon thuglyfe falconerf
ham,"Haven't seen my facebook, huh? Lol!"
ham,"Yo my trip got postponed, you still stocked up?"
ham,No prob. I will send to your email.
ham,"It's wylie, you in tampa or sarasota?"
ham,Am also doing in cbe only. But have to pay.
ham,X course it 2yrs. Just so her messages on messenger lik you r sending me
ham,"Sad story of a Man - Last week was my b'day. My Wife did'nt wish me. My Parents forgot n so did my Kids . I went to work. Even my Colleagues did not wish. As I entered my cabin my PA said, ' Happy B'day Boss !!'. I felt special. She askd me 4 lunch. After lunch she invited me to her apartment. We went there. She said,' do u mind if I go into the bedroom for a minute ? ' 'OK', I sed in a sexy mood. She came out 5 minuts latr wid a cake...n My Wife, My Parents, My Kidz, My Friends n My Colleagues. All screaming.. SURPRISE !! and I was waiting on the sofa.. ... ..... ' NAKED...!"
ham,"That's the trouble with classes that go well - you're due a dodgey one _ Expecting mine tomo! See you for recovery, same time, same place"
spam,"You can stop further club tones by replying \STOP MIX\"" See my-tone.com/enjoy. html for terms. Club tones cost GBP4.50/week. MFL"
ham,"As I entered my cabin my PA said, ' Happy B'day Boss !!'. I felt special. She askd me 4 lunch. After lunch she invited me to her apartment. We went there."
spam,"As a valued customer, I am pleased to advise you that following recent review of your Mob No. you are awarded with a 1500 Bonus Prize, call 09066368470"
spam,"WELL DONE! Your 4* Costa Del Sol Holiday or 5000 await collection. Call 09050090044 Now toClaim. SAE, TCs, POBox334, Stockport, SK38xh, Cost 1.50/pm, Max10mins"
spam,You have 1 new message. Call 0207-083-6089
ham,Mm umma ask vava also to come tell him can play later together
spam,More people are dogging in your area now. Call 09090204448 and join like minded guys. Why not arrange 1 yourself. There's 1 this evening. A 1.50 minAPN LS278BB
ham,Ofcourse I also upload some songs
ham,"Ola would get back to you maybe not today but I ve told him you can be his direct link in the US in getting cars he bids for online, you arrange shipping and you get a cut. Or U????? For a partnership where U????? Invest money for shipping and he takes care of the rest!U??Wud b self reliant soon dnt worry"
ham,"Actually nvm, got hella cash, we still on for <#> ish?"
ham,Id onluy matters when getting on from offcampus
ham,I'm still looking for a car to buy. And have not gone 4the driving test yet.
ham,Good Morning plz call me sir
ham,I had a good time too. Its nice to do something a bit different with my weekends for a change. See ya soon
ham,I am on the way to ur home
ham,Me too baby! I promise to treat you well! I bet you will take good care of me...
ham,"It's cool, we can last a little while. Getting more any time soon?"
ham,You see the requirements please
ham,"Velly good, yes please!"
ham,You can never do NOTHING
ham,"Guy, no flash me now. If you go call me, call me. How madam. Take care oh."
ham,"wiskey Brandy Rum Gin Beer Vodka Scotch Shampain Wine \KUDI\""yarasu dhina vaazhthukkal. .."""
ham,"If you can make it any time tonight or whenever you can it's cool, just text me whenever you're around"
spam,Do you want a New Nokia 3510i colour phone DeliveredTomorrow? With 300 free minutes to any mobile + 100 free texts + Free Camcorder reply or call 08000930705.
ham,First answer my question.
ham,I dont know what to do to come out of this so only am ask questions like this dont mistake me.
ham,Ok i've sent u da latest version of da project.
ham,Oh k:)after that placement there ah?
ham,It didnt work again oh. Ok goodnight then. I.ll fix and have it ready by the time you wake up. You are very dearly missed have a good night sleep.
ham,"No! But we found a diff farm shop to buy some cheese. On way back now, can i call in?"
ham,Is that seriously how you spell his name?
ham,We r outside already.
ham,No..but heard abt tat..
ham,Pls go ahead with watts. I just wanted to be sure. Do have a great weekend. Abiola
spam,88066 FROM 88066 LOST 3POUND HELP
ham,How come she can get it? Should b quite diff to guess rite...
ham,Did u download the fring app?
spam,IMPORTANT MESSAGE. This is a final contact attempt. You have important messages waiting out our customer claims dept. Expires 13/4/04. Call 08717507382 NOW!
ham,Do u ever get a song stuck in your head for no reason and it won't go away til u listen to it like 5 times?
spam,Last chance 2 claim ur 150 worth of discount vouchers-Text YES to 85023 now!SavaMob-member offers mobile T Cs 08717898035. 3.00 Sub. 16 . Remove txt X or STOP
ham,Wat happened to the cruise thing
ham,"\Hi its Kate it was lovely to see you tonight and ill phone you tomorrow. I got to sing and a guy gave me his card! xxx\"""""
ham,Tell them no need to investigate about me anywhere.
spam,Natalie (20/F) is inviting you to be her friend. Reply YES-165 or NO-165 See her: www.SMS.ac/u/natalie2k9 STOP? Send STOP FRND to 62468
spam,http//tms. widelive.com/index. wml?id=820554ad0a1705572711&first=true C C Ringtone
ham,Noooooooo please. Last thing I need is stress. For once in your life be fair.
ham,At the funeral home with Audrey and dad
ham,yay! finally lol. i missed our cinema trip last week :-(
ham,Did you try making another butt.
ham,"Oh... Haha... Den we shld had went today too... Gee, nvm la... Kaiez, i dun mind goin jazz oso... Scared hiphop open cant catch up..."
ham,"St andre, virgil's cream"
ham,U dun say so early hor... U c already then say...
ham,"Excellent, I'll see what riley's plans are"
spam,goldviking (29/M) is inviting you to be his friend. Reply YES-762 or NO-762 See him: www.SMS.ac/u/goldviking STOP? Send STOP FRND to 62468
ham,"Goodmorning, today i am late for <DECIMAL> min."
ham,I'm gonna say no. Sorry. I would but as normal am starting to panic about time. Sorry again! Are you seeing on Tuesday?
ham,Call me when u finish then i come n pick u.
ham,Yeah I'll try to scrounge something up
ham,"The sign of maturity is not when we start saying big things.. But actually it is, when we start understanding small things... *HAVE A NICE EVENING* BSLVYL"
ham,Lara said she can loan me <#> .
spam,Don't b floppy... b snappy & happy! Only gay chat service with photo upload call 08718730666 (10p/min). 2 stop our texts call 08712460324
spam,"You are being contacted by our Dating Service by someone you know! To find out who it is, call from your mobile or landline 09064017305 PoBox75LDNS7"
ham,Esplanade lor. Where else...
ham,"Awesome, that gonna be soon or later tonight?"
ham,"Mum, i've sent you many many messages since i got here. I just want to know that you are actually getting them. Do enjoy the rest of your day."
ham,If we win its really no 1 side for long time.
ham,"New Theory: Argument wins d SITUATION, but loses the PERSON. So dont argue with ur friends just.. . . . kick them & say, I'm always correct.!"
ham,"I m cool ta luv but v.tired 2 cause i have been doin loads of planning all wk, we have got our social services inspection at the nursery! Take care & spk sn x."
ham,No I don't have cancer. Moms making a big deal out of a regular checkup aka pap smear
ham,"Carlos took a while (again), we leave in a minute"
spam,URGENT! We are trying to contact U. Todays draw shows that you have won a 800 prize GUARANTEED. Call 09050001808 from land line. Claim M95. Valid12hrs only
ham,Love it! I want to flood that pretty pussy with cum...
ham,Er mw im filled tuth is aight
ham,No..few hours before.went to hair cut .
ham,No. Thank you. You've been wonderful
ham,Sounds like you have many talents! would you like to go on a dinner date next week?
ham,I am in bus on the way to calicut
ham,Hey. You got any mail?
spam,Refused a loan? Secured or Unsecured? Can't get credit? Call free now 0800 195 6669 or text back 'help' & we will!
spam,FREE UNLIMITED HARDCORE PORN direct 2 your mobile Txt PORN to 69200 & get FREE access for 24 hrs then chrgd@50p per day txt Stop 2exit. This msg is free
ham,Am on a train back from northampton so i'm afraid not! I'm staying skyving off today ho ho! Will be around wednesday though. Do you fancy the comedy club this week by the way?
ham,Can u look 4 me in da lib i got stuff havent finish yet.
ham,Ok lor...
ham,will you like to be spoiled? :)
ham,Oh ya ya. I remember da. .
ham,"Cool, text me when you're parked"
ham,Yes princess! I want to please you every night. Your wish is my command...
ham,"\Pete can you please ring meive hardly gotany credit\"""""
ham,Sday only joined.so training we started today:)
spam,"Eerie Nokia tones 4u, rply TONE TITLE to 8007 eg TONE DRACULA to 8007 Titles: GHOST, ADDAMSFA, MUNSTERS, EXORCIST, TWILIGHT www.getzed.co.uk POBox36504W45WQ 150p"
ham,It should take about <#> min
ham,I know girls always safe and selfish know i got it pa. Thank you. good night.
spam,FREE entry into our 250 weekly comp just send the word ENTER to 84128 NOW. 18 T&C www.textcomp.com cust care 08712405020.
spam,<Forwarded from 448712404000>Please CALL 08712404000 immediately as there is an urgent message waiting for you.
ham,Ranjith cal drpd Deeraj and deepak 5min hold
ham,Of course ! Don't tease me ... You know I simply must see ! *grins* ... Do keep me posted my prey ... *loving smile* *devouring kiss*
ham,"Dad wanted to talk about the apartment so I got a late start, omw now"
ham,Are you happy baby ? Are you alright ? Did you take that job ? I hope your fine. I send you a kiss to make you smile from across the sea ... *kiss* *kiss*
ham,"Sorry,in meeting I'll call later"
ham,I cant wait to see you! How were the photos were useful? :)
ham,I want to tel u one thing u should not mistake me k THIS IS THE MESSAGE THAT YOU SENT:)
ham,"The guy (kadeem) hasn't been selling since the break, I know one other guy but he's paranoid as fuck and doesn't like selling without me there and I can't be up there til late tonight"
ham,Pandy joined 4w technologies today.he got job..
spam,"FREE NOKIA Or Motorola with upto 12mths 1/2price linerental, 500 FREE x-net mins&100txt/mth FREE B'tooth*. Call Mobileupd8 on 08001950382 or call 2optout/D3WV"
ham,Customer place i will call you.
ham,I surely dont forgot to come:)i will always be in touch in with you:-)
ham,Shhhhh nobody is supposed to know!
ham,O shore are you takin the bus
ham,Nope. I just forgot. Will show next week
spam,YOU HAVE WON! As a valued Vodafone customer our computer has picked YOU to win a 150 prize. To collect is easy. Just call 09061743386
ham,Jus finished avatar nigro
ham,When are you going to ride your bike?
ham,"Evry Emotion dsn't hav Words.Evry Wish dsn't hav Prayrs.. If u Smile,D World is wit u.Othrwise even d Drop of Tear dsn't lik 2 Stay wit u.So b happy.. Good morning, keep smiling:-)"
ham,Gettin rdy to ship comp
spam,Do you want a new Video phone? 600 anytime any network mins 400 Inclusive Video calls AND downloads 5 per week Free delTOMORROW call 08002888812 or reply NOW
ham,Why nothing. Ok anyway give me treat
ham,Ok good then i later come find _... C lucky i told _ to go earlier... Later pple take finish _ no more again...
ham,Lol u still feeling sick?
ham,Why don't you go tell your friend you're not sure you want to live with him because he smokes too much then spend hours begging him to come smoke
ham,Be happy there. I will come after noon
ham,Nope... Think i will go for it on monday... Sorry i replied so late
ham,That sucks. So what do you got planned for your yo valentine? I am your yo valentine aren't I?
ham,"Haha, my legs and neck are killing me and my amigos are hoping to end the night with a burn, think I could swing by in like an hour?"
ham,I am on the way to tirupur.
ham,I thk _ gotta go home by urself. Cos i'll b going out shopping 4 my frens present.
ham,"Living is very simple.. Loving is also simple.. Laughing is too simple.. Winning is tooo simple.. But, Being 'SIMPLE' is very difficult...;-) :-)"
ham,Dont let studying stress you out. L8r.
ham,Jus finish blowing my hair. U finish dinner already?
ham,"Pls send me a comprehensive mail about who i'm paying, when and how much."
ham,"Haha good to hear, I'm officially paid and on the market for an 8th"
ham,Does uncle timi help in clearing cars
ham,Watching tv now. I got new job :)
ham,I pocked you up there before
ham,Thx. All will be well in a few months
spam,"Someone U know has asked our dating service 2 contact you! Cant Guess who? CALL 09058097189 NOW all will be revealed. POBox 6, LS15HB 150p"
ham,"Aight, I'll ask a few of my roommates"
spam,This message is free. Welcome to the new & improved Sex & Dogging club! To unsubscribe from this service reply STOP. msgs@150p 18+only
ham,You want to go?
spam,"Do you ever notice that when you're driving, anyone going slower than you is an idiot and everyone driving faster than you is a maniac?"
ham,Oops my phone died and I didn't even know. Yeah I like it better.
ham,"Me, i dont know again oh"
ham,And is there a way you can send shade's stuff to her. And she has been wonderful too.
spam,Get your garden ready for summer with a FREE selection of summer bulbs and seeds worth 33:50 only with The Scotsman this Saturday. To stop go2 notxt.co.uk
ham,Please sen :)my kind advice :-)please come here and try:-)
ham,Are you planning to come chennai?
ham,"I guess you could be as good an excuse as any, lol."
ham,"Yes, princess. Toledo."
ham,Hows the street where the end of library walk is?
ham,SO IS TH GOWER MATE WHICH IS WHERE I AM!?! HOW R U MAN? ALL IS GOOD IN WALES ILL B BACK MORROW. C U THIS WK? WHO WAS THE MSG 4? RANDOM!
ham,Ok give me 5 minutes I think I see her. BTW you're my alibi. You were cutting my hair the whole time.
ham,Are you angry with me. What happen dear
ham,<#> ISH MINUTES WAS 5 MINUTES AGO. WTF.
ham,Ard 6 like dat lor.
ham,LOL ... Have you made plans for new years?
ham,Today is ACCEPT DAY..U Accept me as? Brother Sister Lover Dear1 Best1 Clos1 Lvblefrnd Jstfrnd Cutefrnd Lifpartnr Belovd Swtheart Bstfrnd No rply means enemy
ham,how tall are you princess?
ham,Err... Cud do. I'm going to at 8pm. I haven't got a way to contact him until then.
ham,thanks for the temales it was wonderful. Thank. Have a great week.
ham,dont make ne plans for nxt wknd coz she wants us to come down then ok
ham,Wait . I will msg after <#> min.
ham,"Just gettin a bit arty with my collages at the mo, well tryin 2 ne way! Got a roast in a min lovely i shall enjoy that!"
ham,1 I don't have her number and 2 its gonna be a massive pain in the ass and i'd rather not get involved if that's possible
spam,WINNER! As a valued network customer you hvae been selected to receive a 900 reward! To collect call 09061701444. Valid 24 hours only. ACL03530150PM
ham,Yupz... I've oredi booked slots 4 my weekends liao...
ham,K. I will sent it again
ham,"It doesnt make sense to take it there unless its free. If you need to know more, wikipedia.com"
ham,Love it! The girls at the office may wonder why you are smiling but sore...
ham,Oi. Ami parchi na re. Kicchu kaaj korte iccha korche na. Phone ta tul na. Plz. Plz.
ham,Bugis oso near wat...
ham,Dai what this da.. Can i send my resume to this id.
ham,"Indians r poor but India is not a poor country. Says one of the swiss bank directors. He says that \ <#> lac crore\"" of Indian money is deposited in swiss banks which can be used for 'taxless' budget for <#> yrs. Can give <#> crore jobs to all Indians. From any village to Delhi 4 lane roads. Forever free power suply to more than <#> social projects. Every citizen can get monthly <#> /- for <#> yrs. No need of World Bank & IMF loan. Think how our money is blocked by rich politicians. We have full rights against corrupt politicians. Itna forward karo ki pura INDIA padhe.g.m.\"""""
ham,"I don,t think so. You don't need to be going out that late on a school night. ESPECIALLY when the one class you have is the one you missed last wednesday and probably failed a test in on friday"
ham,Yup next stop.
ham,We have all rounder:)so not required:)
spam,YOU ARE CHOSEN TO RECEIVE A 350 AWARD! Pls call claim number 09066364311 to collect your award which you are selected to receive as a valued mobile customer.
spam,Dear Voucher Holder 2 claim your 1st class airport lounge passes when using Your holiday voucher call 08704439680. When booking quote 1st class x 2
ham,Oops. 4 got that bit.
ham,Leaving to qatar tonite in search of an opportunity.all went fast.pls add me in ur prayers dear.Rakhesh
ham,Fine. Do you remember me.
ham,"So many people seems to be special at first sight, But only very few will remain special to you till your last sight.. Maintain them till life ends.. Sh!jas"
ham,She doesnt need any test.
ham,Ok. Not sure what time tho as not sure if can get to library before class. Will try. See you at some point! Have good eve.
ham,"Aight, I'm chillin in a friend's room so text me when you're on the way"
ham,"Hey sexy buns ! Have I told you ? I adore you, loverboy. I hope you remember to thank your sister in law for those meatballs *grins* ... i love you, babe"
ham,Rofl. Its true to its name
ham,Mm not entirely sure i understood that text but hey. Ho. Which weekend?
spam,Santa Calling! Would your little ones like a call from Santa Xmas eve? Call 09058094583 to book your time.
ham,"Arms fine, how's Cardiff and uni?"
ham,Ummma.will call after check in.our life will begin from qatar so pls pray very hard.
ham,U come n search tat vid..not finishd..
ham,Hey loverboy! I love you !! I had to tell ... I look at your picture and ache to feel you between my legs ... Fuck I want you ... I need you ... I crave you .
ham,Thats cool. I want to please you...
ham,Ding me on ya break fassyole! Blacko from londn
ham,Finish liao... U?
ham,Just wanted to say holy shit you guys weren't kidding about this bud
ham,"It,,s a taxt massage....tie-pos argh ok! Lool!"
ham,"Just checked out, heading out to drop off my stuff now"
ham,Lol ok your forgiven :)
ham,"Maybe westshore or hyde park village, the place near my house?"
ham,Hey r _ still online? I've finished the formatting...
ham,"I shall book chez jules for half eight, if that's ok with you?"
spam,Congratulations ur awarded 500 of CD vouchers or 125gift guaranteed & Free entry 2 100 wkly draw txt MUSIC to 87066
ham,No my mum went 2 dentist.
ham,Hi dis is yijue i would be happy to work wif _ all for gek1510...
ham,IM GONNAMISSU SO MUCH!!I WOULD SAY IL SEND U A POSTCARD BUTTHERES ABOUTAS MUCH CHANCE OF MEREMEMBERIN ASTHERE IS OFSI NOT BREAKIN HIS CONTRACT!! LUV Yaxx
ham,go home liao? Ask dad to pick me up at 6...
ham,Change again... It's e one next to escalator...
ham,"Aight, tomorrow around <#> it is"
ham,Hi Harish's rent has been transfred to ur Acnt.
ham,Why de. You looking good only:-)..
ham,So no messages. Had food?
ham,Nutter. Cutter. Ctter. Cttergg. Cttargg. Ctargg. Ctagg. ie you
ham,"Rose needs water, season needs change, poet needs imagination..My phone needs ur sms and i need ur lovely frndship forever...."
ham,"Playin space poker, u?"
ham,Jay is snickering and tells me that x is totally fucking up the chords as we speak
ham,"Sorry man, my stash ran dry last night and I can't pick up more until sunday"
ham,"Sure, I'll see if I can come by in a bit"
ham,I'm in a movie... Collect car oredi...
spam,PRIVATE! Your 2003 Account Statement for 078
ham,"Ask g or iouri, I've told the story like ten times already"
ham,That's cause your old. I live to be high.
ham,Dunno cos i was v late n when i reach they inside already... But we ate spageddies lor... It's e gals who r laughing at me lor...
ham,I want kfc its Tuesday. Only buy 2 meals ONLY 2. No gravy. Only 2 Mark. 2!
ham,"I prefer my free days... Tues, wed, fri oso can... ask those workin lor..."
ham,"Not yet chikku..k, then wat abt tht guy did he stopped irritating or msging to u.."
ham,No no:)this is kallis home ground.amla home town is durban:)
ham,"Wat time liao, where still got."
ham,Watching ajith film ah?
ham,U calling me right? Call my hand phone...
ham,Yes we were outside for like 2 hours. And I called my whole family to wake them up cause it started at 1 am
ham,Die... I accidentally deleted e msg i suppose 2 put in e sim archive. Haiz... I so sad...
ham,"Hi Chikku, send some nice msgs"
ham,Wow didn't think it was that common. I take it all back ur not a freak! Unless u chop it off:-)
ham,Speaking of does he have any cash yet?
ham,Lmao ok I wont be needing u to do my hair anymore.
ham,Man this bus is so so so slow. I think you're gonna get there before me
ham,These won't do. Have to move on to morphine
ham,I borrow ur bag ok.
ham,Only saturday and sunday holiday so its very difficult:)
spam,Please call our customer service representative on FREEPHONE 0808 145 4742 between 9am-11pm as you have WON a guaranteed 1000 cash or 5000 prize!
ham,Ho ho - big belly laugh! See ya tomo
ham,thk of wat to eat tonight.
ham,I got it before the new year cos yetunde said she wanted to surprise you with it but when i didnt see money i returned it mid january before the <#> day return period ended.
ham,"You aren't coming home between class, right? I need to work out and shower!"
ham,"Nowadays people are notixiquating the laxinorficated opportunity for bambling of entropication.... Have you ever oblisingately opted ur books for the masteriastering amplikater of fidalfication? It is very champlaxigating, i think it is atrocious.. Wotz Ur Opinion???? Junna"
ham,Then wat r u doing now? Busy wif work?
ham,You should get more chicken broth if you want ramen unless there's some I don't know about
ham,2marrow only. Wed at <#> to 2 aha.
spam,"Last Chance! Claim ur 150 worth of discount vouchers today! Text SHOP to 85023 now! SavaMob, offers mobile! T Cs SavaMob POBOX84, M263UZ. 3.00 Sub. 16"
ham,WHO ARE YOU SEEING?
ham,"The <#> g that i saw a few days ago, the guy wants sell wifi only for <#> and with 3g for <#> . That's why i blanked him."
ham,Message:some text missing* Sender:Name Missing* *Number Missing *Sent:Date missing *Missing U a lot thats y everything is missing sent via fullonsms.com
ham,For real when u getting on yo? I only need 2 more tickets and one more jacket and I'm done. I already used all my multis.
ham,Fine if that s the way u feel. That s the way its gota b
ham,"Time n Smile r the two crucial things in our life. Sometimes time makes us to forget smile, and sometimes someone's smile makes us to forget time gud noon"
ham,Yep get with the program. You're slacking.
ham,Wat u doing there?
spam,Do you want 750 anytime any network mins 150 text and a NEW video phone for only five pounds per week call 08000776320 now or reply for delivery Tomorrow
ham,Is ur paper in e morn or aft tmr?
ham,Yes I started to send requests to make it but pain came back so I'm back in bed. Double coins at the factory too. I gotta cash in all my nitros.
ham,Not yet chikku..wat abt u?
ham,And you! Will expect you whenever you text! Hope all goes well tomo
ham,1 in cbe. 2 in chennai.
ham,"We are hoping to get away by 7, from Langport. You still up for town tonight?"
ham,I've sent _ my part..
ham,Then i buy.
ham,"I'm home, my love ... If your still awake ... *loving kiss*"
ham,I emailed yifeng my part oredi.. Can _ get it fr him..
ham,I thk 530 lor. But dunno can get tickets a not. Wat u doing now?
ham,Yo guess what I just dropped
ham,"Oh, then your phone phoned me but it disconnected"
ham,He fucking chickened out. He messaged me he would be late and woould buzz me and then I didn't hear a word from him
ham,Wish i were with you now!
ham,Noice. Text me when you're here
ham,Then its most likely called Mittelschmertz. Google it. If you dont have paracetamol dont worry it will go.
ham,I'm also came to room.
ham,"Did he say how fantastic I am by any chance, or anything need a bigger life lift as losing the will 2 live, do you think I would be the first person 2 die from N V Q?"
ham,I can make lasagna for you... vodka...
ham,"Party's at my place at usf, no charge (but if you can contribute in any way it is greatly appreciated) and yeah, we got room for one more"
ham,Good day to You too.Pray for me.Remove the teeth as its painful maintaining other stuff.
ham,But you were together so you should be thinkin about him
ham,Crazy ar he's married. like gd looking guys not me. My frens like say he's korean leona's fave but i dun thk he is. Aft some thinking mayb most prob i'll go.
ham,"Good afternoon, my love ! Any job prospects ? Are you missing me ? What do you do ? Are you being lazy and bleak, hmmm ? Or happy and filled with my love ?"
ham,Oh... Kay... On sat right?
ham,"Babe, have you got enough money to pick up bread and milk ? And I'll give you it back when you get home ?"
ham,Aiyar u so poor thing... I give u my support k... Jia you! I'll think of u...
ham,My exam is for february 4. Wish you a great day.
ham,"There're some people by mu, I'm at the table by lambda"
ham,Never y lei... I v lazy... Got wat? Dat day _ send me da url cant work one...
ham,My sis is catching e show in e afternoon so i'm not watching w her. So c u wan 2 watch today or tmr lor.
ham,Yeah like if it goes like it did with my friends imma flip my shit in like half an hour
ham,I probably won't eat at all today. I think I'm gonna pop. How was your weekend? Did u miss me?
spam,"Urgent Urgent! We have 800 FREE flights to Europe to give away, call B4 10th Sept & take a friend 4 FREE. Call now to claim on 09050000555. BA128NNFWFLY150ppm"
ham,I was at bugis juz now wat... But now i'm walking home oredi... so late then reply... I oso saw a top dat i like but din buy... Where r _ now?
ham,So when you gonna get rimac access
ham,Nothing but we jus tot u would ask cos u ba gua... But we went mt faber yest... Yest jus went out already mah so today not going out... Jus call lor...
ham,Huh but i got lesson at 4 lei n i was thinkin of going to sch earlier n i tot of parkin at kent vale...
ham,"Oh! Shit, I thought that was your trip! Loooooool ... That just makes SO much more sense now ... *grins* and the sofa reference was ... The \sleep on a couch\"" link you sent me ... Wasn't that how you went on your trip ? Oh ... And didn't your babe go with you for that celebration with your rents?"""
ham,Kind of. Took it to garage. Centre part of exhaust needs replacing. Part ordered n taking it to be fixed tomo morning.
ham,As in i want custom officer discount oh.
ham,"I just got home babe, are you still awake ?"
ham,Squeeeeeze!! This is christmas hug.. If u lik my frndshp den hug me back.. If u get 3 u r cute:) 6 u r luvd:* 9 u r so lucky;) None? People hate u:
ham,I asked you to call him now ok
ham,Where can download clear movies. Dvd copies.
ham,"Haha get used to driving to usf man, I know a lot of stoners"
spam,Free Msg: Ringtone!From: http://tms. widelive.com/index. wml?id=1b6a5ecef91ff9*37819&first=true18:0430-JUL-05
ham,"Good afternoon on this glorious anniversary day, my sweet J !! I hope this finds you happy and content, my Prey. I think of you and send a teasing kiss from across the sea coaxing images of fond souveniers ... You Cougar-Pen"
ham,I'll text now! All creepy like so he won't think that we forgot
ham,No dear i do have free messages without any recharge. Hi hi hi
ham,I'm already back home so no probably not
ham,This is wishing you a great day. Moji told me about your offer and as always i was speechless. You offer so easily to go to great lengths on my behalf and its stunning. My exam is next friday. After that i will keep in touch more. Sorry.
ham,only send me the contents page...
ham,Oh ho. Is this the first time u use these type of words
ham,K da:)how many page you want?
ham,Alex knows a guy who sells mids but he's down in south tampa and I don't think I could set it up before like 8
ham,All sounds good. Fingers . Makes it difficult to type
ham,"A few people are at the game, I'm at the mall with iouri and kaila"
ham,Old Orchard near univ. How about you?
spam,Free tones Hope you enjoyed your new content. text stop to 61610 to unsubscribe. help:08712400602450p Provided by tones2you.co.uk
ham,"Geeee ... I miss you already, you know ? Your all I can think about. Fuck, I can't wait till next year when we will be together ... *loving kiss*"
ham,Omg if its not one thing its another. My cat has worms :/ when does this bad day end?
ham,Did u fix the teeth?if not do it asap.ok take care.
ham,Just now saw your message.it k da:)
ham,Thats cool. How was your day?
ham,I will come to ur home now
ham,I.ll hand her my phone to chat wit u
ham,2mro i am not coming to gym machan. Goodnight.
ham,Many more happy returns of the day. I wish you happy birthday.
ham,Cool. I am <#> inches long. hope you like them big!
ham,"I don't have anybody's number, I still haven't thought up a tactful way to ask alex"
spam,"\URGENT! This is the 2nd attempt to contact U!U have WON 1000CALL 09071512432 b4 300603t&csBCM4235WC1N3XX.callcost150ppmmobilesvary. max 7. 50\"""""
ham,Thought we could go out for dinner. I'll treat you! Seem ok?
spam,Ur cash-balance is currently 500 pounds - to maximize ur cash-in now send CASH to 86688 only 150p/msg. CC: 08708800282 HG/Suite342/2Lands Row/W1J6HL
ham,Pls call me da. What happen.
spam,"Get 3 Lions England tone, reply lionm 4 mono or lionp 4 poly. 4 more go 2 www.ringtones.co.uk, the original n best. Tones 3GBP network operator rates apply"
ham,Ha ha ha good joke. Girls are situation seekers.
ham,You busy or can I come by at some point and figure out what we're doing tomorrow
ham,God's love has no limit. God's grace has no measure. God's power has no boundaries. May u have God's endless blessings always in ur life...!! Gud ni8
ham,Wat time do u wan 2 meet me later?
ham,THANX4 TODAY CER IT WAS NICE 2 CATCH UP BUT WE AVE 2 FIND MORE TIME MORE OFTEN OH WELL TAKE CARE C U SOON.C
ham,No i am not having not any movies in my laptop
ham,"Hmmm... Guess we can go 4 kb n power yoga... Haha, dunno we can tahan power yoga anot... Thk got lo oso, forgot liao..."
ham,hi baby im cruisin with my girl friend what r u up 2? give me a call in and hour at home if thats alright or fone me on this fone now love jenny xxx
ham,"Spoke with uncle john today. He strongly feels that you need to sacrifice to keep me here. He's going to call you. When he does, i beg you to just listen. Dont make any promises or make it clear things are not easy. And i need you to please let us work things out. As long as i keep expecting help, my creativity will be stifled so pls just keep him happy, no promises on your part."
ham,5 nights...We nt staying at port step liao...Too ex
ham,Pls dont restrict her from eating anythin she likes for the next two days.
ham,TELL HER I SAID EAT SHIT.
ham,Sir send to group mail check it.
ham,I am in your office na.
ham,Stupid.its not possible
ham,Any way where are you and what doing.
ham,Well welp is sort of a semiobscure internet thing
ham,Oi when you gonna ring
ham,Wat would u like 4 ur birthday?
spam,"09066362231 URGENT! Your mobile No 07xxxxxxxxx won a 2,000 bonus caller prize on 02/06/03! this is the 2nd attempt to reach YOU! call 09066362231 ASAP!"
ham,"Hello. Sort of out in town already. That . So dont rush home, I am eating nachos. Will let you know eta."
ham,Sorry dude. Dont know how i forgot. Even after Dan reminded me. Sorry. Hope you guys had fun.
spam,"Goal! Arsenal 4 (Henry, 7 v Liverpool 2 Henry scores with a simple shot from 6 yards from a pass by Bergkamp to give Arsenal a 2 goal margin after 78 mins."
spam,2/2 146tf150p
ham,"Sorry battery died, yeah I'm here"
spam,"Welcome to UK-mobile-date this msg is FREE giving you free calling to 08719839835. Future mgs billed at 150p daily. To cancel send \go stop\"" to 89123"""
ham,"Very strange. and are watching the 2nd one now but i'm in bed. Sweet dreams, miss u"
ham,For The First Time In The History 'Need' 'Comfort' And 'Luxury' Are Sold At Same Price In India..!! Onion-Rs. <#> Petrol-Rs. <#> Beer-Rs. <#> SHESIL <#>
ham,Hey what happen de. Are you alright.
ham,Ard 530 like dat lor. We juz meet in mrt station then _ dun haf to come out.
ham,I am not having her number sir
ham,"Multiply the numbers independently and count decimal points then, for the division, push the decimal places like i showed you."
spam,"Shop till u Drop, IS IT YOU, either 10K, 5K, 500 Cash or 100 Travel voucher, Call now, 09064011000. NTT PO Box CR01327BT fixedline Cost 150ppm mobile vary"
spam,83039 62735= 450 UK Break AccommodationVouchers terms & conditions apply. 2 claim you mustprovide your claim number which is 15541
ham,"Yar lor he wan 2 go c horse racing today mah, so eat earlier lor. I ate chicken rice. U?"
ham,Uncle boye. I need movies oh. Guide me. Plus you know torrents are not particularly legal here. And the system is slowing down. What should i do. Have a gr8 day. Plus have you started cos i dont meet you online. How was the honey moon.
spam,Email AlertFrom: Jeri StewartSize: 2KBSubject: Low-cost prescripiton drvgsTo listen to email call 123
ham,"(No promises on when though, haven't even gotten dinner yet)"
spam,"U were outbid by simonwatson5120 on the Shinco DVD Plyr. 2 bid again, visit sms. ac/smsrewards 2 end bid notifications, reply END OUT"
ham,Haha... Hope _ can hear the receipt sound... Gd luck!
ham,Eh ur laptop got no stock lei... He say mon muz come again to take a look c got a not...
ham,K..k:)where are you?how did you performed?
spam,"URGENT! Your mobile No 077xxx WON a 2,000 Bonus Caller Prize on 02/06/03! This is the 2nd attempt to reach YOU! Call 09066362206 ASAP! BOX97N7QP, 150ppm"
ham,Hi..i got the money da:)
ham,Oh and by the way you do have more food in your fridge! Want to go out for a meal tonight?
ham,U haven t lost me ill always b here 4u.i didn t intend 2 hurt u but I never knew how u felt about me when Iwas+marine&that s what itried2tell urmom.i careabout u
spam,thesmszone.com lets you send free anonymous and masked messages..im sending this message from there..do you see the potential for abuse???
ham,"Beautiful Truth against Gravity.. Read carefully: \Our heart feels light when someone is in it.. But it feels very heavy when someone leaves it..\"" GOOD NIGHT"""
ham,He's in lag. That's just the sad part but we keep in touch thanks to skype
ham,Sian... Aft meeting supervisor got work 2 do liao... U working now?
ham,Really? I crashed out cuddled on my sofa.
ham,Huh so early.. Then _ having dinner outside izzit?
ham,She told to hr that he want posting in chennai:)because i'm working here:)
ham,Not yet. Just i'd like to keep in touch and it will be the easiest way to do that from barcelona. By the way how ru and how is the house?
ham,"Nah it's straight, if you can just bring bud or drinks or something that's actually a little more useful than straight cash"
ham,come lt 25 n pass to me lar
ham,I'm meeting Darren...
ham,Where are you call me.
ham,I'm working technical support :)voice process.
ham,"Uh, heads up we don't have THAT much left"
ham,Where are you ? You said you would be here when I woke ... :-(
ham,i cant talk to you now.i will call when i can.dont keep calling.
ham,If he started searching he will get job in few days.he have great potential and talent.
ham,That's y we haf to combine n c how lor...
ham,Life spend with someone for a lifetime may be meaningless but a few moments spent with someone who really love you means more than life itself..
ham,In life when you face choices Just toss a coin not becoz its settle the question But while the coin in the air U will know what your heart is hoping for. Gudni8
ham,Jus finish my lunch on my way home lor... I tot u dun wan 2 stay in sch today...
ham,Change windows logoff sound..
ham,"'An Amazing Quote' - \Sometimes in life its difficult to decide whats wrong!! a lie that brings a smile or the truth that brings a tear....\"""""
ham,Well keep in mind I've only got enough gas for one more round trip barring a sudden influx of cash
ham,From 5 to 2 only my work timing.
ham,still got lessons? in sch?
ham,SORRY IM STIL FUCKED AFTER LAST NITE WENT TOBED AT 430 GOT UP 4 WORK AT 630
ham,"Easy mate, * guess the quick drink was bit ambitious."
ham,Gud mrng dear have a nice day
ham,The monthly amount is not that terrible and you will not pay anything till 6months after finishing school.
ham,Its a site to simulate the test. It just gives you very tough questions to test your readiness.
ham,K come to nordstrom when you're done
ham,"K, if u bored up just come to my home.."
ham,Lmao you know me so well...
spam,FROM 88066 LOST 12 HELP
ham,"And very importantly, all we discuss is between u and i only."
spam,Ur TONEXS subscription has been renewed and you have been charged 4.50. You can choose 10 more polys this month. www.clubzed.co.uk *BILLING MSG*
ham,Were gonna go get some tacos
ham,I gotta collect da car at 6 lei.
ham,Thank god they are in bed!
ham,You still around? I could use a half-8th
ham,When u wana see it then
ham,No. I meant the calculation is the same. That <#> units at <#> . This school is really expensive. Have you started practicing your accent. Because its important. And have you decided if you are doing 4years of dental school or if you'll just do the nmde exam.
ham,I've sent my wife your text. After we buy them she'll tell you what to do. So just relax. We should go get them this wkend.
ham,Yes but I don't care cause I know its there!
ham,Oh k k:)but he is not a big hitter.anyway good
spam,ROMCAPspam Everyone around should be responding well to your presence since you are so warm and outgoing. You are bringing in a real breath of sunshine.
ham,Yeah do! Don t stand to close tho- you ll catch something!
ham,Usually the body takes care of it buy making sure it doesnt progress. Can we pls continue this talk on saturday.
ham,You stayin out of trouble stranger!!saw Dave the other day he s sorted now!still with me bloke when u gona get a girl MR!ur mum still Thinks we will get 2GETHA!
ham,At home also.
spam,Phony 350 award - Todays Voda numbers ending XXXX are selected to receive a 350 award. If you have a match please call 08712300220 quoting claim code 3100 standard rates app
ham,Just normal only here :)
ham,No message..no responce..what happend?
ham,"Hi Jon, Pete here, Ive bin 2 Spain recently & hav sum dinero left, Bill said u or ur rents mayb interested in it, I hav 12,000pes, so around 48, tb, James."
ham,Merry christmas to u too annie!
ham,"Me also da, i feel yesterday night wait til 2day night dear."
ham,No problem baby. Is this is a good time to talk? I called and left a message.
ham,Good afternoon starshine! How's my boytoy? Does he crave me yet? Ache to fuck me ? *sips cappuccino* I miss you babe *teasing kiss*
ham,For my family happiness..
ham,Aiyah then i wait lor. Then u entertain me. Hee...
ham,I am going to film 2day da. At 6pm. Sorry da.
ham,"Hey, I missed you tm of last night as my phone was on the charge ... *smiles* ... I am meeting a friend shortly"
ham,Jay says that you're a double-faggot
ham,Yup... Ok i go home look at the timings then i msg _ again... Xuhui going to learn on 2nd may too but her lesson is at 8am
ham,Hope you re not having too much fun without me!! see u tomorrow love jess x
ham,"I'm not coming over, do whatever you want"
ham,", , and picking them up from various points | going 2 yeovil | and they will do the motor project 4 3 hours | and then u take them home. || 12 2 5.30 max. || Very easy"
spam,"Get 3 Lions England tone, reply lionm 4 mono or lionp 4 poly. 4 more go 2 www.ringtones.co.uk, the original n best. Tones 3GBP network operator rates apply."
ham,He is world famamus....
ham,Prakesh is there know.
ham,"As in missionary hook up, doggy hook up, standing...|"
ham,Weightloss! No more girl friends. Make loads of money on ebay or something. And give thanks to God.
ham,Ok... I din get ur msg...
ham,"Yup. Anything lor, if u dun wan it's ok..."
ham,So i asked how's anthony. Dad. And your bf
ham,"Yeah, probably earlier than that"
ham,I thk u dun haf 2 hint in e forum already lor... Cos i told ron n darren is going 2 tell shuhui.
ham,You need to get up. Now.
ham,Are you the cutest girl in the world or what
ham,S.s:)i thinl role is like sachin.just standing. Others have to hit.
ham,Friendship poem: Dear O Dear U R Not Near But I Can Hear Dont Get Fear Live With Cheer No More Tear U R Always my Dear. Gud ni8
ham,Hi Petey!noi m ok just wanted 2 chat coz avent spoken 2 u 4 a long time-hope ur doin alrite.have good nit at js love ya am.x
ham,True dear..i sat to pray evening and felt so.so i sms'd you in some time...
ham,Still in customer place
ham,Hi msg me:)i'm in office..
ham,Nothing lor... A bit bored too... Then y dun u go home early 2 sleep today...
ham,"Hmm... Dunno leh, mayb a bag 4 goigng out dat is not too small. Or jus anything except perfume, smth dat i can keep."
ham,Yeah we do totes. When u wanna?
ham,"Aiyo... Her lesson so early... I'm still sleepin, haha... Okie, u go home liao den confirm w me lor..."
ham,Tell me whos this pls:-)
spam,Buy Space Invaders 4 a chance 2 win orig Arcade Game console. Press 0 for Games Arcade (std WAP charge) See o2.co.uk/games 4 Terms + settings. No purchase
ham,"Alright we'll bring it to you, see you in like <#> mins"
ham,Headin towards busetop
ham,I dont have that much image in class.
ham,Thanx...
ham,Ok... U enjoy ur shows...
ham,Goodnight da thangam I really miss u dear.
ham,Which is weird because I know I had it at one point
ham,"The LAY MAN! Just to let you know you are missed and thought off. Do have a great day. And if you can send me bimbo and ugo's numbers, ill appreciate. Safe"
spam,Get the official ENGLAND poly ringtone or colour flag on yer mobile for tonights game! Text TONE or FLAG to 84199. Optout txt ENG STOP Box39822 W111WX 1.50
ham,Hi. || Do u want | to join me with sts later? || Meeting them at five. || Call u after class.
ham,yes baby! I need to stretch open your pussy!
spam,"tddnewsletter@emc1.co.uk (More games from TheDailyDraw) Dear Helen, Dozens of Free Games - with great prizesWith.."
ham,"Ill call u 2mrw at ninish, with my address that icky American freek wont stop callin me 2 bad Jen k eh?"
ham,I'm at bruce & fowler now but I'm in my mom's car so I can't park (long story)
ham,"Oh yes, why is it like torture watching england?"
ham,Whom you waited for yesterday
ham,Its normally hot mail. Com you see!
ham,"Whenevr ur sad, Whenevr ur gray, Remembr im here 2 listn 2 watevr u wanna say, Jus walk wid me a little while,& I promise I'll bring back ur smile.:-)"
ham,"Turns out my friends are staying for the whole show and won't be back til ~ <#> , so feel free to go ahead and smoke that $ <#> worth"
ham,26th OF JULY
ham,"Yo carlos, a few friends are already asking me about you, you working at all this weekend?"
ham,A guy who gets used but is too dumb to realize it.
ham,Yup bathe liao...
spam,"Hey Boys. Want hot XXX pics sent direct 2 ur phone? Txt PORN to 69855, 24Hrs free and then just 50p per day. To stop text STOPBCM SF WC1N3XX"
spam,Great News! Call FREEFONE 08006344447 to claim your guaranteed 1000 CASH or 2000 gift. Speak to a live operator NOW!
ham,Haf u eaten? Wat time u wan me 2 come?
ham,R u still working now?
ham,I love working from home :)
ham,Oh... Lk tt den we take e one tt ends at cine lor... Dun wan yogasana oso can...
ham,"In case you wake up wondering where I am, I forgot I have to take care of something for grandma today, should be done before the parade"
ham,Hey mr and I are going to the sea view and having a couple of gays I mean games! Give me a bell when ya finish
ham,How long does applebees fucking take
ham,Go where n buy? Juz buy when we get there lar.
ham,All will come alive.better correct any good looking figure there itself..
ham,DO U WANT 2 MEET UP 2MORRO
spam,Can U get 2 phone NOW? I wanna chat 2 set up meet Call me NOW on 09096102316 U can cum here 2moro Luv JANE xx Calls 1/minmoremobsEMSPOBox45PO139WA
ham,"Goodnight, sleep well da please take care pa. Please."
spam,Moby Pub Quiz.Win a 100 High Street prize if u know who the new Duchess of Cornwall will be? Txt her first name to 82277.unsub STOP 1.50 008704050406 SP
ham,I'm leaving my house now.
ham,Got it. Seventeen pounds for seven hundred ml hope ok.
ham,At home by the way
ham,Aah bless! How's your arm?
ham,Senthil group company Apnt 5pm.
ham,Horrible u eat macs eat until u forgot abt me already rite... U take so long 2 reply. I thk it's more toot than b4 so b prepared. Now wat shall i eat?
ham,"Nope, I'm still in the market"
spam,U have a secret admirer who is looking 2 make contact with U-find out who they R*reveal who thinks UR so special-call on 09058094594
ham,Idea will soon get converted to live:)
ham,"\ALRITE HUNNY!WOT U UP 2 2NITE? DIDNT END UP GOIN DOWN TOWN JUS DA PUB INSTEAD! JUS CHILLIN AT DA MO IN ME BEDROOM!LOVE JEN XXX.\"""""
ham,I know that my friend already told that.
ham,Yeah so basically any time next week you can get away from your mom & get up before 3
ham,Oh is it? Send me the address
ham,"Aiyo... U always c our ex one... I dunno abt mei, she haven reply... First time u reply so fast... Y so lucky not workin huh, got bao by ur sugardad ah...gee.."
ham,Anything lor is she coming?
ham,Hurry home. Soup is DONE!
ham,Yeah you should. I think you can use your gt atm now to register. Not sure but if there's anyway i can help let me know. But when you do be sure you are ready.
ham,U R THE MOST BEAUTIFUL GIRL IVE EVER SEEN. U R MY BABY COME AND C ME IN THE COMMON ROOM
ham,Never blame a day in ur life. Good days give u happiness. Bad days give u experience. Both are essential in life! All are Gods blessings! good morning.:
ham,Now thats going to ruin your thesis!
ham,I can ask around but there's not a lot in terms of mids up here
ham,You call him now ok i said call him
ham,\Si.como no?!listened2the plaid album-quite gd&the new air1 which is hilarious-also bought braindance a comp.ofstuff on aphex s ;abel
ham,Waiting 4 my tv show 2 start lor... U leh still busy doing ur report?
spam,money!!! you r a lucky winner ! 2 claim your prize text money 2 88600 over 1million to give away ! ppt150x3+normal text rate box403 w1t1jy
ham,Lol yes. Our friendship is hanging on a thread cause u won't buy stuff.
ham,I dled 3d its very imp
spam,"URGENT. Important information for 02 user. Today is your lucky day! 2 find out why , log onto http://www.urawinner.com there is a fantastic surprise awaiting you !"
ham,"Dear Sir,Salam Alaikkum.Pride and Pleasure meeting you today at the Tea Shop.We are pleased to send you our contact number at Qatar.Rakhesh an Indian.Pls save our Number.Respectful Regards."
ham,Thanx 4 2day! U r a goodmate I THINK UR RITE SARY! ASUSUAL!1 U CHEERED ME UP! LOVE U FRANYxxxxx
ham,"Usf I guess, might as well take 1 car"
spam,New TEXTBUDDY Chat 2 horny guys in ur area 4 just 25p Free 2 receive Search postcode or at gaytextbuddy.com. TXT ONE name to 89693
ham,Anything lor... U decide...
ham,Stupid auto correct on my phone
ham,Shopping lor. Them raining mah hard 2 leave orchard.
ham,Enjoy urself tmr...
ham,Also maaaan are you missing out
ham,Already one guy loving you:-.
ham,Somebody set up a website where you can play hold em using eve online spacebucks
ham,"Hiya, sorry didn't hav signal. I haven't seen or heard from and neither has, which is unusual in itself! I'll put on the case and get him to sort it out! Hugs and snogs."
spam,Dear U've been invited to XCHAT. This is our final attempt to contact u! Txt CHAT to 86688
ham,Dunno lei shd b driving lor cos i go sch 1 hr oni.
ham,So what did the bank say about the money?
ham,We'll you pay over like <#> yrs so its not too difficult
ham,Shb b ok lor... Thanx...
ham,So u workin overtime nigpun?
spam,1000's of girls many local 2 u who r virgins 2 this & r ready 2 4fil ur every sexual need. Can u 4fil theirs? text CUTE to 69911( 1.50p. m)
ham,Erutupalam thandiyachu
ham,Wot u up 2 u weirdo?
spam,"Latest Nokia Mobile or iPOD MP3 Player + 400 proze GUARANTEED! Reply with: WIN to 83355 now! Norcorp Ltd. 1,50/Mtmsgrcvd18+"
ham,Hey gals.. Anyone of u going down to e driving centre tmr?
ham,Wat r u doing now?
spam,Ever thought about living a good life with a perfect partner? Just txt back NAME and AGE to join the mobile community. (100p/SMS)
spam,"Ur balance is now 600. Next question: Complete the landmark, Big, A. Bob, B. Barry or C. Ben ?. Text A, B or C to 83738. Good luck!"
spam,"For ur chance to win a 250 cash every wk TXT: ACTION to 80608. T's&C's www.movietrivia.tv custcare 08712405022, 1x150p/wk"
ham,"When I was born, GOD said, \Oh No! Another IDIOT\"". When you were born"
ham,"Got ur mail Dileep.thank you so muchand look forward to lots of support...very less contacts here,remember one venugopal you mentioned.tomorrow if not late,i shall try to come up till there.goodnight dear."
ham,Not directly behind... Abt 4 rows behind _...
ham,Hope ur head doesn't hurt 2 much ! Am ploughing my way through a pile of ironing ! Staying in with a chinky tonight come round if you like.
ham,Im just wondering what your doing right now?
ham,Lol! Nah wasn't too bad thanks. Its good to b home but its been quite a reality check. Hows ur day been? Did u do anything with website?
ham,"* Was a nice day and, impressively, i was sensible, went home early and now feel fine. Or am i just boring?! When's yours, i can't remember."
ham,Thats cool. i am a gentleman and will treat you with dignity and respect.
spam,"URGENT! Last weekend's draw shows that you have won 1000 cash or a Spanish holiday! CALL NOW 09050000332 to claim. T&C: RSTM, SW7 3SS. 150ppm"
ham,Is xy in ur car when u picking me up?
ham,"Erm... Woodland avenue somewhere. Do you get the parish magazine, his telephone number will be in there."
ham,Mum ask _ to buy food home...
ham,Thats cool. i liked your photos. You are very sexy!
ham,As per your request 'Maangalyam (Alaipayuthe)' has been set as your callertune for all Callers. Press *9 to copy your friends Callertune
ham,Quite ok but a bit ex... U better go eat smth now else i'll feel guilty...
ham,Wat r u doing?
ham,Ard 515 like dat. Y?
ham,"<#> , that's all? Guess that's easy enough"
ham,Pathaya enketa maraikara pa'
ham,Check mail.i have mailed varma and kept copy to you regarding membership.take care.insha allah.
ham,Will do. Have a good day
ham,Yo! Howz u? girls never rang after india. L
ham,Hello beautiful r u ok? I've kinda ad a row wiv and he walked out the pub?? I wanted a night wiv u Miss u
ham,Sitting in mu waiting for everyone to get out of my suite so I can take a shower
ham,Yes.i'm in office da:)
ham,"Haha... Where got so fast lose weight, thk muz go 4 a month den got effect... Gee,later we go aust put bk e weight."
ham,"Sure, whenever you show the fuck up >:("
ham,"Yep, by the pretty sculpture"
ham,Wait 2 min..stand at bus stop
ham,"Happy new year to u and ur family...may this new year bring happiness , stability and tranquility to ur vibrant colourful life:):)"
spam,"Latest News! Police station toilet stolen, cops have nothing to go on!"
ham,Havent shopping now lor i juz arrive only
ham,All these nice new shirts and the only thing I can wear them to is nudist themed ;_; you in mu?
ham,Thanks. It was only from tescos but quite nice. All gone now. Speak soon
ham,Exactly. Anyways how far. Is jide her to study or just visiting
ham,Okay lor... Wah... like that def they wont let us go... Haha... What did they say in the terms and conditions?
ham,I know complain num only..bettr directly go to bsnl offc nd apply for it..
ham,Am in gobi arts college
ham,Dont know supports ass and srt i thnk. I think ps3 can play through usb too
ham,"Beautiful tomorrow never comes.. When it comes, it's already TODAY.. In the hunt of beautiful tomorrow don't waste your wonderful TODAY.. GOODMORNING:)"
ham,Dunno da next show aft 6 is 850. Toa payoh got 650.
ham,Prepare to be pounded every night...
ham,Are you free now?can i call now?
ham,We're done...
ham,"You at mu? You should try to figure out how much money everyone has for gas and alcohol, jay and I are trying to figure out our weed budget"
ham,"No, its true..k,Do u knw dis no. <#> ?"
ham,I wanted to wish you a Happy New Year and I wanted to talk to you about some legal advice to do with when Gary and I split but in person. I'll make a trip to Ptbo for that. I hope everything is good with you babe and I love ya :)
ham,Its good to hear from you
ham,Think + da. You wil do.
ham,No messages on her phone. I'm holding it now
ham,"Sorry, I'll call later in meeting."
spam,Well done ENGLAND! Get the official poly ringtone or colour flag on yer mobile! text TONE or FLAG to 84199 NOW! Opt-out txt ENG STOP. Box39822 W111WX 1.50
ham,Misplaced your number and was sending texts to your old number. Wondering why i've not heard from you this year. All the best in your mcat. Got this number from my atlanta friends
ham,"I'm back & we're packing the car now, I'll let you know if there's room"
ham,"Aight fuck it, I'll get it later"
ham,"K, jason says he's gonna be around so I'll be up there around <#>"
spam,You are now unsubscribed all services. Get tons of sexy babes or hunks straight to your phone! go to http://gotbabes.co.uk. No subscriptions.
ham,You still coming tonight?
ham,Si si. I think ill go make those oreo truffles.
ham,My battery is low babe
spam,"Hi there, 2nights ur lucky night! Uve been invited 2 XCHAT, the Uks wildest chat! Txt CHAT to 86688 now! 150p/MsgrcvdHG/Suite342/2Lands/Row/W1J6HL LDN 18yrs"
spam,"Congratulations - Thanks to a good friend U have WON the 2,000 Xmas prize. 2 claim is easy, just call 08712103738 NOW! Only 10p per minute. BT-national-rate"
ham,I realise you are a busy guy and i'm trying not to be a bother. I have to get some exams outta the way and then try the cars. Do have a gr8 day
ham,You'll never believe this but i have actually got off at taunton. Wow
ham,Aight sorry I take ten years to shower. What's the plan?
ham,Goodmorning today i am late for <DECIMAL> min.
ham,Hey you told your name to gautham ah?
ham,I don know account details..i will ask my mom and send you.my mom is out of reach now.
ham,Pls speak with me. I wont ask anything other then you friendship.
ham,Hey i will be really pretty late... You want to go for the lesson first? I will join you. I'm only reaching tp mrt
ham,Have you finished work yet? :)
ham,Thought praps you meant another one. Goodo! I'll look tomorrow
ham,2 and half years i missed your friendship:-)
ham,"Sorry my roommates took forever, it ok if I come by now?"
ham,Its a great day. Do have yourself a beautiful one.
ham,Ok. C u then.
ham,We left already we at orchard now.
spam,"Hi ya babe x u 4goten bout me?' scammers getting smart..Though this is a regular vodafone no, if you respond you get further prem rate msg/subscription. Other nos used also. Beware!"
ham,Yes. that will be fine. Love you. Be safe.
ham,"The affidavit says <#> E Twiggs St, division g, courtroom <#> , <TIME> AM. I'll double check and text you again tomorrow"
ham,Lol for real. She told my dad I have cancer
ham,"Sorry to trouble u again. Can buy 4d for my dad again? 1405, 1680, 1843. All 2 big 1 small, sat n sun. Thanx."
ham,Didn't you get hep b immunisation in nigeria.
ham,Thanks honey. Have a great day.
ham,I'll be in sch fr 4-6... I dun haf da book in sch... It's at home...
spam,"1000's flirting NOW! Txt GIRL or BLOKE & ur NAME & AGE, eg GIRL ZOE 18 to 8007 to join and get chatting!"
ham,To day class is there are no class.
ham,Yunny... I'm goin to be late
ham,"\CHEERS U TEX MECAUSE U WEREBORED! YEAH OKDEN HUNNY R UIN WK SAT?SOUND S LIKEYOUR HAVIN GR8FUN J! KEEP UPDAT COUNTINLOTS OF LOVEME XXXXX.\"""""
ham,And now electricity just went out fml.
ham,Sure! I am driving but will reach my destination soon.
ham,What not under standing.
spam,SMS AUCTION - A BRAND NEW Nokia 7250 is up 4 auction today! Auction is FREE 2 join & take part! Txt NOKIA to 86021 now!
ham,What is your record for one night? :)
spam,SMS AUCTION You have won a Nokia 7250i. This is what you get when you win our FREE auction. To take part send Nokia to 86021 now. HG/Suite342/2Lands Row/W1JHL 16+
ham,neva tell me how i noe... I'm not at home in da aft wat...
ham,"Hello, my love. What are you doing? Did you get to that interview today? Are you you happy? Are you being a good boy? Do you think of me?Are you missing me ?"
spam,URGENT! We are trying to contact you. Last weekends draw shows that you have won a 900 prize GUARANTEED. Call 09061701939. Claim code S89. Valid 12hrs only
ham,Dear reached railway. What happen to you
ham,"its cool but tyler had to take off so we're gonna buy for him and drop it off at his place later tonight. Our total order is a quarter, you got enough?"
ham,Sounds great! Are you home now?
ham,The guy did some bitching but I acted like i'd be interested in buying something else next week and he gave it to us for free
ham,Yeah but which is worse for i
ham,Hmmm:)how many players selected?
ham,Yes ammae....life takes lot of turns you can only sit and try to hold the steering...
ham,That depends. How would you like to be treated? :)
spam,Urgent Ur 500 guaranteed award is still unclaimed! Call 09066368327 NOW closingdate04/09/02 claimcode M39M51 1.50pmmorefrommobile2Bremoved-MobyPOBox734LS27YF
ham,What i mean is do they come chase you out when its over or is it stated you can watch as many movies as you want.
ham,Whos this am in class:-)
ham,"Good evening Sir, Al Salam Wahleykkum.sharing a happy news.By the grace of God, i got an offer from Tayseer,TISSCO and i joined.Hope you are fine.Inshah Allah,meet you sometime.Rakhesh,visitor from India."
ham,"Enjoy the showers of possessiveness poured on u by ur loved ones, bcoz in this world of lies, it is a golden gift to be loved truly.."
ham,K I'll take care of it
ham,3 pa but not selected.
ham,Can you do a mag meeting this avo at some point?
ham,You know what hook up means right?
spam,Want a new Video Phone? 750 anytime any network mins? Half price line rental free text for 3 months? Reply or call 08000930705 for free delivery
ham,That's ok. I popped in to ask bout something and she said you'd been in. Are you around tonght wen this girl comes?
spam,PRIVATE! Your 2003 Account Statement for 07973788240 shows 800 un-redeemed S. I. M. points. Call 08715203649 Identifier Code: 40533 Expires 31/10/04
ham,Ya:)going for restaurant..
ham,It so happens that there r 2waxsto do wat you want. She can come and ill get her medical insurance. And she'll be able to deliver and have basic care. I'm currently shopping for the right medical insurance for her. So just give me til friday morning. Thats when i.ll see the major person that can guide me to the right insurance.
ham,I think it's all still in my car
ham,"Ah, well that confuses things, doesnt it? I thought was friends with now. Maybe i did the wrong thing but i already sort of invited -tho he may not come cos of money."
ham,"Save yourself the stress. If the person has a dorm account, just send your account details and the money will be sent to you."
ham,"Come round, it's ."
ham,Oh you got many responsibilities.
ham,"Aight yo, dats straight dogg"
ham,How? Izzit still raining?
ham,Yup i've finished c _ there...
ham,"Good good, billy mates all gone. Just been jogging, again! Did enjoy concert?"
ham,Ok... Let u noe when i leave my house.
ham,my ex-wife was not able to have kids. Do you want kids one day?
ham,Ok no prob...
spam,"Congrats 2 mobile 3G Videophones R yours. call 09063458130 now! videochat wid ur mates, play java games, Dload polypH music, noline rentl. bx420. ip4. 5we. 150p"
ham,U attend ur driving lesson how many times a wk n which day?
spam,"Hi, this is Mandy Sullivan calling from HOTMIX FM...you are chosen to receive 5000.00 in our Easter Prize draw.....Please telephone 09041940223 to claim before 29/03/05 or your prize will be transferred to someone else...."
ham,Shall I bring us a bottle of wine to keep us amused? Only joking! I ll bring one anyway
ham,It vl bcum more difficult..
ham,"Huh... Hyde park not in mel ah, opps, got confused... Anyway, if tt's e best choice den we juz have to take it..."
ham,I'm on the bus. Love you
ham,"Babe! How goes that day ? What are you up to ? I miss you already, my Love ... * loving kiss* ... I hope everything goes well."
ham,I take it the post has come then! You must have 1000s of texts now! Happy reading. My one from wiv hello caroline at the end is my favourite. Bless him
ham,Talk to g and x about that
ham,Nope but i'm going home now then go pump petrol lor... Like going 2 rain soon...
ham,"Sorry im getting up now, feel really bad- totally rejected that kinda me thing."
ham,Hey they r not watching movie tonight so i'll prob b home early...
ham,If You mean the website. Yes.
ham,"THAT S ALRITE GIRL, U KNOW GAIL IS NEVA WRONG!!TAKE CARE SWEET AND DON T WORRY.C U L8TR HUN!LOVE Yaxxx"
ham,Lol I have to take it. member how I said my aunt flow didn't visit for 6 months? It's cause I developed ovarian cysts. Bc is the only way to shrink them.
spam,URGENT! Your Mobile number has been awarded a <UKP>2000 prize GUARANTEED. Call 09061790125 from landline. Claim 3030. Valid 12hrs only 150ppm
ham,You intrepid duo you! Have a great time and see you both soon.
ham,they released another Italian one today and it has a cosign option
ham,Yup i thk they r e teacher said that will make my face look longer. Darren ask me not 2 cut too short.
ham,"awesome, how do I deal with the gate? Charles told me last night but, uh, yeah"
ham,I am in office:)whats the matter..msg me now.i will call you at break:).
ham,CERI U REBEL! SWEET DREAMZ ME LITTLE BUDDY!! C YA 2MORO! WHO NEEDS BLOKES
ham,Even i cant close my eyes you are in me our vava playing umma :-D
ham,yeah sure thing mate haunt got all my stuff sorted but im going sound anyway promoting hex for .by the way who is this? dont know number. Joke
ham,give me some time to walk there.
ham,"No dice, art class 6 thru 9 :( thanks though. Any idea what time I should come tomorrow?"
ham,Allo! We have braved the buses and taken on the trains and triumphed. I mean we re in b ham. Have a jolly good rest of week
ham,Oh yes I can speak txt 2 u no! Hmm. Did u get email?
ham,I have many dependents
ham,Sounds like a plan! Cardiff is still here and still cold! I'm sitting on the radiator!
ham,"Hey babe, my friend had to cancel, still up for a visit ?"
spam,"New Tones This week include: 1)McFly-All Ab.., 2) Sara Jorge-Shock.. 3) Will Smith-Switch.. To order follow instructions on next message"
ham,(That said can you text him one more time?)
ham,Ok lor... But buy wat?
ham,"Geeeee ... Your internet is really bad today, eh ?"
ham,Aiyo cos i sms _ then _ neva reply so i wait 4 _ to reply lar. I tot _ havent finish ur lab wat.
ham,Anyway holla at me whenever you're around because I need an excuse to go creep on people in sarasota
ham,Every monday..nxt week vl be completing..
ham,I've not sent it. He can send me.
ham,Yeah sure I'll leave in a min
ham,ELLO BABE U OK?
ham,"Nice. Wait...should you be texting right now? I'm not gonna pay your ticket, ya know!"
ham,Good. No swimsuit allowed :)
ham,Do u konw waht is rael FRIENDSHIP Im gving yuo an exmpel: Jsut ese tihs msg.. Evrey splleing of tihs msg is wrnog.. Bt sitll yuo can raed it wihtuot ayn mitsake.. GOODNIGHT & HAVE A NICE SLEEP..SWEET DREAMS..
ham,How are you. Wish you a great semester
ham,Been up to ne thing interesting. Did you have a good birthday? When are u wrking nxt? I started uni today.
ham,I wont. So wat's wit the guys
ham,We confirm eating at esplanade?
ham,"What do you do, my dog ? Must I always wait till the end of your day to have word from you ? Did you run out of time on your cell already?"
ham,Yeah my usual guy's out of town but there're definitely people around I know
ham,No management puzzeles.
ham,Do I? I thought I put it back in the box
ham,How's it going? Got any exciting karaoke type activities planned? I'm debating whether to play football this eve. Feeling lazy though.
ham,First has she gained more than <#> kg since she took in. Second has she done the blood sugar tests. If she has and its ok and her blood pressure is within normal limits then no worries
ham,What time do u get out?
ham,*deep sigh* ... I miss you :-( ... I am really surprised you haven't gone to the net cafe yet to get to me ... Don't you miss me?
ham,Dad says hurry the hell up
ham,I need you to be in my strong arms...
ham,That seems unnecessarily affectionate
ham,Hey... What time is your driving on fri? We go for evaluation on fri?
ham,"K, makes sense, btw carlos is being difficult so you guys are gonna smoke while I go pick up the second batch and get gas"
ham,645
ham,Can you plz tell me the ans. BSLVYL sent via fullonsms.com
ham,Also where's the piece
ham,Havent mus ask if u can 1st wat. Of meet 4 lunch den u n him meet can already lor. Or u wan 2 go ask da ge 1st then confirm w me asap?
ham,Erm. I thought the contract ran out the4th of october.
ham,Yes. Last practice
ham,K:)k.are you in college?
ham,"(And my man carlos is definitely coming by mu tonight, no excuses)"
ham,Uncle Abbey! Happy New Year. Abiola
ham,Quite lor. But dun tell him wait he get complacent...
ham,Except theres a chick with huge boobs.
ham,I dont have any of your file in my bag..i was in work when you called me.i 'll tell you if i find anything in my room.
ham,"I'll text carlos and let you know, hang on"
ham,Wat's da model num of ur phone?
spam,Show ur colours! Euro 2004 2-4-1 Offer! Get an England Flag & 3Lions tone on ur phone! Click on the following service message for info!
ham,She's borderline but yeah whatever.
ham,"Ya, i'm referin to mei's ex wat... No ah, waitin 4 u to treat, somebody shld b rich liao...So gd, den u dun have to work frm tmr onwards..."
ham,"Goodmorning,my grandfather expired..so am on leave today."
ham,Ok i vl..do u know i got adsense approved..
ham,HI ITS KATE CAN U GIVE ME A RING ASAP XXX
ham,Great. Have a safe trip. Dont panic surrender all.
spam,"This is the 2nd time we have tried 2 contact u. U have won the 750 Pound prize. 2 claim is easy, call 08718726970 NOW! Only 10p per min. BT-national-rate"
ham,Ok not a problem will get them a taxi. C ing tomorrow and tuesday. On tuesday think we r all going to the cinema.
ham,"Today is \song dedicated day..\"" Which song will u dedicate for me? Send this to all ur valuable frnds but first rply me..."""
ham,"Fun fact: although you would think armand would eventually build up a tolerance or some shit considering how much he smokes, he gets fucked up in like 2 hits"
ham,Come by our room at some point so we can iron out the plan for this weekend
ham,"I feel like a dick because I keep sleeping through your texts and facebook messages. Sup, you in town?"
ham,Well then you have a great weekend!
ham,Hey sexy buns! What of that day? No word from you this morning on YM ... :-( ... I think of you
ham,Well there's a pattern emerging of my friends telling me to drive up and come smoke with them and then telling me that I'm a weed fiend/make them smoke too much/impede their doing other things so you see how I'm hesitant
ham,I donno if they are scorable
ham,Ha... U jus ate honey ar? So sweet...
ham,Umma. Did she say anything
ham,Well I'm going to be an aunty!
ham,How many licks does it take to get to the center of a tootsie pop?
ham,"Dunno, my dad said he coming home 2 bring us out 4 lunch. Yup i go w u lor. I call u when i reach school lor..."
ham,The 2 oz guy is being kinda flaky but one friend is interested in picking up $ <#> worth tonight if possible
ham,"I promise to take good care of you, princess. I have to run now. Please send pics when you get a chance. Ttyl!"
spam,"HOT LIVE FANTASIES call now 08707500020 Just 20p per min NTT Ltd, PO Box 1327 Croydon CR9 5WB 0870 is a national rate call"
ham,I am in a marriage function
ham,I'm watching lotr w my sis dis aft. So u wan 2 meet me 4 dinner at nite a not?
ham,Baaaaaaaabe! Wake up ! I miss you ! I crave you! I need you!
ham,In other news after hassling me to get him weed for a week andres has no money. HAUGHAIGHGTUJHYGUJ
ham,Congrats. That's great. I wanted to tell you not to tell me your score cos it might make me relax. But its motivating me so thanks for sharing
ham,haha but no money leh... Later got to go for tuition... Haha and looking for empty slots for driving lessons
ham,Should i buy him a blackberry bold 2 or torch. Should i buy him new or used. Let me know. Plus are you saying i should buy the <#> g wifi ipad. And what are you saying about the about the <#> g?
ham,"Like I made him throw up when we were smoking in our friend's car one time, it was awesome"
ham,Oic cos me n my sis got no lunch today my dad went out... So dunno whether 2 eat in sch or wat...
ham,University of southern california.
ham,"Just making dinner, you ?"
ham,have * good weekend.
ham,"K, I'll work something out"
ham,Finish already... Yar they keep saying i mushy... I so embarrassed ok...
ham,Pls ask macho how much is budget for bb bold 2 is cos i saw a new one for <#> dollars.
ham,Lol no. Just trying to make your day a little more interesting
ham,"Hiya, had a good day? Have you spoken to since the weekend?"
ham,Wow so healthy. Old airport rd lor. Cant thk of anything else. But i'll b bathing my dog later.
ham,Our Prasanth ettans mother passed away last night. Just pray for her and family.
ham,Hi good mornin.. Thanku wish u d same..
spam,"YOU VE WON! Your 4* Costa Del Sol Holiday or 5000 await collection. Call 09050090044 Now toClaim. SAE, TC s, POBox334, Stockport, SK38xh, Cost 1.50/pm, Max10mins"
ham,Oh ok i didnt know what you meant. Yep i am baby jontin
ham,"Text me when you get off, don't call, my phones having problems"
ham,You'd like that wouldn't you? Jerk!
ham,I love you. You set my soul on fire. It is not just a spark. But it is a flame. A big rawring flame. XoXo
ham,Buy one egg for me da..please:)
spam,-PLS STOP bootydelious (32/F) is inviting you to be her friend. Reply YES-434 or NO-434 See her: www.SMS.ac/u/bootydelious STOP? Send STOP FRND to 62468
ham,Is fujitsu s series lifebook good?
ham,Good evening! this is roger. How are you?
ham,My sister got placed in birla soft da:-)
ham,"Cool, text me when you head out"
ham,Send his number and give reply tomorrow morning for why you said that to him like that ok
spam,Sex up ur mobile with a FREE sexy pic of Jordan! Just text BABE to 88600. Then every wk get a sexy celeb! PocketBabe.co.uk 4 more pics. 16 3/wk 087016248
ham,I finished my lunch already. U wake up already?
ham,Yes. Nigh you cant aha.
ham,When are you guys leaving?
ham,"yeah, that's what I was thinking"
ham,Oh :-)only 4 outside players allowed to play know
ham,"OH RITE. WELL IM WITH MY BEST MATE PETE, WHO I WENT OUT WITH 4 A WEEK+ NOW WERE 2GEVA AGAIN. ITS BEEN LONGER THAN A WEEK."
ham,Did u see what I posted on your Facebook?
ham,"\Petey boy whereare you me and all your friendsare in theKingshead come down if you canlove Nic\"""""
ham,"\AH POOR BABY!HOPE URFEELING BETTERSN LUV! PROBTHAT OVERDOSE OF WORK HEY GO CAREFUL SPK 2 U SN LOTS OF LOVEJEN XXX.\"""""
ham,Teach me apps da. When you come to college.
ham,Nothing spl..wat abt u and whr ru?
ham,K..k..i'm also fine:)when will you complete the course?
ham,"Remember all those whom i hurt during days of satanic imposter in me.need to pay a price,so be it.may destiny keep me going and as u said pray that i get the mind to get over the same."
ham,Tell me something. Thats okay.
ham,Sounds better than my evening im just doing my costume. Im not sure what time i finish tomorrow but i will txt you at the end.
ham,"Yeah there's barely enough room for the two of us, x has too many fucking shoes. Sorry man, see you later"
ham,Surly ill give it to you:-) while coming to review.
ham,Yes we are chatting too.
ham,Siva is in hostel aha:-.
ham,No screaming means shouting..
ham,"Hi hope u r both ok, he said he would text and he hasn't, have u seen him, let me down gently please"
ham,That's one of the issues but california is okay. No snow so its manageable
spam,CDs 4u: Congratulations ur awarded 500 of CD gift vouchers or 125 gift guaranteed & Freeentry 2 100 wkly draw xt MUSIC to 87066 TnCs www.ldew.com1win150ppmx3age16
ham,I dun believe u. I thk u told him.
ham,Yeah I don't see why not
ham,Do u noe how 2 send files between 2 computers?
ham,Yes! How is a pretty lady like you single?
ham,I donno its in your genes or something
ham,Excellent! Are you ready to moan and scream in ecstasy?
ham,"Total disappointment, when I texted you was the craziest shit got :("
ham,You still at the game?
ham,Nothing. Can...
spam,URGENT! We are trying to contact U. Todays draw shows that you have won a 2000 prize GUARANTEED. Call 09058094507 from land line. Claim 3030. Valid 12hrs only
ham,"Yeah I should be able to, I'll text you when I'm ready to meet up"
spam,U are subscribed to the best Mobile Content Service in the UK for 3 per 10 days until you send STOP to 82324. Helpline 08706091795
ham,Sry da..jst nw only i came to home..
ham,"Best msg: It's hard to be with a person, when u know that one more step foward will make u fall in love.. & One step back can ruin ur friendship.. good night:-) ..."
ham,What was she looking for?
ham,Welp apparently he retired
ham,Baaaaabe! I misss youuuuu ! Where are you ? I have to go and teach my class at 5 ...
ham,"Thats a bit weird, even ?- where is the do supposed to be happening? But good idea, sure they will be in pub!"
ham,Jordan got voted out last nite!
ham,Yes baby! We can study all the positions of the kama sutra ;)
ham,"\Aww you must be nearly dead!Well Jez isComing over toDo some workAnd that whillTake forever!\"""""
spam,The current leading bid is 151. To pause this auction send OUT. Customer Care: 08718726270
ham,"Hey babe, sorry i didn't get sooner. Gary can come and fix it cause he thinks he knows what it is but he doesn't go as far a Ptbo and he says it will cost <#> bucks. I don't know if it might be cheaper to find someone there ? We don't have any second hand machines at all right now, let me know what you want to do babe"
ham,"Urgh, coach hot, smells of chip fat! Thanks again, especially for the duvet (not a predictive text word)."
ham,"How long has it been since you screamed, princess?"
ham,I'm done. C _ there.
ham,Ok... Sweet dreams...
ham,"We know TAJ MAHAL as symbol of love. But the other lesser known facts 1. Mumtaz was Shahjahan's 4th wife, out of his 7 wifes. 2. Shahjahan killed Mumtaz's husband to marry her. 3. Mumtaz died in her <#> th delivery. 4. He then married Mumtaz's sister. Question arises where the Hell is the LOVE?:-| -The Great Hari-"
ham,"K give me a sec, breaking a <#> at cstore"
ham,Well i know Z will take care of me. So no worries.
ham,what are your new years plans?
ham,I don't know jack shit about anything or i'd say/ask something helpful but if you want you can pretend that I did and just text me whatever in response to the hypotheticalhuagauahahuagahyuhagga
ham,I'm in class. Did you get my text.
spam,"Think ur smart ? Win 200 this week in our weekly quiz, text PLAY to 85222 now!T&Cs WinnersClub PO BOX 84, M26 3UZ. 16+. GBP1.50/week"
ham,There is no sense in my foot and penis.
ham,Ok ill tell the company
spam,Todays Voda numbers ending 7548 are selected to receive a $350 award. If you have a match please call 08712300220 quoting claim code 4041 standard rates app
spam,WIN URGENT! Your mobile number has been awarded with a 2000 prize GUARANTEED call 09061790121 from land line. claim 3030 valid 12hrs only 150ppm
ham,Well I might not come then...
ham,This pay is <DECIMAL> lakhs:)
ham,Do we have any spare power supplies
ham,Yup i'm elaborating on the safety aspects and some other issues..
ham,"Omw back to tampa from west palm, you hear what happened?"
ham,U sick still can go shopping?
ham,S.this will increase the chance of winning.
ham,"Damn, can you make it tonight or do you want to just wait til tomorrow"
ham,"Go until jurong point, crazy.. Available only in bugis n great world la e buffet... Cine there got amore wat..."
ham,Oh:)as usual vijay film or its different?
ham,As per your request 'Melle Melle (Oru Minnaminunginte Nurungu Vettam)' has been set as your callertune for all Callers. Press *9 to copy your friends Callertune
ham,I want to be inside you every night...
ham,"hey, looks like I was wrong and one of the kappa guys numbers is still on my phone, if you want I can text him and see if he's around"
ham,Ok but tell me half an hr b4 u come i need 2 prepare.
ham,K still are you loving me.
spam,"Xmas Offer! Latest Motorola, SonyEricsson & Nokia & FREE Bluetooth or DVD! Double Mins & 1000 Txt on Orange. Call MobileUpd8 on 08000839402 or call2optout/4QF2"
ham,"Good morning, my boytoy! How's those yummy lips ? Where's my sexy buns now ? What do you do ? Do you think of me ? Do you crave me ? Do you need me ?"
ham,My sister cleared two round in birla soft yesterday.
ham,No chikku nt yet.. Ya i'm free
ham,I don't want you to leave. But i'm barely doing what i can to stay sane. fighting with you constantly isn't helping.
ham,Or i go home first lar _ wait 4 me lor.. I put down my stuff first..
ham,Yeah get the unlimited
ham,Just do what ever is easier for you
ham,Just seeing your missed call my dear brother. Do have a gr8 day.
spam,"Call 09094100151 to use ur mins! Calls cast 10p/min (mob vary). Service provided by AOM, just GBP5/month. AOM Box61,M60 1ER until u stop. Ages 18+ only!"
ham,Can u get pic msgs to your phone?
ham,Do you work all this week ?
ham,"Tyler (getting an 8th) has to leave not long after 9, can you get here in like an hour?"
ham,With my sis lor... We juz watched italian job.
spam,PRIVATE! Your 2003 Account Statement for shows 800 un-redeemed S. I. M. points. Call 08719899230 Identifier Code: 41685 Expires 07/11/04
ham,Hey i booked the kb on sat already... what other lessons are we going for ah? Keep your sat night free we need to meet and confirm our lodging
ham,Please tell me you have some of that special stock you were talking about
ham,How are you babes. Hope your doing ok. I had a shit nights sleep. I fell asleep at 5.I m knackered and i m dreading work tonight. What are thou upto tonight. X
ham,Been running but only managed 5 minutes and then needed oxygen! Might have to resort to the roller option!
ham,You still around? Looking to pick up later
ham,Unni thank you dear for the recharge..Rakhesh
ham,"I'm not sure, I was just checking out what was happening around the area"
spam,Free msg: Single? Find a partner in your area! 1000s of real people are waiting to chat now!Send CHAT to 62220Cncl send STOPCS 08717890890 1.50 per msg
ham,"He is impossible to argue with and he always treats me like his sub, like he never released me ... Which he did and I will remind him of that if necessary"
ham,You know there is. I shall speak to you in <#> minutes then
ham,Did he just say somebody is named tampa
spam,"You are a 1000 winner or Guaranteed Caller Prize, this is our Final attempt to contact you! To Claim Call 09071517866 Now! 150ppmPOBox10183BhamB64XE"
ham,Ya srsly better than yi tho
ham,";-( oh well, c u later"
ham,No probably <#> %.
ham,You were supposed to wake ME up >:(
ham,Wife.how she knew the time of murder exactly
ham,I want to see your pretty pussy...
ham,get ready to moan and scream :)
spam,3. You have received your mobile content. Enjoy
ham,"Its ok, if anybody asks abt me, u tel them..:-P"
ham,From tomorrow onwards eve 6 to 3 work.
ham,"It could work, we'll reach a consensus at the next meeting"
ham,Everybody had fun this evening. Miss you.
ham,Don't make life too stressfull.. Always find time to Laugh.. It may not add years to your Life! But surely adds more life to ur years!! Gud ni8..swt dreams..
ham,And smile for me right now as you go and the world will wonder what you are smiling about and think your crazy and keep away from you ... *grins*
ham,I am taking you for italian food. How about a pretty dress with no panties? :)
ham,Babe ? I lost you ... :-(
ham,"She said,' do u mind if I go into the bedroom for a minute ? ' 'OK', I sed in a sexy mood. She came out 5 minuts latr wid a cake...n My Wife,"
ham,I think chennai well settled?
ham,Do _ noe if ben is going?
ham,Oh ok..
spam,FREE entry into our 250 weekly comp just send the word WIN to 80086 NOW. 18 T&C www.txttowin.co.uk
ham,"Not really dude, have no friends i'm afraid :("
ham,Just glad to be talking to you.
ham,Are you at work right now ?
ham,Good. Good job. I like entrepreneurs
ham,Easy ah?sen got selected means its good..
ham,"Just arrived, see you in a couple days <3"
ham,K.:)do it at evening da:)urgent:)
ham,watever reLation u built up in dis world only thing which remains atlast iz lonlines with lotz n lot memories! feeling..
ham,"K, I might come by tonight then if my class lets out early"
ham,I'm going 2 orchard now laready me reaching soon. U reaching?
ham,Jus finish bathing...
ham,ALRITE SAM ITS NIC JUST CHECKIN THAT THIS IS UR NUMBER-SO IS IT?T.B*
ham,So why didnt you holla?
ham,Wait <#> min..
ham,"And that is the problem. You walk around in \julianaland\"" oblivious to what is going on around you. I say the same things constantly and they go in one ear and out the other while you go off doing whatever you want to do. It's not that you don't know why I'm upset--it's that you don't listen when i tell you WHAT is going to upset me. Then you want to be surprised when I'm mad."""
spam,Todays Vodafone numbers ending with 4882 are selected to a receive a 350 award. If your number matches call 09064019014 to receive your 350 award.
ham,Wat so late still early mah. Or we juz go 4 dinner lor. Aiya i dunno...
ham,Thank you. do you generally date the brothas?
ham,I know you are. Can you pls open the back?
ham,Infact happy new year. How are you where are you when are we seeing
ham,Get down in gandhipuram and walk to cross cut road. Right side <#> street road and turn at first right.
ham,Ok i shall talk to him
spam,A 400 XMAS REWARD IS WAITING FOR YOU! Our computer has randomly picked you from our loyal mobile customers to receive a 400 reward. Just call 09066380611
ham,Great escape. I fancy the bridge but needs her lager. See you tomo
ham,Ill be at yours in about 3 mins but look out for me
ham,i thought we were doing a king of the hill thing there.
ham,What time you think you'll have it? Need to know when I should be near campus
ham,Please da call me any mistake from my side sorry da. Pls da goto doctor.
ham,Aight what time you want me to come up?
ham,So are you guys asking that i get that slippers again or its gone with last year
ham,Gokila is talking with you aha:)
ham,"Awesome, I'll see you in a bit"
ham,I was up all night too worrying about this appt. It's a shame we missed a girls night out with quizzes popcorn and you doing my hair.
ham,Aiyar hard 2 type. U later free then tell me then i call n scold n tell u.
ham,Is it ok if I stay the night here? Xavier has a sleeping bag and I'm getting tired
ham,None of that's happening til you get here though
ham,Did you show him and wot did he say or could u not c him 4 dust?
spam,Todays Voda numbers ending 1225 are selected to receive a 50award. If you have a match please call 08712300220 quoting claim code 3100 standard rates app
ham,Were trying to find a Chinese food place around here
ham,Well thats nice. Too bad i cant eat it
ham,Do you want bold 2 or bb torch
ham,"You know, wot people wear. T shirts, jumpers, hat, belt, is all we know. We r at Cribbs"
ham,"And that's fine, I got enough bud to last most of the night at least"
ham,Depends on where u going lor.
ham,But that's on ebay it might be less elsewhere.
ham,We can make a baby in yo tho
ham,"For you information, IKEA is spelled with all caps. That is not yelling. when you thought i had left you, you were sitting on the bed among the mess when i came in. i said we were going after you got home from class. please don't try and bullshit me. It makes me want to listen to you less."
ham,Sending you greetings of joy and happiness. Do have a gr8 evening
spam,You have won a guaranteed 32000 award or maybe even 1000 cash to claim ur award call free on 0800 ..... (18+). Its a legitimat efreefone number wat do u think???
ham,", ow u dey.i paid 60,400thousad.i told u would call ."
ham,"Not much, just some textin'. How bout you?"
ham,Hope you are having a good week. Just checking in
ham,I'm on da bus going home...
ham,"Sorry sir, i will call you tomorrow. senthil.hsbc"
ham,Ok... C ya...
ham,(You didn't hear it from me)
ham,Who's there say hi to our drugdealer
ham,K.k:)when are you going?
ham,Hey u still at the gym?
ham,"When you just put in the + sign, choose my number and the pin will show. Right?"
ham,Nope i'll come online now..
ham,Not course. Only maths one day one chapter with in one month we can finish.
ham,"Damn, poor zac doesn't stand a chance"
ham,Great. P diddy is my neighbor and comes for toothpaste every morning
ham,Hope you are not scared!
ham,Have you heard about that job? I'm going to that wildlife talk again tonight if u want2come. Its that2worzels and a wizzle or whatever it is?!
ham,One of the joys in lifeis waking up each daywith thoughts that somewhereSomeone cares enough tosend a warm morning greeting.. -
spam,YES! The only place in town to meet exciting adult singles is now in the UK. Txt CHAT to 86688 now! 150p/Msg.
ham,Hey... are you going to quit soon? Xuhui and i working till end of the month
ham,Yes fine
ham,I actually did for the first time in a while. I went to bed not too long after i spoke with you. Woke up at 7. How was your night?
ham,I lost 4 pounds since my doc visit last week woot woot! Now I'm gonna celebrate by stuffing my face!
spam,"Urgent UR awarded a complimentary trip to EuroDisinc Trav, Aco&Entry41 Or 1000. To claim txt DIS to 87121 18+6* 1.50(moreFrmMob. ShrAcomOrSglSuplt)10, LS1 3AJ"
spam,* FREE* POLYPHONIC RINGTONE Text SUPER to 87131 to get your FREE POLY TONE of the week now! 16 SN PoBox202 NR31 7ZS subscription 450pw
ham,"Open rebtel with firefox. When it loads just put plus sign in the user name place, and it will show you two numbers. The lower number is my number. Once you pick that number the pin will display okay!"
ham,Oh ic. I thought you meant mary jane.
spam,Text BANNEDUK to 89555 to see! cost 150p textoperator g696ga 18+ XXX
ham,I not busy juz dun wan 2 go so early.. Hee..
ham,"Sir, waiting for your letter."
ham,Its ok my arm is feeling weak cuz i got a shot so we can go another time
ham,"<#> is fast approaching. So, Wish u a very Happy New Year Happy Sankranti Happy republic day Happy Valentines Day Happy Shivratri Happy Ugadi Happy Fools day Happy May Day Happy Independence Day, Happy Friendship,Mother,Father,Teachers,Childrens Day, & HAPPY BIRTHDAY 4 U. Happy Ganesh festival Happy Dasara Happy Diwali Happy Christmas <#> Good Mornings Afternoons, Evenings Nights. RememberI AM the first to WISHING U ALL THESE...your's Raj"
ham,Can't. I feel nauseous. I'm so pissed. I didn't eat any sweets all week cause today I was planning to pig out. I was dieting all week. And now I'm not hungry :/
ham,"Ya tel, wats ur problem.."
spam,8007 FREE for 1st week! No1 Nokia tone 4 ur mob every week just txt NOKIA to 8007 Get txting and tell ur mates www.getzed.co.uk POBox 36504 W4 5WQ norm 150p/tone 16+
ham,I will take care of financial problem.i will help:)
ham,"Princess, is your kitty shaved or natural?"
ham,"Well, I have to leave for my class babe ... You never came back to me ... :-( ... Hope you have a nice sleep, my love"
ham,Well good morning mr . Hows london treatin' ya treacle?
ham,I had askd u a question some hours before. Its answer
ham,Ok. She'll be ok. I guess
ham,I thought slide is enough.
ham,How dare you change my ring
ham,"Ya they are well and fine., BBD(pooja) full pimples..even she become quite black..and ur rite here its too cold, wearing sweatter.."
ham,Just come home. I don't want u to be miserable
ham,Oh yeah I forgot. U can only take 2 out shopping at once.
ham,Sent me ur email id soon
ham,Really... I tot ur paper ended long ago... But wat u copied jus now got use? U happy lar... I still haf 2 study :-(
ham,"swhrt how u dey,hope ur ok, tot about u 2day.love n miss.take care."
ham,Do _ all wan 2 meet up n combine all the parts? How's da rest of da project going?
ham,Are you in castor? You need to see something
spam,URGENT! Your Mobile number has been awarded with a 2000 prize GUARANTEED. Call 09061790121 from land line. Claim 3030. Valid 12hrs only 150ppm
ham,Its hard to believe things like this. All can say lie but think twice before saying anything to me.
ham,Wah... Okie okie... Muz make use of e unlimited... Haha...
ham,Ok.. finishing soon?
spam,Free entry in 2 a wkly comp to win FA Cup final tkts 21st May 2005. Text FA to 87121 to receive entry question(std txt rate)T&C's apply 08452810075over18's
ham,I'm going out to buy mum's present ar.
ham,"Oh, the grand is having a bit of a party but it doesn't mention any cover charge so it's probably first come first served"
ham,Ok. Very good. Its all about making that money.
spam,Hard LIVE 121 chat just 60p/min. Choose your girl and connect LIVE. Call 09094646899 now! Cheap Chat UK's biggest live service. VU BCM1896WC1N3XX
spam,You have 1 new message. Please call 08715205273
ham,Alex says he's not ok with you not being ok with it
spam,From next month get upto 50% More Calls 4 Ur standard network charge 2 activate Call 9061100010 C Wire3.net 1st4Terms PoBox84 M26 3UZ Cost 1.50 min MobcudB more
spam,"For ur chance to win a 250 cash every wk TXT: ACTION to 80608. T's&C's www.movietrivia.tv custcare 08712405022, 1x150p/wk."
ham,Fine am simply sitting.
ham,Haven't eaten all day. I'm sitting here staring at this juicy pizza and I can't eat it. These meds are ruining my life.
spam,"Your free ringtone is waiting to be collected. Simply text the password \MIX\"" to 85069 to verify. Get Usher and Britney. FML"
ham,But really quite funny lor wat... Then u shd haf run shorter distance wat...
spam,URGENT! We are trying to contact you. Last weekends draw shows that you have won a 900 prize GUARANTEED. Call 09061701851. Claim code K61. Valid 12hours only
ham,Yup song bro. No creative. Neva test quality. He said check review online.
spam,Your next amazing xxx PICSFREE1 video will be sent to you enjoy! If one vid is not enough for 2day text back the keyword PICSFREE1 to get the next video.
ham,The bus leaves at <#>
ham,Not thought bout it... || Drink in tap & spile at seven. || Is that pub on gas st off broad st by canal. || Ok?
ham,do u think that any girl will propose u today by seing ur bloody funky shit fucking face...............asssssholeeee................
ham,No. I dont want to hear anything
ham,"Come to me, slave. Your doing it again ... Going into your shell and unconsciously avoiding me ... You are making me unhappy :-("
ham,But pls dont play in others life.
ham,Ok thanx...
ham,Asking do u knw them or nt? May be ur frnds or classmates?
ham,For real tho this sucks. I can't even cook my whole electricity is out. And I'm hungry.
spam,"HOT LIVE FANTASIES call now 08707509020 Just 20p per min NTT Ltd, PO Box 1327 Croydon CR9 5WB 0870..k"
spam,SMS SERVICES For your inclusive text credits pls gotto www.comuk.net login 3qxj9 unsubscribe with STOP no extra charge help 08702840625 comuk.220cm2 9AE
ham,Need a coffee run tomo?Can't believe it's that time of week already
ham,Oooh I got plenty of those!
ham,No i'm not gonna be able to. || too late notice. || i'll be home in a few weeks anyway. || what are the plans
ham,"\Response\"" is one of d powerful weapon 2 occupy a place in others 'HEART'... So"
spam,"URGENT, IMPORTANT INFORMATION FOR O2 USER. TODAY IS YOUR LUCKY DAY! 2 FIND OUT WHY LOG ONTO HTTP://WWW.URAWINNER.COM THERE IS A FANTASTIC SURPRISE AWAITING FOR YOU"
spam,You have an important customer service announcement. Call FREEPHONE 0800 542 0825 now!
ham,Our ride equally uneventful - not too many of those pesky cyclists around at that time of night ;).
ham,Ok try to do week end course in coimbatore.
ham,Cold. Dont be sad dear
ham,The wine is flowing and i'm i have nevering..
spam,PRIVATE! Your 2003 Account Statement for shows 800 un-redeemed S.I.M. points. Call 08715203685 Identifier Code:4xx26 Expires 13/10/04
ham,"I.ll always be there, even if its just in spirit. I.ll get a bb soon. Just trying to be sure i need it."
spam,Sexy Singles are waiting for you! Text your AGE followed by your GENDER as wither M or F E.G.23F. For gay men text your AGE followed by a G. e.g.23G.
spam,Hi if ur lookin 4 saucy daytime fun wiv busty married woman Am free all next week Chat now 2 sort time 09099726429 JANINExx Calls 1/minMobsmoreLKPOBOX177HP51FL
ham,tap & spile at seven. * Is that pub on gas st off broad st by canal. Ok?
ham,Hey pple...$700 or $900 for 5 nights...Excellent location wif breakfast hamper!!!
ham,"The house is on the water with a dock, a boat rolled up with a newscaster who dabbles in jazz flute behind the wheel"
ham,And several to you sir.
ham,Ok i am on the way to home hi hi
ham,How i noe... She's in da car now... Later then c lar... I'm wearing shorts...
ham,Ill be there on <#> ok.
ham,Still chance there. If you search hard you will get it..let have a try :)
ham,K..i deleted my contact that why?
ham,Your brother is a genius
ham,Havent planning to buy later. I check already lido only got 530 show in e afternoon. U finish work already?
ham,"Sir, good morning. Hope you had a good weekend. I called to let you know that i was able to raise <#> from my dad. He however said he would make the rest available by mid feb. This amount is still quite short and i was hoping you would help. Do have a good day. Abiola"
ham,Ok cool. See ya then.
ham,Cps is causing the outages to conserve energy.
ham,Yeah just open chat and click friend lists. Then make the list. Easy as pie
ham,Good sleep is about rhythm. The person has to establish a rhythm that the body will learn and use. If you want to know more :-)
ham,I didnt get anything da
spam,Call Germany for only 1 pence per minute! Call from a fixed line via access number 0844 861 85 85. No prepayment. Direct access! www.telediscount.co.uk
spam,INTERFLORA - It's not too late to order Interflora flowers for christmas call 0800 505060 to place your order before Midnight tomorrow.
ham,I got your back! Do you have any dislikes in bed?
spam,Reminder: You have not downloaded the content you have already paid for. Goto http://doit. mymoby. tv/ to collect your content.
ham,OK i'm waliking ard now... Do u wan me 2 buy anything go ur house?
ham,Thank you princess! I want to see your nice juicy booty...
ham,Sos! Any amount i can get pls.
spam,Ur cash-balance is currently 500 pounds - to maximize ur cash-in now send GO to 86688 only 150p/meg. CC: 08718720201 HG/Suite342/2lands Row/W1j6HL
ham,Was it something u ate?
ham,"Well done, blimey, exercise, yeah, i kinda remember wot that is, hmm."
ham,Guessin you ain't gonna be here before 9?
ham,Ok... Help me ask if she's working tmr a not?
ham,Okie but i scared u say i fat... Then u dun wan me already...
ham,"Nothing much, chillin at home. Any super bowl plan?"
ham,"Poyyarikatur,kolathupalayam,unjalur post,erode dis, <#> ."
ham,"Whatever, juliana. Do whatever you want."
spam,"Customer service announcement. We recently tried to make a delivery to you but were unable to do so, please call 07099833605 to re-schedule. Ref:9280114"
spam,Boltblue tones for 150p Reply POLY# or MONO# eg POLY3 1. Cha Cha Slide 2. Yeah 3. Slow Jamz 6. Toxic 8. Come With Me or STOP 4 more tones txt MORE
ham,I re-met alex nichols from middle school and it turns out he's dealing!
ham,Fuck cedar key and fuck her (come over anyway tho)
ham,"Haha, my friend tyler literally just asked if you could get him a dubsack"
ham,There r many model..sony ericson also der.. <#> ..it luks good bt i forgot modl no
spam,For sale - arsenal dartboard. Good condition but no doubles or trebles!
ham,Ya it came a while ago
ham,No it will reach by 9 only. She telling she will be there. I dont know
spam,URGENT! We are trying to contact U Todays draw shows that you have won a 800 prize GUARANTEED. Call 09050000460 from land line. Claim J89. po box245c2150pm
ham,Cos daddy arranging time c wat time fetch _ mah...
ham,I have lost 10 kilos as of today!
spam,"Dear Matthew please call 09063440451 from a landline, your complimentary 4*Lux Tenerife holiday or 1000 CASH await collection. ppm150 SAE T&Cs Box334 SK38XH."
ham,Where u been hiding stranger?
ham,A pure hearted person can have a wonderful smile that makes even his/her enemies to feel guilty for being an enemy.. So catch the world with your smile..:) GOODMORNING & HAVE A SMILEY SUNDAY..:)
ham,"Whats that coming over the hill..... Is it a monster! Hope you have a great day. Things r going fine here, busy though!"
ham,Ok enjoy . R u there in home.
ham,"Just sent you an email to an address with incomm in it, is that right?"
ham,"Until 545 lor... Ya, can go 4 dinner together..."
ham,I also thk too fast... Xy suggest one not me. U dun wan it's ok. Going 2 rain leh where got gd.
ham,I will come tomorrow di
ham,That sucks. I'll go over so u can do my hair. You'll do it free right?
ham,Beerage?
ham,"Perhaps * is much easy give your account identification, so i will tomorrow at UNI"
spam,Call from 08702490080 - tells u 2 call 09066358152 to claim 5000 prize. U have 2 enter all ur mobile & personal details @ the prompts. Careful!
spam,<Forwarded from 21870000>Hi - this is your Mailbox Messaging SMS alert. You have 40 matches. Please call back on 09056242159 to retrieve your messages and matches cc100p/min
ham,Nothing will ever be easy. But don't be looking for a reason not to take a risk on life and love
ham,I will reach ur home in <#> minutes
ham,I have no money 4 steve mate! !
ham,R u over scratching it?
spam,Ur cash-balance is currently 500 pounds - to maximize ur cash-in now send GO to 86688 only 150p/msg. CC: 08718720201 PO BOX 114/14 TCR/W1
ham,"Hey... Thk we juz go accordin to wat we discussed yest lor, except no kb on sun... Cos there's nt much lesson to go if we attend kb on sat..."
ham,Hi.:)technical support.providing assistance to us customer through call and email:)
spam,"5 Free Top Polyphonic Tones call 087018728737, National Rate. Get a toppoly tune sent every week, just text SUBPOLY to 81618, 3 per pole. UnSub 08718727870."
ham,"Good morning, im suffering from fever and dysentry ..will not be able to come to office today."
ham,Then _ wait 4 me at bus stop aft ur lect lar. If i dun c _ then i go get my car then come back n pick _.
ham,Wat time u finish ur lect today?
ham,Its a big difference. <#> versus <#> every <#> hrs
ham,Argh why the fuck is nobody in town ;_;
spam,"u r subscribed 2 TEXTCOMP 250 wkly comp. 1st wk?s free question follows, subsequent wks charged@150p/msg.2 unsubscribe txt STOP 2 84128,custcare 08712405020"
ham,"Yeah I am, so I'll leave maybe 7ish?"
ham,"Aight that'll work, thanks"
ham,Thank you baby! I cant wait to taste the real thing...
spam,"This weeks SavaMob member offers are now accessible. Just call 08709501522 for details! SavaMob, POBOX 139, LA3 2WU. Only 1.50/week. SavaMob - offers mobile!"
spam,U 447801259231 have a secret admirer who is looking 2 make contact with U-find out who they R*reveal who thinks UR so special-call on 09058094597
ham,Thats cool. Where should i cum? On you or in you? :)
ham,"Hi frnd, which is best way to avoid missunderstding wit our beloved one's?"
ham,Just forced myself to eat a slice. I'm really not hungry tho. This sucks. Mark is getting worried. He knows I'm sick when I turn down pizza. Lol
ham,"Dear,regret i cudnt pick call.drove down frm ctla now at cochin home.left mobile in car..ente style ishtamayoo?happy bakrid!"
ham,"Oh ! A half hour is much longer in Syria than Canada, eh ? Wow you must get SO much more work done in a day than us with all that extra time ! *grins*"
ham,Dude sux for snake. He got old and raiden got buff
ham,"After my work ah... Den 6 plus lor... U workin oso rite... Den go orchard lor, no other place to go liao..."
ham,Networking job is there.
ham,So that means you still think of teju
ham,Kent vale lor... wait 4 me there ar?
ham,No he didn't. Spring is coming early yay!
ham,Package all your programs well
spam,SMS. ac Sptv: The New Jersey Devils and the Detroit Red Wings play Ice Hockey. Correct or Incorrect? End? Reply END SPTV
ham,Gibbs unsold.mike hussey
spam,U have a secret admirer who is looking 2 make contact with U-find out who they R*reveal who thinks UR so special-call on 09058094565
spam,Call Germany for only 1 pence per minute! Call from a fixed line via access number 0844 861 85 85. No prepayment. Direct access!
ham,How much did ur hdd casing cost.
spam,"Urgent -call 09066649731from Landline. Your complimentary 4* Ibiza Holiday or 10,000 cash await collection SAE T&Cs PO BOX 434 SK3 8WP 150ppm 18+"
ham,Hello! How's you and how did saturday go? I was just texting to see if you'd decided to do anything tomo. Not that i'm trying to invite myself or anything!
ham,You could have seen me..i did't recognise you Face.:)
spam,Urgent Please call 09066612661 from landline. 5000 cash or a luxury 4* Canary Islands Holiday await collection. T&Cs SAE award. 20M12AQ. 150ppm. 16+
spam,Free 1st week entry 2 TEXTPOD 4 a chance 2 win 40GB iPod or 250 cash every wk. Txt VPOD to 81303 Ts&Cs www.textpod.net custcare 08712405020.
ham,Thanks for loving me so. You rock
ham,My sister going to earn more than me da.
ham,Yup... How _ noe leh...
ham,"Ahhhh...just woken up!had a bad dream about u tho,so i dont like u right now :) i didnt know anything about comedy night but i guess im up for it."
spam,I don't know u and u don't know me. Send CHAT to 86688 now and let's find each other! Only 150p/Msg rcvd. HG/Suite342/2Lands/Row/W1J6HL LDN. 18 years or over.
ham,"I jus hope its true that missin me cos i'm really missin him! You haven't done anything to feel guilty about, yet."
ham,Having lunch:)you are not in online?why?
ham,"Imagine you finally get to sink into that bath after I have put you through your paces, maybe even having you eat me for a while before I left ... But also imagine the feel of that cage on your cock surrounded by the bath water, reminding you always who owns you ... Enjoy, my cuck"
ham,How was txting and driving
ham,Yo dude guess who just got arrested the other day
ham,K go and sleep well. Take rest:-).
ham,Me n him so funny...
spam,"You are being contacted by our dating service by someone you know! To find out who it is, call from a land line 09050000928. PoBox45W2TG150P"
ham,\YEH I AM DEF UP4 SOMETHING SAT
ham,How much i gave to you. Morning.
ham,Happy New Year Princess!
spam,"URGENT!! Your 4* Costa Del Sol Holiday or 5000 await collection. Call 09050090044 Now toClaim. SAE, TC s, POBox334, Stockport, SK38xh, Cost 1.50/pm, Max10mins"
ham,\Keep ur problems in ur heart
ham,If I was I wasn't paying attention
ham,I'm done...
ham,Thanks honey but still haven't heard anything I will leave it a bit longer so not 2 crowd him and will try later - great advice thanks hope cardiff is still there!
ham,Ok. Every night take a warm bath drink a cup of milk and you'll see a work of magic. You still need to loose weight. Just so that you know
ham,Got but got 2 colours lor. One colour is quite light n e other is darker lor. Actually i'm done she's styling my hair now.
ham,"It's cool, let me know before it kicks off around <#> , I'll be out and about all day"
ham,Ok c _ then.
ham,Okey dokey swashbuckling stuff what oh.
ham,"Yalru lyfu astne chikku.. Bt innu mundhe lyf ali halla ke bilo (marriage)program edhae, so lyf is nt yet ovr chikku..ali vargu lyfu meow meow:-D"
ham,"Yes but i dont care! I need you bad, princess!"
ham,I am in tirupur. call you da.
ham,\CAN I PLEASE COME UP NOW IMIN TOWN.DONTMATTER IF URGOIN OUTL8R
ham,Lemme know when you're here
ham,"Goodmorning, today i am late for 2hrs. Because of back pain."
ham,Yeah if we do have to get a random dude we need to change our info sheets to PARTY <#> /7 NEVER STUDY just to be safe
ham,"Yes obviously, but you are the eggs-pert and the potato head _ Speak soon!"
ham,Hi Dear Call me its urgnt. I don't know whats your problem. You don't want to work or if you have any other problem at least tell me. Wating for your reply.
ham,So is there anything specific I should be doing with regards to jaklin or what because idk what the fuck
ham,Babe !!!! I LOVE YOU !!!! *covers your face in kisses*
ham,Are you willing to go for aptitude class.
ham,Yes:)here tv is always available in work place..
ham,I dont want to hear philosophy. Just say what happen
ham,I knew it... U slept v late yest? Wake up so late...
ham,Good. do you think you could send me some pix? I would love to see your top and bottom...
ham,"Sorry, I can't text & drive coherently, see you in twenty"
ham,When you are big..| God will bring success.
ham,U can call me now...
ham,"Hmmm.. Thk sure got time to hop ard... Ya, can go 4 free abt... Muz call u to discuss liao..."
ham,"Cool, I'll text you in a few"
ham,The fact that you're cleaning shows you know why i'm upset. Your priority is constantly \what i want to do
ham,Was just about to ask. Will keep this one. Maybe that's why you didn't get all the messages we sent you on glo
ham,"Thanx 4 the time we ve spent 2geva, its bin mint! Ur my Baby and all I want is u!xxxx"
ham,But my family not responding for anything. Now am in room not went to home for diwali but no one called me and why not coming. It makes me feel like died.
ham,WHEN THE FIRST STRIKE IS A RED ONE. THE BIRD + ANTELOPE BEGIN TOPLAY IN THE FIELDOF SELFINDEPENDENCE BELIEVE THIS + THE FLOWER OF CONTENTION WILL GROW.RANDOM!
ham,Or I guess <#> min
ham,Thanks and ! Or bomb and date as my phone wanted to say!
ham,Dude avatar 3d was imp. At one point i thought there were actually flies in the room and almost tried hittng one as a reflex
spam,"FREE RING TONE just text \POLYS\"" to 87131. Then every week get a new tone. 0870737910216yrs only 1.50/wk."""
ham,Ok how you dear. Did you call chechi
ham,Hui xin is in da lib.
spam,"500 New Mobiles from 2004, MUST GO! Txt: NOKIA to No: 89545 & collect yours today!From ONLY 1 www.4-tc.biz 2optout 087187262701.50gbp/mtmsg18"
ham,Love it! Daddy will make you scream with pleasure! I am going to slap your ass with my dick!
ham,"I know you are thinkin malaria. But relax, children cant handle malaria. She would have been worse and its gastroenteritis. If she takes enough to replace her loss her temp will reduce. And if you give her malaria meds now she will just vomit. Its a self limiting illness she has which means in a few days it will completely stop"
ham,"Mon okie lor... Haha, best is cheap n gd food la, ex oso okie... Depends on whether wana eat western or chinese food... Den which u prefer..."
ham,S..antha num corrct dane
ham,Hey! Congrats 2u2. id luv 2 but ive had 2 go home!
ham,I will spoil you in bed as well :)
ham,Aslamalaikkum....insha allah tohar beeen muht albi mufti mahfuuz...meaning same here....
ham,S:)but he had some luck.2 catches put down:)
spam,We have new local dates in your area - Lots of new people registered in YOUR AREA. Reply DATE to start now! 18 only www.flirtparty.us REPLYS150
ham,"Awesome question with a cute answer: Someone asked a boy \how is ur life?\"" . . He smiled & answered: . . \""She is fine!\"" Gudnite"""
ham,Is there a reason we've not spoken this year? Anyways have a great week and all the best in your exam
ham,Let me know how it changes in the next 6hrs. It can even be appendix but you are out of that age range. However its not impossible. So just chill and let me know in 6hrs
ham,"Aight, lemme know what's up"
ham,Can i meet _ at 5.. As 4 where depends on where _ wan 2 in lor..
ham,No b4 Thursday
ham,Are there TA jobs available? Let me know please cos i really need to start working
ham,E admin building there? I might b slightly earlier... I'll call u when i'm reaching...
ham,Ummmmmaah Many many happy returns of d day my dear sweet heart.. HAPPY BIRTHDAY dear
ham,Hey tmr meet at bugis 930 ?
ham,Once free call me sir.
ham,Thnx dude. u guys out 2nite?
ham,I doubt you could handle 5 times per night in any case...
ham,Ambrith..madurai..met u in arun dha marrge..remembr?
ham,No you'll just get a headache trying to figure it out. U can trust me to do the math. I promise. O:-)
spam,Message Important information for O2 user. Today is your lucky day! 2 find out why log onto http://www.urawinner.com there is a fantastic surprise awaiting you
spam,URGENT We are trying to contact you Last weekends draw shows u have won a 1000 prize GUARANTEED Call 09064017295 Claim code K52 Valid 12hrs 150p pm
ham,I want to lick your pussy now...
ham,Ok lor. I ned 2 go toa payoh 4 a while 2 return smth u wan 2 send me there or wat?
ham,10 min later k...
ham,Can come my room but cannot come my house cos my house still messy... Haha...
spam,"URGENT! Your Mobile No. was awarded 2000 Bonus Caller Prize on 5/9/03 This is our final try to contact U! Call from Landline 09064019788 BOX42WR29C, 150PPM"
spam,"We know someone who you know that fancies you. Call 09058097218 to find out who. POBox 6, LS15HB 150p"
ham,K:)k:)good:)study well.
ham,Great! I have to run now so ttyl!
ham,I am great! How are you?
ham,S...i will take mokka players only:)
spam,FREEMSG: Our records indicate you may be entitled to 3750 pounds for the Accident you had. To claim for free reply with YES to this msg. To opt out text STOP
ham,Oh k.i think most of wi and nz players unsold.
ham,Well i will watch shrek in 3D!!B)
ham,Po de :-):):-):-):-). No need job aha.
ham,So wats ur opinion abt him and how abt is character?
ham,Have you had a good day? Mine was really busy are you up to much tomorrow night?
ham,Ok.ok ok..then..whats ur todays plan
ham,"Sorry about earlier. Putting out fires.Are you around to talk after 9? Or do you actually have a life, lol!"
ham,Yup... I havent been there before... You want to go for the yoga? I can call up to book
ham,"Lol ... Oh no babe, I wont be sliding into your place after midnight, but thanks for the invite"
ham,No but the bluray player can
ham,"Yeah sure, give me a couple minutes to track down my wallet"
ham,"Sorry, I'll call later In meeting."
ham,Thank u. IT BETTER WORK OUT CAUSE I WILL FEEL USED OTHERWISE
ham,Left dessert. U wan me 2 go suntec look 4 u?
spam,RGENT! This is the 2nd attempt to contact U!U have WON 1250 CALL 09071512433 b4 050703 T&CsBCM4235WC1N3XX. callcost 150ppm mobilesvary. max 7. 50
ham,Lol your always so convincing.
ham,"Aight, I'll hit you up when I get some cash"
ham,Not yet had..ya sapna aunty manege y'day hogidhe..chinnu full weak and swalpa black agidhane..
ham,K ill drink.pa then what doing. I need srs model pls send it to my mail id pa.
ham,Just buy a pizza. Meat lovers or supreme. U get to pick.
ham,I want snow. It's just freezing and windy.
ham,"Dont search love, let love find U. Thats why its called falling in love, bcoz U dont force yourself, U just fall and U know there is smeone to hold U... BSLVYL"
ham,"Aight text me when you're back at mu and I'll swing by, need somebody to get the door for me"
ham,\Its Ur luck to Love someone. Its Ur fortune to Love the one who Loves U. But
spam,Had your mobile 11 months or more? U R entitled to Update to the latest colour mobiles with camera for Free! Call The Mobile Update Co FREE on 08002986030
ham,Hey mate. Spoke to the mag people. We re on. the is deliver by the end of the month. Deliver on the 24th sept. Talk later.
ham,I ask if u meeting da ge tmr nite...
ham,Aiyo a bit pai seh _ noe... Scared he dun rem who i am then die... Hee... But he become better lookin oredi leh...
ham,LOOK AT THE FUCKIN TIME. WHAT THE FUCK YOU THINK IS UP
ham,Now? I'm going out 4 dinner soon..
ham,Hey check it da. I have listed da.
ham,"Me not waking up until 4 in the afternoon, sup"
ham,What he said is not the matter. My mind saying some other matter is there.
ham,Stop knowing me so well!
ham,"Pity, * was in mood for that. So...any other suggestions?"
ham,Tiwary to rcb.battle between bang and kochi.
ham,You only hate me. You can call any but you didnt accept even a single call of mine. Or even you messaged
spam,URGENT! Your Mobile number has been awarded with a 2000 prize GUARANTEED. Call 09058094455 from land line. Claim 3030. Valid 12hrs only
ham,ILL B DOWN SOON
ham,That's the way you should stay oh.
ham,I dont want to hear anything
ham,Take us out shopping and Mark will distract Isaiah.=D
ham,"OH MR SHEFFIELD! You wanna play THAT game, okay. You're the boss and I'm the nanny. You give me a raise and I'll give YOU one!!"
ham,I accidentally brought em home in the box
ham,I love to wine and dine my lady!
ham,I know you are serving. I mean what are you doing now.
ham,Remember on that day..
ham,Prepare to be pleasured :)
ham,At 7 we will go ok na.
ham,Then ur physics get a-?
ham,Gain the rights of a wife.dont demand it.i am trying as husband too.Lets see
ham,I'm in chennai velachery:)
ham,I havent add _ yet right..
ham,How are you with moneY...as in to you...money aint a thing....how are you sha!
ham,Rats. Hey did u ever vote for the next themes?
ham,Reckon need to be in town by eightish to walk from * carpark.
ham,Sorry da:)i was thought of calling you lot of times:)lil busy.i will call you at noon..
ham,7 at esplanade.. Do _ mind giving me a lift cos i got no car today..
ham,"Wait that's still not all that clear, were you not sure about me being sarcastic or that that's why x doesn't want to live with us"
ham,"Well, I meant as opposed to my drunken night of before"
ham,Its going good...no problem..but still need little experience to understand american customer voice...
ham,Bishan lar nearer... No need buy so early cos if buy now i gotta park my car...
ham,Oh that was a forwarded message. I thought you send that to me
ham,Nite...
ham,Ok i am on the way to railway
ham,Back in brum! Thanks for putting us up and keeping us all and happy. See you soon
spam,HMV BONUS SPECIAL 500 pounds of genuine HMV vouchers to be won. Just answer 4 easy questions. Play Now! Send HMV to 86688 More info:www.100percent-real.com
ham,Yes :)it completely in out of form:)clark also utter waste.
ham,soon you will have the real thing princess! Do i make you wet? :)
ham,"Can you tell Shola to please go to college of medicine and visit the academic department, tell the academic secretary what the current situation is and ask if she can transfer there. She should ask someone to check Sagamu for the same thing and lautech. Its vital she completes her medical education in Nigeria. Its less expensive much less expensive. Unless she will be getting citizen rates in new zealand."
ham,Oh ok wait 4 me there... My lect havent finish
ham,"Some friends want me to drive em someplace, probably take a while"
ham,"The gas station is like a block away from my house, you'll drive right by it since armenia ends at swann and you have to take howard"
ham,Why are u up so early?
ham,Dude im no longer a pisces. Im an aquarius now.
ham,Ok. I only ask abt e movie. U wan ktv oso?
spam,Call FREEPHONE 0800 542 0578 now!
ham,Dont you have message offer
ham,Ok lor... Or u wan me go look 4 u?
ham,Yes I posted a couple of pics on fb. There's still snow outside too. I'm just waking up :)
ham,Ok leave no need to ask
ham,Then we wait 4 u lor... No need 2 feel bad lar...
ham,"What's up bruv, hope you had a great break. Do have a rewarding semester."
ham,"Sorry pa, i dont knw who ru pa?"
ham,Well if I'm that desperate I'll just call armand again
ham,"Hmmm ... And imagine after you've come home from that having to rub my feet, make me dinner and help me get ready for my date ! Are you sure your ready for that kind of life ?"
spam,Want 2 get laid tonight? Want real Dogging locations sent direct 2 ur Mob? Join the UK's largest Dogging Network by txting MOAN to 69888Nyt. ec2a. 31p.msg@150p
ham,Sorry completely forgot * will pop em round this week if your still here?
ham,But i have to. I like to have love and arrange.
ham,I've reached home finally...
ham,I hope you know I'm still mad at you.
ham,When did you get to the library
ham,C movie is juz last minute decision mah. Juz watch 2 lar but i tot _ not interested.
ham,Wishing you a beautiful day. Each moment revealing even more things to keep you smiling. Do enjoy it.
ham,"Yeah why not, is the gang all ready"
ham,"Well the general price is <#> /oz, let me know if/when/how much you want"
ham,As in different styles?
ham,Going on nothing great.bye
ham,I'm leaving my house now...
ham,Done it but internet connection v slow and can t send it. Will try again later or first thing tomo.
ham,Hi dude hw r u da realy mising u today
spam,FREE entry into our 250 weekly competition just text the word WIN to 80086 NOW. 18 T&C www.txttowin.co.uk
ham,Yoyyooo u know how to change permissions for a drive in mac. My usb flash drive
ham,But i'm surprised she still can guess right lor...
ham,"Cool, we shall go and see, have to go to tip anyway. Are you at home, got something to drop in later? So lets go to town tonight! Maybe mum can take us in."
ham,Can you pls send me that company name. In saibaba colany
ham,Good night my dear.. Sleepwell&Take care
ham,I dont know oh. Hopefully this month.
ham,No..its ful of song lyrics..
spam,"Free msg. Sorry, a service you ordered from 81303 could not be delivered as you do not have sufficient credit. Please top up to receive the service."
ham,Dude ive been seeing a lotta corvettes lately
ham,I'm good. Have you registered to vote?
ham,ok. I am a gentleman and will treat you with dignity and respect.
ham,U sleeping now.. Or you going to take? Haha.. I got spys wat.. Me online checking n replying mails lor..
spam,"Fantasy Football is back on your TV. Go to Sky Gamestar on Sky Active and play 250k Dream Team. Scoring starts on Saturday, so register now!SKY OPT OUT to 88088"
ham,"Alright omw, gotta change my order to a half8th"
spam,Todays Voda numbers ending with 7634 are selected to receive a 350 reward. If you have a match please call 08712300220 quoting claim code 7684 standard rates apply.
ham,Hurry home u big butt. Hang up on your last caller if u have to. Food is done and I'm starving. Don't ask what I cooked.
ham,R u sure they'll understand that! Wine * good idea just had a slurp!
ham,Message from . I am at Truro Hospital on ext. You can phone me here. as I have a phone by my side
ham,What year. And how many miles.
ham,A cute thought for friendship: \Its not necessary to share every secret with ur close Frnd
spam,Ringtone Club: Gr8 new polys direct to your mobile every week !
spam,URGENT This is our 2nd attempt to contact U. Your 900 prize from YESTERDAY is still awaiting collection. To claim CALL NOW 09061702893
ham,Friends that u can stay on fb chat with
ham,"Well, i'm glad you didn't find it totally disagreeable ... Lol"
ham,Both :) i shoot big loads so get ready!
ham,I wan but too early lei... Me outside now wun b home so early... Neva mind then...
ham,Aight ill get on fb in a couple minutes
ham,"you are sweet as well, princess. Please tell me your likes and dislikes in bed..."
ham,Tomarrow final hearing on my laptop case so i cant.
ham,"Fuuuuck I need to stop sleepin, sup"
ham,I'm not driving... Raining! Then i'll get caught at e mrt station lor.
ham,Dhoni have luck to win some big title.so we will win:)
ham,At WHAT TIME should i come tomorrow
ham,Take care and sleep well.you need to learn to change in life.you only need to get CONVINCED on that.i will wait but no more conversations between us.GET CONVINCED by that time.Your family is over for you in many senses.respect them but not overemphasise.or u have no role in my life.
spam,We tried to contact you re our offer of New Video Phone 750 anytime any network mins HALF PRICE Rental camcorder call 08000930705 or reply for delivery Wed
ham,Hey... Why dont we just go watch x men and have lunch... Haha
ham,"Haven't found a way to get another app for your phone, eh ? Will you go to the net cafe ? Did you take that job? Geeee I need you babe. I crave to see you ..."
ham,You are gorgeous! keep those pix cumming :) thank you!
ham,"FR'NDSHIP is like a needle of a clock. Though V r in d same clock, V r nt able 2 met. Evn if V meet,itz only 4few seconds. Bt V alwys stay conected. Gud 9t;-)"
ham,"Height of \Oh shit....!!\"" situation: A guy throws a luv letter on a gal but falls on her brothers head whos a gay"
spam,"500 New Mobiles from 2004, MUST GO! Txt: NOKIA to No: 89545 & collect yours today!From ONLY 1 www.4-tc.biz 2optout 087187262701.50gbp/mtmsg18 TXTAUCTION"
ham,Ok thanx... Take care then...
ham,My love ... I hope your not doing anything drastic. Don't you dare sell your pc or your phone ...
ham,"Greetings me, ! Consider yourself excused."
ham,;-) ok. I feel like john lennon.
ham,"Will do, you gonna be at blake's all night? I might be able to get out of here a little early"
ham,"Nah I don't think he goes to usf, he lives around here though"
ham,Are you ok. What happen to behave like this
ham,Are you staying in town ?
ham,Is toshiba portege m100 gd?
ham,Dad went out oredi...
ham,Big brother s really scraped the barrel with this shower of social misfits
ham,No da. . Vijay going to talk in jaya tv
spam,Bought one ringtone and now getting texts costing 3 pound offering more tones etc
ham,staff.science.nus.edu.sg/~phyhcmk/teaching/pc1323
ham,K..k...from tomorrow onwards started ah?
ham,"Yeah, give me a call if you've got a minute"
ham,Call to the number which is available in appointment. And ask to connect the call to waheed fathima.
ham,No. I.ll meet you in the library
ham,Hey no I ad a crap nite was borin without ya 2 boggy with me u boring biatch! Thanx but u wait til nxt time il ave ya
ham,This is hoping you enjoyed your game yesterday. Sorry i've not been in touch but pls know that you are fondly bein thot off. Have a great week. Abiola
spam,"Xmas & New Years Eve tickets are now on sale from the club, during the day from 10am till 8pm, and on Thurs, Fri & Sat night this week. They're selling fast!"
ham,"That's good, because I need drugs"
spam,You have an important customer service announcement from PREMIER.
ham,Yup...
ham,Moji i love you more than words. Have a rich day
ham,I told your number to gautham..
ham,Ugh its been a long day. I'm exhausted. Just want to cuddle up and take a nap
ham,Really do hope the work doesnt get stressful. Have a gr8 day.
ham,Reading gud habit.. Nan bari hudgi yorge pataistha ertini kano:-)
ham,Hi im having the most relaxing time ever! we have to get up at 7am every day! was the party good the other night? I get home tomorrow at 5ish.
ham,Dear we got <#> dollars hi hi
ham,"Well, I was about to give up cos they all said no they didn t do one nighters. I persevered and found one but it is very cheap so i apologise in advance. It is just somewhere to sleep isnt it?"
ham,"Nah, I'm a perpetual DD"
ham,HIYA STU WOT U UP 2.IM IN SO MUCH TRUBLE AT HOME AT MOMENT EVONE HATES ME EVEN U! WOT THE HELL AV I DONE NOW? Y WONT U JUST TELL ME TEXT BCK PLEASE LUV DAN
ham,I love u 2 babe! R u sure everything is alrite. Is he being an idiot? Txt bak girlie
ham,Nationwide auto centre (or something like that) on Newport road. I liked them there
ham,"Sir, I am waiting for your mail."
spam,You are being ripped off! Get your mobile content from www.clubmoby.com call 08717509990 poly/true/Pix/Ringtones/Games six downloads for only 3
ham,"2 celebrate my b day, y else?"
ham,PISS IS TALKING IS SOMEONE THAT REALISE U THAT POINT THIS AT IS IT.(NOW READ IT BACKWARDS)
ham,Y _ wan to go there? C doctor?
ham,Why tired what special there you had
ham,Ugh fuck it I'm resubbing to eve
ham,But your brother transfered only <#> + <#> . Pa.
ham,HMM yeah if your not too grooved out! And im looking forward to my pound special :)
ham,Life style garments account no please.
ham,Haha mayb u're rite... U know me well. Da feeling of being liked by someone is gd lor. U faster go find one then all gals in our group attached liao.
ham,Get me out of this dump heap. My mom decided to come to lowes. BORING.
ham,"Sweetheart, hope you are not having that kind of day! Have one with loads of reasons to smile. Biola"
ham,Sorry i've not gone to that place. I.ll do so tomorrow. Really sorry.
ham,Happy birthday... May all ur dreams come true...
ham,You give us back my id proof and <#> rs. We wont allow you to work. We will come to your home within days
spam,"You are guaranteed the latest Nokia Phone, a 40GB iPod MP3 player or a 500 prize! Txt word: COLLECT to No: 83355! IBHltd LdnW15H 150p/Mtmsgrcvd18+"
spam,Not heard from U4 a while. Call me now am here all night with just my knickers on. Make me beg for it like U did last time 01223585236 XX Luv Nikiyu4.net
ham,Yo sorry was in the shower sup
spam,Santa calling! Would your little ones like a call from Santa Xmas Eve? Call 09077818151 to book you time. Calls1.50ppm last 3mins 30s T&C www.santacalling.com
ham,meet you in corporation st outside gap _ you can see how my mind is working!
spam,Please CALL 08712402578 immediately as there is an urgent message waiting for you
ham,and picking them up from various points
ham,At 4. Let's go to bill millers
ham,It's ok lar. U sleep early too... Nite...
ham,Anything...
ham,If I get there before you after your ten billion calls and texts so help me god
ham,"Watching cartoon, listening music & at eve had to go temple & church.. What about u?"
ham,"I need an 8th but I'm off campus atm, could I pick up in an hour or two?"
ham,Dont know you bring some food
ham,Ok..
ham,Hi here. have birth at on the to at 8lb 7oz. Mother and baby doing brilliantly.
ham,"Friendship is not a game to play, It is not a word to say, It doesn\'t start on March and ends on May, It is tomorrow, yesterday, today and e"
ham,Mark works tomorrow. He gets out at 5. His work is by your house so he can meet u afterwards.
ham,"Hi this is yijue, can i meet u at 11 tmr?"
ham,What time you coming down later?
spam,<Forwarded from 88877>FREE entry into our 250 weekly comp just send the word ENTER to 88877 NOW. 18 T&C www.textcomp.com
ham,i felt so...not any conveying reason.. Ese he... What about me?
ham,"Dear, take care. I am just reaching home.love u a lot."
ham,Well that must be a pain to catch
ham,Can't take any major roles in community outreach. You rock mel
ham,Aiyar sorry lor forgot 2 tell u...
ham,"I'm tired of arguing with you about this week after week. Do what you want and from now on, i'll do the same."
spam,"Sunshine Hols. To claim ur med holiday send a stamped self address envelope to Drinks on Us UK, PO Box 113, Bray, Wicklow, Eire. Quiz Starts Saturday! Unsub Stop"
ham,Sorry i'm not free...
ham,"The guy at the car shop who was flirting with me got my phone number from the paperwork and called and texted me. I'm nervous because of course now he may have my address. Should i call his boss and tell him, knowing this may get him fired?"
ham,I dunno they close oredi not... v ma fan...
ham,What time. I m out until prob 3 or so
ham,"Hey , is * rite u put 10 evey mnth is that all?"
ham,I've reached home n i bathe liao... U can call me now...
spam,"BangBabes Ur order is on the way. U SHOULD receive a Service Msg 2 download UR content. If U do not, GoTo wap. bangb. tv on UR mobile internet/service menu"
ham,I'll probably be around mu a lot
ham,HI ITS JESS I DONT KNOW IF YOU ARE AT WORK BUT CALL ME WHEN U CAN IM AT HOME ALL EVE. XXX
ham,Bring home some Wendy =D
ham,"Den only weekdays got special price... Haiz... Cant eat liao... Cut nails oso muz wait until i finish drivin wat, lunch still muz eat wat..."
ham,I don't run away frm u... I walk slowly & it kills me that u don't care enough to stop me...
ham,Hey gals...U all wanna meet 4 dinner at n te?
ham,"God picked up a flower and dippeditinaDEW, lovingly touched itwhichturnedinto u, and the he gifted tomeandsaid,THIS FRIEND IS 4U"
ham,Hey what's up charles sorry about the late reply.
spam,Money i have won wining number 946 wot do i do next
ham,"Vikky, come around <TIME> .."
ham,Thanks for sending this mental ability question..
ham,Raji..pls do me a favour. Pls convey my Birthday wishes to Nimya. Pls. Today is her birthday.
ham,Thats cool princess! I will cover your face in hot sticky cum :)
ham,Ok then i will come to ur home after half an hour
ham,I could ask carlos if we could get more if anybody else can chip in
ham,....photoshop makes my computer shut down.
ham,"Faith makes things possible,Hope makes things work,Love makes things beautiful,May you have all three this Christmas!Merry Christmas!"
ham,"HELLOGORGEOUS, HOWS U? MY FONE WAS ON CHARGE LST NITW WEN U TEXD ME. HOPEU AD A NICE WKEND AS IM SURE U DID LOOKIN 4WARD 2 C-IN U 2MRW LUV JAZ"
ham,"Oops I did have it, <#> ?"
ham,Umma my life and vava umma love you lot dear
ham,Ha... Then we must walk to everywhere... Cannot take tram. My cousin said can walk to vic market from our hotel
ham,"TODAY is Sorry day.! If ever i was angry with you, if ever i misbehaved or hurt you? plz plz JUST SLAP URSELF Bcoz, Its ur fault, I'm basically GOOD"
ham,Glad it went well :) come over at 11 then we'll have plenty of time before claire goes to work.
ham,Yes. They replied my mail. I'm going to the management office later. Plus will in to bank later also.or on wednesday.
ham,"Single line with a big meaning::::: \Miss anything 4 ur \""Best Life\"" but"
ham,All boys made fun of me today. Ok i have no problem. I just sent one message just for fun
ham,"Lemme know when I can swing by and pick up, I'm free basically any time after 1 all this semester"
ham,His bday real is in april .
ham,Call me when you get the chance plz <3
ham,"As usual..iam fine, happy & doing well..:)"
ham,Anyway seriously hit me up when you're back because otherwise I have to light up with armand and he always has shit and/or is vomiting
ham,Smile in Pleasure Smile in Pain Smile when trouble pours like Rain Smile when sum1 Hurts U Smile becoz SOMEONE still Loves to see u Smiling!!
ham,What's up. Do you want me to come online?
ham,She.s find. I sent you an offline message to know how anjola's now.
ham,O. Guess they both got screwd
ham,mean it's confirmed... I tot they juz say oni... Ok then...
ham,"Sorry, was in the bathroom, sup"
ham,"So anyways, you can just go to your gym or whatever, my love *smiles* I hope your ok and having a good day babe ... I miss you so much already"
ham,Ah poop. Looks like ill prob have to send in my laptop to get fixed cuz it has a gpu problem
ham,Just haven't decided where yet eh ?
ham,Wen did you get so spiritual and deep. That's great
ham,Hey i've booked the 2 lessons on sun liao...
ham,I will send them to your email. Do you mind <#> times per night?
ham,Babe? You said 2 hours and it's been almost 4 ... Is your internet down ?
ham,We're on the opposite side from where we dropped you off
ham,Oic... I saw him too but i tot he din c me... I found a group liao...
ham,Nvm take ur time.
ham,Can help u swoop by picking u up from wherever ur other birds r meeting if u want.
ham,Do you like Italian food?
ham,Does daddy have a bb now.
ham,Aiyah sorry lor... I watch tv watch until i forgot 2 check my phone.
ham,"Sorry vikky, i'm Watching olave mandara movie kano in trishul theatre wit my frnds.."
ham,At home watching tv lor.
ham,Of cos can lar i'm not so ba dao ok... 1 pm lor... Y u never ask where we go ah... I said u would ask on fri but he said u will ask today...
ham,Yup i'm free...
ham,X2 <#> . Are you going to get that
ham,But we havent got da topic yet rite?
ham,"I get out of class in bsn in like <#> minutes, you know where advising is?"
ham,excellent. I spent <#> years in the Air Force. Iraq and afghanistan. I am stable and honest. do you like traveling?
spam,This msg is for your mobile content order It has been resent as previous attempt failed due to network error Queries to customersqueries@netvision.uk.com
ham,I want to be there so i can kiss you and feel you next to me
ham,You didnt complete your gist oh.
ham,"Sounds gd... Haha... Can... Wah, u yan jiu so fast liao..."
ham,"I've not called you in a while. This is hoping it was l8r malaria and that you know that we miss you guys. I miss Bani big, so pls give her my love especially. Have a great day."
ham,"Good evening Sir, hope you are having a nice day. I wanted to bring it to your notice that I have been late in paying rent for the past few months and have had to pay a $ <#> charge. I felt it would be inconsiderate of me to nag about something you give at great cost to yourself and that's why i didnt speak up. I however am in a recession and wont be able to pay the charge this month hence my askin well ahead of month's end. Can you please help. Thank you for everything."
ham,I've been trying to reach him without success
ham,Am surfing online store. For offers do you want to buy any thing.
spam,"For your chance to WIN a FREE Bluetooth Headset then simply reply back with \ADP\"""""
ham,No need to buy lunch for me.. I eat maggi mee..
ham,We not leaving yet. Ok lor then we go elsewhere n eat. U thk...
ham,Hi mate its RV did u hav a nice hol just a message 3 say hello coz haven t sent u 1 in ages started driving so stay off roads!RVx
ham,"Wow. I never realized that you were so embarassed by your accomodations. I thought you liked it, since i was doing the best i could and you always seemed so happy about \the cave\"". I'm sorry I didn't and don't have more to give. I'm sorry i offered. I'm sorry your room was so embarassing."""
ham,I am going to sao mu today. Will be done only at 12
ham,Ladies first and genus second k .
ham,Ok. How many should i buy.
ham,The length is e same but e top shorter n i got a fringe now. I thk i'm not going liao. Too lazy. Dun wan 2 distract u also.
ham,I'm home...
ham,I went to ur hon lab but no one is there.
ham,Probably a couple hours tops
ham,Aiyar dun disturb u liao... Thk u have lots 2 do aft ur cupboard come...
ham,About <#> bucks. The banks fees are fixed. Better to call the bank and find out.
ham,Hi neva worry bout da truth coz the truth will lead me 2 ur heart. It s the least a unique person like u deserve. Sleep tight or morning
ham,"I can't right this second, gotta hit people up first"
ham,I'm going for bath will msg you next <#> min..
ham,Hey! There's veggie pizza... :/
ham,Call him and say you not coming today ok and tell them not to fool me like this ok
ham,I'm vivek:)i got call from your number.
ham,"Do whatever you want. You know what the rules are. We had a talk earlier this week about what had to start happening, you showing responsibility. Yet, every week it's can i bend the rule this way? What about that way? Do whatever. I'm tired of having thia same argument with you every week. And a <#> movie DOESNT inlude the previews. You're still getting in after 1."
ham,either way works for me. I am <#> years old. Hope that doesnt bother you.
ham,Watching tv lor...
ham,Bbq this sat at mine from 6ish. Ur welcome 2 come
ham,Where in abj are you serving. Are you staying with dad or alone.
ham,Yes watching footie but worried we're going to blow it - Phil Neville?
spam,Guess what! Somebody you know secretly fancies you! Wanna find out who it is? Give us a call on 09065394973 from Landline DATEBox1282EssexCM61XN 150p/min 18
ham,What happen dear tell me
ham,A bloo bloo bloo I'll miss the first bowl
ham,"Edison has rightly said, \A fool can ask more questions than a wise man can answer\"" Now you know why all of us are speechless during ViVa.. GM"
ham,"Jay told me already, will do"
ham,Okie
ham,collecting ur laptop then going to configure da settings izzit?
ham,Gud ni8 dear..slp well..take care..swt dreams..Muah..
ham,No objection. My bf not coming.
ham,Dude how do you like the buff wind.
ham,Jus telling u dat i'll b leaving 4 shanghai on 21st instead so we'll haf more time 2 meet up cya...
ham,Got it! It looks scrumptious... daddy wants to eat you all night long!
spam,You have WON a guaranteed 1000 cash or a 2000 prize. To claim yr prize call our customer service representative on 08714712394 between 10am-7pm
ham,HIYA COMIN 2 BRISTOL 1 ST WEEK IN APRIL. LES GOT OFF + RUDI ON NEW YRS EVE BUT I WAS SNORING.THEY WERE DRUNK! U BAK AT COLLEGE YET? MY WORK SENDS INK 2 BATH.
ham,Stop the story. I've told him i've returned it and he's saying i should not re order it.
ham,Sac needs to carry on:)
ham,I'm so in love with you. I'm excited each day i spend with you. You make me so happy.
ham,"I want to show you the world, princess :) how about europe?"
spam,I'd like to tell you my deepest darkest fantasies. Call me 09094646631 just 60p/min. To stop texts call 08712460324 (nat rate)
ham,Ok ill send you with in <DECIMAL> ok.
ham,Can do lor...
ham,"Sorry da thangam, very very sorry i am held up with prasad."
ham,Hey we can go jazz power yoga hip hop kb and yogasana
ham,Nope but i'll b going 2 sch on fri quite early lor cos mys sis got paper in da morn :-)
ham,U studying in sch or going home? Anyway i'll b going 2 sch later.
ham,I jus reached home. I go bathe first. But my sis using net tell u when she finishes k...
ham,NO GIFTS!! You trying to get me to throw myself off a cliff or something?
ham,I did. One slice and one breadstick. Lol
ham,Nt joking seriously i told
ham,I had it already..sabarish asked me to go..
ham,Will you come online today night
ham,Get ready to put on your excellent sub face :)
ham,ok....take care.umma to you too...
ham,Is she replying. Has boye changed his phone number
ham,Hope you are feeling great. Pls fill me in. Abiola
ham,Should i send you naughty pix? :)
ham,"Not yet chikku..going to room nw, i'm in bus.."
ham,Great! I shoot big loads so get ready!
ham,Does cinema plus drink appeal tomo? * Is a fr thriller by director i like on at mac at 8.30.
spam,"Did you hear about the new \Divorce Barbie\""? It comes with all of Ken's stuff!"""
ham,Can you say what happen
ham,But i juz remembered i gotta bathe my dog today..
spam,Txt: CALL to No: 86888 & claim your reward of 3 hours talk time to use from your phone now! Subscribe6GBP/mnth inc 3hrs 16 stop?txtStop www.gamb.tv
ham,I'm in class. Will holla later
ham,Thanks for picking up the trash.
ham,"Hey babe, how's it going ? Did you ever figure out where your going for New Years ?"
ham,No probs hon! How u doinat the mo?
ham,Come to my home for one last time i wont do anything. Trust me.
ham,Ok. So april. Cant wait
spam,This is the 2nd time we have tried to contact u. U have won the 1450 prize to claim just call 09053750005 b4 310303. T&Cs/stop SMS 08718725756. 140ppm
ham,MY NO. IN LUTON 0125698789 RING ME IF UR AROUND! H*
ham,What Today-sunday..sunday is holiday..so no work..
ham,"Feb <#> is \I LOVE U\"" day. Send dis to all ur \""VALUED FRNDS\"" evn me. If 3 comes back u'll gt married d person u luv! If u ignore dis u will lose ur luv 4 Evr"""
ham,K tell me anything about you.
ham,If you're not in my car in an hour and a half I'm going apeshit
ham,R u meeting da ge at nite tmr?
spam,Urgent! Please call 09061213237 from landline. 5000 cash or a luxury 4* Canary Islands Holiday await collection. T&Cs SAE PO Box 177. M227XY. 150ppm. 16+
ham,You also didnt get na hi hi hi hi hi
ham,Y dun cut too short leh. U dun like ah? She failed. She's quite sad.
ham,When you guys planning on coming over?
ham,<#> in mca. But not conform.
ham,say until like dat i dun buy ericsson oso cannot oredi lar...
ham,"If e timing can, then i go w u lor..."
ham,Sorry de i went to shop.
ham,I love to give massages. I use lots of baby oil... What is your fave position?
ham,Yes princess! I want to catch you with my big strong hands...
ham,God created gap btwn ur fingers so dat sum1 vry special will fill those gaps by holding ur hands.. Now plz dont ask y he created so much gap between legs !!!
ham,Only once then after ill obey all yours.
ham,"Yeah, in fact he just asked if we needed anything like an hour ago. When and how much?"
ham,Try neva mate!!
ham,"Haha awesome, omw back now then"
ham,That was random saw my old roomate on campus. He graduated
ham,"Nothing, smsing u n xy lor. Sorry lor da guys neva c u in person but they sort of know u lor. So u wan 2 meet them xy ask me 2 bring u along 4 our next meeting."
ham,No go. No openings for that room 'til after thanksgiving without an upcharge.
ham,Pls help me tell Ashley that i cant find her number oh
ham,I tot u reach liao. He said t-shirt.
ham,Hey what how about your project. Started aha da.
ham,Sun ah... Thk mayb can if dun have anythin on... Thk have to book e lesson... E pilates is at orchard mrt u noe hor...
ham,Thts wat Wright Brother did to fly..
ham,I will treasure every moment we spend together...
ham,Lol where do u come up with these ideas?
ham,Just sleeping..and surfing
spam,Had your mobile 10 mths? Update to latest Orange camera/video phones for FREE. Save s with Free texts/weekend calls. Text YES for a callback orno to opt out
ham,"Didn't try, g and I decided not to head out"
ham,That's significant but dont worry.
ham,I HAVE A DATE ON SUNDAY WITH WILL!!
ham,If u sending her home first it's ok lor. I'm not ready yet.
ham,Give one miss from that number please
ham,"I am in tirupur da, once you started from office call me."
ham,I couldn't say no as he is a dying man and I feel sad for him so I will go and I just wanted you to know I would probably be gone late into your night
ham,Am going to take bath ill place the key in window:-)
spam,"Got what it takes 2 take part in the WRC Rally in Oz? U can with Lucozade Energy! Text RALLY LE to 61200 (25p), see packs or lucozade.co.uk/wrc & itcould be u!"
ham,"Hello. No news on job, they are making me wait a fifth week! Yeah im up for some woozles and weasels... In exeter still, but be home about 3."
ham,Hey i'm bored... So i'm thinking of u... So wat r u doing?
ham,U ned to convince him tht its not possible witot hurting his feeling its the main
ham,TaKe CaRE n gET WeLL sOOn
spam,Your weekly Cool-Mob tones are ready to download !This weeks new Tones include: 1) Crazy Frog-AXEL F>>> 2) Akon-Lonely>>> 3) Black Eyed-Dont P >>>More info in n
ham,Thank you. I like you as well...
ham,Dear how you. Are you ok?
ham,Hi' Test on <#> rd ....
spam,"SIX chances to win CASH! From 100 to 20,000 pounds txt> CSH11 and send to 87575. Cost 150p/day, 6days, 16+ TsandCs apply Reply HL 4 info"
ham,"Hi. Hope ur day * good! Back from walk, table booked for half eight. Let me know when ur coming over."
ham,Sorry da. I gone mad so many pending works what to do.
ham,Ok lar... Joking wif u oni...
ham,"The word \Checkmate\"" in chess comes from the Persian phrase \""Shah Maat\"" which means; \""the king is dead..\"" Goodmorning.. Have a good day..:)"""
ham,Did either of you have any idea's? Do you know of anyplaces doing something?
spam,"Welcome to Select, an O2 service with added benefits. You can now call our specially trained advisors FREE from your mobile by dialling 402."
ham,Die... Now i have e toot fringe again...
ham,if you aren't here in the next <#> hours imma flip my shit
ham,Hi mom we might be back later than <#>
ham,.Please charge my mobile when you get up in morning.
ham,I've told him that i've returned it. That should i re order it.
ham,"Good afternoon, babe. How goes that day ? Any job prospects yet ? I miss you, my love ... *sighs* ... :-("
ham,I'll probably be by tomorrow (or even later tonight if something's going on)
ham,I will reach office around <DECIMAL> . & my mobile have problem. You cann't get my voice. So call you asa i'll free
ham,Thanks. Fills me with complete calm and reassurance!
ham,Ok
ham,Yo do you know anyone <#> or otherwise able to buy liquor? Our guy flaked and right now if we don't get a hold of somebody its just 4 loko all night
spam,Someone has conacted our dating service and entered your phone because they fancy you!To find out who it is call from landline 09111030116. PoBox12n146tf15
ham,That's my honeymoon outfit. :)
spam,(Bank of Granite issues Strong-Buy) EXPLOSIVE PICK FOR OUR MEMBERS *****UP OVER 300% *********** Nasdaq Symbol CDGT That is a $5.00 per..
ham,"Under the sea, there lays a rock. In the rock, there is an envelope. In the envelope, there is a paper. On the paper, there are 3 words... '"
ham,What i told before i tell. Stupid hear after i wont tell anything to you. You dad called to my brother and spoken. Not with me.
ham,"It's ok, at least armand's still around"
ham,"Princess, i like to make love <#> times per night. Hope thats not a problem!"
ham,You are right. Meanwhile how's project twins comin up
ham,"She was supposed to be but couldn't make it, she's still in town though"
ham,when you and derek done with class?
ham,Dear we are going to our rubber place
ham,"Cool, what time you think you can get here?"
ham,Dis is yijue. I jus saw ur mail. In case huiming havent sent u my num. Dis is my num.
ham,Then just eat a shit and wait for ur monkey face bitch.......... U asshole..................
ham,"I'd say that's a good sign but, well, you know my track record at reading women"
ham,Hi where you. You in home or calicut?
ham,I know a few people I can hit up and fuck to the yes
ham,I know you mood off today
spam,Are you unique enough? Find out from 30th August. www.areyouunique.co.uk
ham,So that takes away some money worries
spam,"Urgent! call 09061749602 from Landline. Your complimentary 4* Tenerife Holiday or 10,000 cash await collection SAE T&Cs BOX 528 HP20 1YF 150ppm 18+"
ham,"Probably, want to pick up more?"
ham,Oh yeah! And my diet just flew out the window
ham,Oh is it! Which brand?
ham,Just chill for another 6hrs. If you could sleep the pain is not a surgical emergency so see how it unfolds. Okay
ham,I sent them. Do you like?
ham,Hello darlin ive finished college now so txt me when u finish if u can love Kate xxx
ham,"A gram usually runs like <#> , a half eighth is smarter though and gets you almost a whole second gram for <#>"
ham,I'm wif him now buying tix lar...
ham,"If you want to mapquest it or something look up \usf dogwood drive\"""
ham,No it's waiting in e car dat's bored wat. Cos wait outside got nothing 2 do. At home can do my stuff or watch tv wat.
ham,K...k...yesterday i was in cbe .
spam,"Had your contract mobile 11 Mnths? Latest Motorola, Nokia etc. all FREE! Double Mins & Text on Orange tariffs. TEXT YES for callback, no to remove from records"
ham,Want to finally have lunch today?
ham,No. She's currently in scotland for that.
ham,I have a sore throat. It's scratches when I talk
ham,Dont think you need yellow card for uk travel. Ask someone that has gone before. If you do its just <#> bucks
ham,That's y u haf 2 keep me busy...
ham,Hi i won't b ard 4 christmas. But do enjoy n merry x'mas.
ham,Are you there in room.
ham,Its like that hotel dusk game i think. You solve puzzles in a area thing
ham,"Oh really? perform, write a paper, go to a movie AND be home by midnight, huh?"
ham,"Ya, told..she was asking wats matter?"
ham,"Alright, I'll head out in a few minutes, text me where to meet you"
ham,Hey you gave them your photo when you registered for driving ah? Tmr wanna meet at yck?
ham,Desires- u going to doctor 4 liver. And get a bit stylish. Get ur hair managed. Thats it.
ham,I'm in office now da:)where are you?
ham,Ahhh. Work. I vaguely remember that! What does it feel like? Lol
spam,"Download as many ringtones as u like no restrictions, 1000s 2 choose. U can even send 2 yr buddys. Txt Sir to 80082 3"
ham,Hi there. We have now moved in2 our pub . Would be great 2 c u if u cud come up.
ham,"A famous quote : when you develop the ability to listen to 'anything' unconditionally without losing your temper or self confidence, it means you are ......... 'MARRIED'"
ham,I got lousy sleep. I kept waking up every 2 hours to see if my cat wanted to come in. I worry about him when its cold :(
ham,Hi its Kate how is your evening? I hope i can see you tomorrow for a bit but i have to bloody babyjontet! Txt back if u can. :) xxx
ham,You've already got a flaky parent. It'snot supposed to be the child's job to support the parent...not until they're The Ride age anyway. I'm supposed to be there to support you. And now i've hurt you. unintentional. But hurt nonetheless.
ham,I wish! I don't think its gonna snow that much. But it will be more than those flurries we usually get that melt before they hit the ground. Eek! We haven't had snow since <#> before I was even born!
ham,No need to say anything to me. I know i am an outsider
ham,Dear got bus directly to calicut
ham,Your board is working fine. The issue of overheating is also reslove. But still software inst is pending. I will come around 8'o clock.
spam,"Urgent! call 09066350750 from your landline. Your complimentary 4* Ibiza Holiday or 10,000 cash await collection SAE T&Cs PO BOX 434 SK3 8WP 150 ppm 18+"
ham,Will be out of class in a few hours. Sorry
spam,"SMS SERVICES. for your inclusive text credits, pls goto www.comuk.net login= 3qxj9 unsubscribe with STOP, no extra charge. help 08702840625.COMUK. 220-CM2 9AE"
ham,Yup it's at paragon... I havent decided whether 2 cut yet... Hee...
spam,Filthy stories and GIRLS waiting for your
ham,Happy new years melody!
ham,Lol enjoy role playing much?
ham,Great! How is the office today?
ham,Lol wtf random. Btw is that your lunch break
ham,Gudnite....tc...practice going on
ham,Ok then i come n pick u at engin?
ham,If you were/are free i can give. Otherwise nalla adi entey nattil kittum
ham,I will once i get home
spam,Dear Dave this is your final notice to collect your 4* Tenerife Holiday or #5000 CASH award! Call 09061743806 from landline. TCs SAE Box326 CW25WX 150ppm
spam,"Want to funk up ur fone with a weekly new tone reply TONES2U 2 this text. www.ringtones.co.uk, the original n best. Tones 3GBP network operator rates apply"
ham,"Yo, any way we could pick something up tonight?"
ham,What can i do? Might accidant tookplace between somewhere ghodbandar rd. Traffic moves slovely. So plz slip & don't worry.
ham,Yes.he have good crickiting mind
ham,\ER
ham,Don know. I did't msg him recently.
ham,"K, my roommate also wants a dubsack and another friend may also want some so plan on bringing extra, I'll tell you when they know for sure"
ham,Can _ call me at 10:10 to make sure dat i've woken up...
ham,"Give her something to drink, if she takes it and doesn't vomit then you her temp might drop. If she unmits however let me know."
ham,Hey leave it. not a big deal:-) take care.
ham,Lol boo I was hoping for a laugh
ham,"No, I decided that only people who care about stuff vote and caring about stuff is for losers"
spam,Your 2004 account for 07XXXXXXXXX shows 786 unredeemed points. To claim call 08719181259 Identifier code: XXXXX Expires 26.03.05
ham,"You have come into my life and brought the sun ..Shiny down on me, warming my heart. Putting a constant smile on my face ... Making me feel loved and cared for"
ham,"Hey ! I want you ! I crave you ! I miss you ! I need you ! I love you, Ahmad Saeed al Hallaq ..."
ham,U meet other fren dun wan meet me ah... Muz b a guy rite...
ham,Shopping? Eh ger i toking abt syd leh...Haha
ham,Am not working but am up to eyes in philosophy so will text u later when a bit more free for chat...
ham,Btw regarding that we should really try to see if anyone else can be our 4th guy before we commit to a random dude
ham,I fetch yun or u fetch?
ham,Purity of friendship between two is not about smiling after reading the forwarded message..Its about smiling just by seeing the name. Gud evng musthu
ham,I'm sorry. I've joined the league of people that dont keep in touch. You mean a great deal to me. You have been a friend at all times even at great personal cost. Do have a great week.|
ham,Smith waste da.i wanna gayle.
spam,"REMINDER FROM O2: To get 2.50 pounds free call credit and details of great offers pls reply 2 this text with your valid name, house no and postcode"
ham,I'm not. She lip synced with shangela.
ham,Hey sathya till now we dint meet not even a single time then how can i saw the situation sathya.
ham,Leave it. U will always be ignorant.
ham,"Tell you what, if you make a little spreadsheet and track whose idea it was to smoke to determine who \smokes too much\"" for the entire month of february"
ham,"Thank You for calling.Forgot to say Happy Onam to you Sirji.I am fine here and remembered you when i met an insurance person.Meet You in Qatar Insha Allah.Rakhesh, ex Tata AIG who joined TISSCO,Tayseer."
ham,"Fighting with the world is easy, u either win or lose bt fightng with some1 who is close to u is dificult if u lose - u lose if u win - u still lose."
ham,Don t give a flying monkeys wot they think and I certainly don t mind. Any friend of mine and all that!
ham,Or just do that 6times
ham,"Rose for red,red for blood,blood for heart,heart for u. But u for me.... Send tis to all ur friends.. Including me.. If u like me.. If u get back, 1-u r poor in relation! 2-u need some 1 to support 3-u r frnd 2 many 4-some1 luvs u 5+- some1 is praying god to marry u.:-) try it...."
ham,My supervisor find 4 me one lor i thk his students. I havent ask her yet. Tell u aft i ask her.
spam,Moby Pub Quiz.Win a 100 High Street prize if u know who the new Duchess of Cornwall will be? Txt her first name to 82277.unsub STOP 1.50 008704050406 SP Arrow
ham,If u dun drive then how i go 2 sch.
spam,"URGENT!: Your Mobile No. was awarded a 2,000 Bonus Caller Prize on 02/09/03! This is our 2nd attempt to contact YOU! Call 0871-872-9755 BOX95QU"
ham,"I think I m waiting for the same bus! Inform me when you get there, if you ever get there."
ham,"Mah b, I'll pick it up tomorrow"
spam,You have won a Nokia 7250i. This is what you get when you win our FREE auction. To take part send Nokia to 86021 now. HG/Suite342/2Lands Row/W1JHL 16+
ham,I'm really sorry i won't b able 2 do this friday.hope u can find an alternative.hope yr term's going ok:-)
ham,"Hmm ok, i'll stay for like an hour cos my eye is really sore!"
ham,"Sun cant come to earth but send luv as rays. cloud cant come to river but send luv as rain. I cant come to meet U, but can send my care as msg to U. Gud evng"
spam,Do you want a New Nokia 3510i Colour Phone Delivered Tomorrow? With 200 FREE minutes to any mobile + 100 FREE text + FREE camcorder Reply or Call 08000930705
ham,It is only yesterday true true.
ham,Blank is Blank. But wat is blank? Lol
spam,"Text82228>> Get more ringtones, logos and games from www.txt82228.com. Questions: info@txt82228.co.uk"
ham,Of course. I guess god's just got me on hold right now.
ham,"Motivate Behind every darkness, there is a shining light waiting for you to find it... Behind every best friend, there is always trust and love... BSLVYL"
ham,I forgot 2 ask _ all smth.. There's a card on da present lei... How? all want 2 write smth or sign on it?
ham,Sounds great! Im going to sleep now. Have a good night!
ham,Omg I want to scream. I weighed myself and I lost more weight! Woohoo!
ham,"I'm eatin now lor, but goin back to work soon... E mountain deer show huh... I watch b4 liao, very nice..."
ham,Ok can...
ham,Havent still waitin as usual... come back sch oredi?
ham,When did i use soc... I use it only at home... dunno how 2 type it in word ar...
ham,Send me yetty's number pls.
ham,S but mostly not like that.
ham,U call me alter at 11 ok.
ham,"Thank you. And by the way, I just lost."
ham,Ok which your another number
ham,Pls give her the food preferably pap very slowly with loads of sugar. You can take up to an hour to give it. And then some water. Very very slowly.
ham,Do you know where my lab goggles went
ham,We are okay. Going to sleep now. Later
ham,Yes i have. So that's why u texted. Pshew...missing you so much
ham,U definitely need a module from e humanities dis sem izzit? U wan 2 take other modules 1st?
spam,Double Mins & Double Txt & 1/2 price Linerental on Latest Orange Bluetooth mobiles. Call MobileUpd8 for the very latest offers. 08000839402 or call2optout/LF56
ham,Sounds like something that someone testing me would sayy
ham,"Mostly sports type..lyk footbl,crckt.."
ham,Rofl betta invest in some anti aging products
spam,You have 1 new voicemail. Please call 08719181503
ham,She ran off with a younger man. we will make pretty babies together :)
ham,Ard 4 lor...
ham,I'm ok wif it cos i like 2 try new things. But i scared u dun like mah. Cos u said not too loud.
ham,True lov n care wil nevr go unrecognized. though somone often makes mistakes when valuing it. but they will definitly undrstnd once when they start missing it.
ham,Oh Howda gud gud.. Mathe en samachara chikku:-)
ham,Omg how did u know what I ate?
ham,LOL ... No just was busy
ham,I'm home.
ham,But i'll b going 2 sch on mon. My sis need 2 take smth.
ham,"When people see my msgs, They think Iam addicted to msging... They are wrong, Bcoz They don\'t know that Iam addicted to my sweet Friends..!! BSLVYL"
spam,"U've been selected to stay in 1 of 250 top British hotels - FOR NOTHING! Holiday valued at 350! Dial 08712300220 to claim - National Rate Call. Bx526, SW73SS"
ham,I'm e person who's doing e sms survey...
spam,PRIVATE! Your 2003 Account Statement for 07808 XXXXXX shows 800 un-redeemed S. I. M. points. Call 08719899217 Identifier Code: 41685 Expires 07/11/04
ham,Check wid corect speling i.e. Sarcasm
ham,"K, wait chikku..il send aftr <#> mins"
ham,Height of recycling: Read twice- People spend time for earning money and the same money is spent for spending time!;-) Good morning.. keep smiling:-)
ham,"Fyi I'm taking a quick shower, be at epsilon in like <#> min"
spam,tells u 2 call 09066358152 to claim 5000 prize. U have 2 enter all ur mobile & personal details @ the prompts. Careful!
ham,Huh so fast... Dat means u havent finished painting?
ham,Then get some cash together and I'll text jason
spam,"TheMob> Check out our newest selection of content, Games, Tones, Gossip, babes and sport, Keep your mobile fit and funky text WAP to 82468"
ham,"Gud gud..k, chikku tke care.. sleep well gud nyt"
ham,Was actually about to send you a reminder today. Have a wonderful weekend
ham,I'm coming home 4 dinner.
ham,"Mmmmm ... I loved waking to your words this morning ! I miss you too, my Love. I hope your day goes well and you are happy. I wait for us to be together again"
ham,HAPPY NEW YEAR MY NO.1 MAN
ham,"8 at the latest, g's still there if you can scrounge up some ammo and want to give the new ak a try"
ham,"Hello lover! How goes that new job? Are you there now? Are you happy? Do you think of me? I wake, my slave and send you a teasing kiss from across the sea"
ham,Yup
ham,"He will, you guys close?"
ham,Yeah it's jus rite...
ham,I walked an hour 2 c u! doesn t that show I care y wont u believe im serious?
ham,Lol they were mad at first but then they woke up and gave in.
ham,Are you driving or training?
ham,And pls pls drink plenty plenty water
ham,Then she buying today? no need to c meh...
spam,URGENT This is our 2nd attempt to contact U. Your 900 prize from YESTERDAY is still awaiting collection. To claim CALL NOW 09061702893. ACL03530150PM
spam,Block Breaker now comes in deluxe format with new features and great graphics from T-Mobile. Buy for just 5 by replying GET BBDELUXE and take the challenge
ham,HI BABE U R MOST LIKELY TO BE IN BED BUT IM SO SORRY ABOUT TONIGHT! I REALLY WANNA SEE U TOMORROW SO CALL ME AT 9. LOVE ME XXX
ham,Don no da:)whats you plan?
ham,My computer just fried the only essential part we don't keep spares of because my fucking idiot roommates looovvve leaving the thing running on full <#> /7
ham,Lol I know! They're so dramatic. Schools already closed for tomorrow. Apparently we can't drive in the inch of snow were supposed to get.
ham,"'Wnevr i wana fal in luv vth my books, My bed fals in luv vth me..!' . Yen madodu, nav pretsorginta, nammanna pretsovru important alwa....!!:) Gud eveB-)."
ham,No calls..messages..missed calls
spam,You have been specially selected to receive a 2000 pound award! Call 08712402050 BEFORE the lines close. Cost 10ppm. 16+. T&Cs apply. AG Promo
ham,Hope you are having a great new semester. Do wish you the very best. You are made for greatness.
ham,Ya! when are _ taking ure practical lessons? I start in june..
ham,I am taking half day leave bec i am not well
ham,JADE ITS PAUL. Y DIDN T U TXT ME? DO U REMEMBER ME FROM BARMED? I WANT 2 TALK 2 U! TXT ME
ham,I cant keep talking to people if am not sure i can pay them if they agree to price. So pls tell me what you want to really buy and how much you are willing to pay
ham,I hope your pee burns tonite.
ham,"whatever, im pretty pissed off."
ham,I don't think he has spatula hands!
ham,Dont hesitate. You know this is the second time she has had weakness like that. So keep i notebook of what she eat and did the day before or if anything changed the day before so that we can be sure its nothing
ham,i see. When we finish we have loads of loans to pay
ham,K:)k..its good:)when are you going?
ham,Ok.
ham,Goodo! Yes we must speak friday - egg-potato ratio for tortilla needed!
ham,Oh dang! I didn't mean o send that to you! Lol!
ham,"My mobile number.pls sms ur mail id.convey regards to achan,amma.Rakhesh.Qatar"
ham,Okie... Thanx...
ham,Already am squatting is the new way of walking
ham,One small prestige problem now.
ham,Moji just informed me that you saved our lives. Thanks.
ham,Nan sonathaya soladha. Why boss?
spam,Your unique user ID is 1172. For removal send STOP to 87239 customer services 08708034412
ham,"That's very rude, you on campus?"
ham,i am seeking a lady in the street and a freak in the sheets. Is that you?
spam,2p per min to call Germany 08448350055 from your BT line. Just 2p per min. Check PlanetTalkInstant.com for info & T's & C's. Text stop to opt out
ham,"Since when, which side, any fever, any vomitin."
ham,HEY MATE! HOWS U HONEY?DID U AVE GOOD HOLIDAY? GIMMI DE GOSS!x
ham,"Dude u knw also telugu..thts gud..k, gud nyt.."
ham,He says hi and to get your ass back to south tampa (preferably at a kegger)
spam,"Double Mins & 1000 txts on Orange tariffs. Latest Motorola, SonyEricsson & Nokia with Bluetooth FREE! Call MobileUpd8 on 08000839402 or call2optout/HF8"
ham,Wot about on wed nite I am 3 then but only til 9!
ham,"We're all getting worried over here, derek and taylor have already assumed the worst"
ham,Great. I was getting worried about you. Just know that a wonderful and caring person like you will have only the best in life. Know that u r wonderful and God's love is yours.
ham,"Awesome, think we can get an 8th at usf some time tonight?"
ham,Ha ha - had popped down to the loo when you hello-ed me. Hello!
spam,"Gr8 Poly tones 4 ALL mobs direct 2u rply with POLY TITLE to 8007 eg POLY BREATHE1 Titles: CRAZYIN, SLEEPINGWITH, FINEST, YMCA :getzed.co.uk POBox365O4W45WQ 300p"
ham,No plm i will come da. On the way.
ham,Oic... Then better quickly go bathe n settle down...
ham,But i haf enuff space got like 4 mb...
ham,Send this to ur friends and receive something about ur voice..... How is my speaking expression? 1.childish 2.naughty 3.Sentiment 4.rowdy 5.ful of attitude 6.romantic 7.shy 8.Attractive 9.funny <#> .irritating <#> .lovable. reply me..
ham,Oh yah... We never cancel leh... Haha
ham,Also remember the beads don't come off. Ever.
ham,"That way transport is less problematic than on sat night. By the way, if u want to ask n to join my bday, feel free. But need to know definite nos as booking on fri."
ham,Nope watching tv at home... Not going out. V bored...
ham,"I got arrested for possession at, I shit you not, <TIME> pm"
ham,"That's cool he'll be here all night, lemme know when you're around"
ham,K...k:)why cant you come here and search job:)
ham,Its a valentine game. . . Send dis msg to all ur friends. .. If 5 answers r d same then someone really loves u. Ques- which colour suits me the best?rply me
ham,Up to _... wan come then come lor... But i din c any stripes skirt...
ham,Dnt worry...use ice pieces in a cloth pack.also take 2 tablets.
ham,Yup i thk so until e shop closes lor.
ham,Chk in ur belovd ms dict
ham,Hey you still want to go for yogasana? Coz if we end at cine then can go bathe and hav the steam bath
ham,"Solve d Case : A Man Was Found Murdered On <DECIMAL> . <#> AfterNoon. 1,His wife called Police. 2,Police questioned everyone. 3,Wife: Sir,I was sleeping, when the murder took place. 4.Cook: I was cooking. 5.Gardener: I was picking vegetables. 6.House-Maid: I went 2 d post office. 7.Children: We went 2 play. 8.Neighbour: We went 2 a marriage. Police arrested d murderer Immediately. Who's It? Reply With Reason, If U r Brilliant."
ham,"Hmmm.... Mayb can try e shoppin area one, but forgot e name of hotel..."
ham,Olol i printed out a forum post by a guy with the exact same prob which was fixed with a gpu replacement. Hopefully they dont ignore that.
ham,Actually I decided I was too hungry so I haven't left yet :V
ham,Hi this is yijue... It's regarding the 3230 textbook it's intro to algorithms second edition... I'm selling it for $50...
ham,WOT U UP 2 J?
spam,GENT! We are trying to contact you. Last weekends draw shows that you won a 1000 prize GUARANTEED. Call 09064012160. Claim Code K52. Valid 12hrs only. 150ppm
ham,I wont do anything de.
ham,Shall i send that exe to your mail id.
ham,Sorry me going home first... Daddy come fetch _ later...
ham,Goodmorning sleeping ga.
ham,NEFT Transaction with reference number <#> for Rs. <DECIMAL> has been credited to the beneficiary account on <#> at <TIME> : <#>
ham,"\What are youdoing later? Sar xxx\"""""
ham,"Sorry, it's a lot of friend-of-a-friend stuff, I'm just now about to talk to the actual guy who wants to buy"
spam,"Urgent! call 09066612661 from landline. Your complementary 4* Tenerife Holiday or 10,000 cash await collection SAE T&Cs PO Box 3 WA14 2PX 150ppm 18+ Sender: Hol Offer"
ham,"Ditto. And you won't have to worry about me saying ANYTHING to you anymore. Like i said last night, you do whatever you want and i'll do the same. Peace."
ham,"LOOK AT AMY URE A BEAUTIFUL, INTELLIGENT WOMAN AND I LIKE U A LOT. I KNOW U DON T LIKE ME LIKE THAT SO DON T WORRY."
ham,Happy new year. Hope you are having a good semester
ham,My house here e sky quite dark liao... If raining then got excuse not 2 run already rite... Hee...
ham,"I dont knw pa, i just drink milk.."
ham,Oh my God. I'm almost home
ham,"LOL .. *grins* .. I'm not babe, but thanks for thinking of me!"
ham,I will be outside office take all from there
ham,Then why you not responding
ham,"Ok, be careful ! Don't text and drive !"
spam,Hi its LUCY Hubby at meetins all day Fri & I will B alone at hotel U fancy cumin over? Pls leave msg 2day 09099726395 Lucy x Calls 1/minMobsmoreLKPOBOX177HP51FL
ham,What time is ur flight tmr?
ham,No. It's not pride. I'm almost <#> years old and shouldn't be takin money from my kid. You're not supposed to have to deal with this stuff. This is grownup stuff--why i don't tell you.
ham,Missed your call cause I was yelling at scrappy. Miss u. Can't wait for u to come home. I'm so lonely today.
spam,You are a winner U have been specially selected 2 receive 1000 cash or a 4* holiday (flights inc) speak to a live operator 2 claim 0871277810810
spam,URGENT! Your Mobile number has been awarded with a 2000 prize GUARANTEED. Call 09058094454 from land line. Claim 3030. Valid 12hrs only
ham,Great. So should i send you my account number.
ham,"GOD ASKED, \What is forgiveness?\"" A little child gave lovely reply"
ham,Boo what time u get out? U were supposed to take me shopping today. :(
spam,"Hottest pics straight to your phone!! See me getting Wet and Wanting, just for you xx Text PICS to 89555 now! txt costs 150p textoperator g696ga 18 XxX"
ham,Convey my regards to him
spam,FREE for 1st week! No1 Nokia tone 4 ur mobile every week just txt NOKIA to 8077 Get txting and tell ur mates. www.getzed.co.uk POBox 36504 W45WQ 16+ norm150p/tone
spam,Loans for any purpose even if you have Bad Credit! Tenants Welcome. Call NoWorriesLoans.com on 08717111821
spam,"Sppok up ur mob with a Halloween collection of nokia logo&pic message plus a FREE eerie tone, txt CARD SPOOK to 8007"
spam,Do you want a new video handset? 750 anytime any network mins? Half Price Line Rental? Camcorder? Reply or call 08000930705 for delivery tomorrow
ham,Don know:)this week i'm going to tirunelvai da.
ham,"My fri ah... Okie lor,goin 4 my drivin den go shoppin after tt..."
ham,Hey cutie. How goes it? Here in WALES its kinda ok. There is like hills and shit but i still avent killed myself.
ham,I love u 2 my little pocy bell I am sorry but I love u
ham,did u get that message
ham,"Okies... I'll go yan jiu too... We can skip ard oso, go cine den go mrt one, blah blah blah..."
ham,Ya just telling abt tht incident..
ham,Eh den sat u book e kb liao huh...
ham,WOT U WANNA DO THEN MISSY?
ham,Mm i am on the way to railway
ham,Fuck babe ... What happened to you ? How come you never came back?
ham,K do I need a login or anything
spam,"3 FREE TAROT TEXTS! Find out about your love life now! TRY 3 FOR FREE! Text CHANCE to 85555 16 only! After 3 Free, Msgs 1.50 each"
ham,I accidentally deleted the message. Resend please.
ham,My love ! How come it took you so long to leave for Zaher's? I got your words on ym and was happy to see them but was sad you had left. I miss you
ham,But i'm really really broke oh. No amount is too small even <#>
ham,No it was cancelled yeah baby! Well that sounds important so i understand my darlin give me a ring later on this fone love Kate x
ham,"Haha yeah, 2 oz is kind of a shitload"
ham,Audrie lousy autocorrect
ham,Does not operate after <#> or what
ham,IM LATE TELLMISS IM ON MY WAY
ham,"When you get free, call me"
ham,"Sir, i am waiting for your call, once free please call me."
ham,I have printed it oh. So <#> come upstairs
ham,How much she payed. Suganya.
spam,We tried to contact you re your reply to our offer of a Video Handset? 750 anytime any networks mins? UNLIMITED TEXT? Camcorder? Reply or call 08000930705 NOW
ham,Doc prescribed me morphine cause the other pain meds aren't enough. Waiting for my mom to bring it. That med should kick in fast so I'm gonna try to be on later
ham,Boo I'm on my way to my moms. She's making tortilla soup. Yummmm
spam,"URGENT! Your mobile No *********** WON a 2,000 Bonus Caller Prize on 02/06/03! This is the 2nd attempt to reach YOU! Call 09066362220 ASAP! BOX97N7QP, 150ppm"
ham,I am literally in bed and have been up for like <#> hours
ham,Talk With Yourself Atleast Once In A Day...!!! Otherwise You Will Miss Your Best FRIEND In This WORLD...!!! -Shakespeare- SHESIL <#>
ham,Was actually sleeping and still might when u call back. So a text is gr8. You rock sis. Will send u a text wen i wake.
ham,Anytime lor...
ham,Carlos is taking his sweet time as usual so let me know when you and patty are done/want to smoke and I'll tell him to haul ass
ham,What you did in leave.
ham,R u in this continent?
ham,Gam gone after outstanding innings.
ham,WHITE FUDGE OREOS ARE IN STORES
ham,\HEY KATE
ham,Yeah jay's sort of a fucking retard
spam,88800 and 89034 are premium phone services call 08718711108
ham,G.W.R
spam,"Spook up your mob with a Halloween collection of a logo & pic message plus a free eerie tone, txt CARD SPOOK to 8007 zed 08701417012150p per logo/pic"
ham,This is all just creepy and crazy to me.
ham,Yup i thk cine is better cos no need 2 go down 2 plaza mah.
ham,Some of them told accenture is not confirm. Is it true.
spam,You won't believe it but it's true. It's Incredible Txts! Reply G now to learn truly amazing things that will blow your mind. From O2FWD only 18p/txt
ham,Okie.. Thanx..
ham,Also track down any lighters you can find
spam,Collect your VALENTINE'S weekend to PARIS inc Flight & Hotel + 200 Prize guaranteed! Text: PARIS to No: 69101. www.rtf.sphosting.com
ham,No let me do the math. Your not good at it.
spam,Had your mobile 11mths ? Update for FREE to Oranges latest colour camera mobiles & unlimited weekend calls. Call Mobile Upd8 on freefone 08000839402 or 2StopTxt
ham,Lol your right. What diet? Everyday I cheat anyway. I'm meant to be a fatty :(
spam,You have 1 new message. Please call 08712400200.
ham,Ron say fri leh. N he said ding tai feng cant make reservations. But he said wait lor.
ham,He didn't see his shadow. We get an early spring yay
ham,Did u find a sitter for kaitlyn? I was sick and slept all day yesterday.
ham,My slave! I want you to take 2 or 3 pictures of yourself today in bright light on your cell phone! Bright light!
ham,make that 3! 4 fucks sake?! x
ham,When u love someone Dont make them to love u as much as u do. But Love them so much that they dont want to be loved by anyone except you... Gud nit.
ham,She.s fine. I have had difficulties with her phone. It works with mine. Can you pls send her another friend request.
ham,"Just dropped em off, omw back now"
ham,"Aight, I'll text you when I'm back"
ham,This message is from a great Doctor in India:-): 1) Do not drink APPY FIZZ. It contains Cancer causing age
ham,When're you guys getting back? G said you were thinking about not staying for mcr
ham,Cab is available.they pick up and drop at door steps.
ham,"\Getting tickets 4 walsall tue 6 th march. My mate is getting me them on sat. ill pay my treat. Want 2 go. Txt bak .Terry\"""""
spam,"0A$NETWORKS allow companies to bill for SMS, so they are responsible for their \suppliers\"""
spam,Save money on wedding lingerie at www.bridal.petticoatdreams.co.uk Choose from a superb selection with national delivery. Brought to you by WeddingFriend
ham,Anytime...
ham,You unbelievable faglord
ham,Wait.i will come out.. <#> min:)
ham,Mom wants to know where you at
ham,Lol no. U can trust me.
ham,Also andros ice etc etc
ham,Really dun bluff me leh... U sleep early too. Nite...
ham,"What are you doing in langport? Sorry, but I'll probably be in bed by 9pm. It sucks being ill at xmas! When do you and go2sri lanka?"
ham,"Dear Hero,i am leaving to qatar tonite for an apt opportunity.pls do keep in touch at <EMAIL> ,kerala"
ham,"1.20 that call cost. Which i guess isnt bad. Miss ya, need ya, want ya, love ya"
ham,Thanks for looking out for me. I really appreciate.
spam,Guess what! Somebody you know secretly fancies you! Wanna find out who it is? Give us a call on 09065394514 From Landline DATEBox1282EssexCM61XN 150p/min 18
ham,Like a personal sized or what
ham,And miss vday the parachute and double coins??? U must not know me very well...
ham,U 2.
ham,Yavnt tried yet and never played original either
ham,"* Was really good to see you the other day dudette, been missing you!"
ham,We'll join the <#> bus
ham,"Idk. You keep saying that you're not, but since he moved, we keep butting heads over freedom vs. responsibility. And i'm tired. I have so much other shit to deal with that i'm barely keeping myself together once this gets added to it."
spam,5p 4 alfie Moon's Children in need song on ur mob. Tell ur m8s. Txt Tone charity to 8007 for Nokias or Poly charity for polys: zed 08701417012 profit 2 charity.
ham,I know I'm lacking on most of this particular dramastorm's details but for the most part I'm not worried about that
spam,Reply to win 100 weekly! What professional sport does Tiger Woods play? Send STOP to 87239 to end service
ham,twenty past five he said will this train have been to durham already or not coz i am in a reserved seat
ham,There is a first time for everything :)
ham,Why did I wake up on my own >:(
ham,o turns out i had stereo love on mi phone under the unknown album.
spam,RT-KIng Pro Video Club>> Need help? info@ringtoneking.co.uk or call 08701237397 You must be 16+ Club credits redeemable at www.ringtoneking.co.uk! Enjoy!
ham,"Cool, text me when you're ready"
ham,Hi kindly give us back our documents which we submitted for loan from STAPATI
ham,Tell them the drug dealer's getting impatient
ham,PS U no ur a grown up now right?
ham,Going thru a very different feeling.wavering decisions and coping up with the same is the same individual.time will heal everything i believe.
ham,Not from this campus. Are you in the library?
spam,Get ur 1st RINGTONE FREE NOW! Reply to this msg with TONE. Gr8 TOP 20 tones to your phone every week just 1.50 per wk 2 opt out send STOP 08452810071 16
ham,I take it we didn't have the phone callon Friday. Can we assume we won't have it this year now?
ham,how are you? I miss you!
ham,I'm home. Ard wat time will u reach?
ham,What class of <#> reunion?
ham,Meeting u is my work. . . Tel me when shall i do my work tomorrow
ham,Y so late but i need to go n get da laptop...
ham,Yeah imma come over cause jay wants to do some drugs
ham,U reach orchard already? U wan 2 go buy tickets first?
ham,They have a thread on the wishlist section of the forums where ppl post nitro requests. Start from the last page and collect from the bottom up.
ham,Booked ticket for pongal?
ham,Just hopeing that wasn t too pissed up to remember and has gone off to his sisters or something!
ham,"Hey, can you tell me blake's address? Carlos wanted me to meet him there but I got lost and he's not answering his phone"
ham,"Sorry, left phone upstairs. OK, might be hectic but would be all my birds with one fell swoop. It's a date."
ham,"I av a new number, . Wil u only use this one,ta."
ham,Do you always celebrate NY's with your family ?
ham,I told her I had a Dr appt next week. She thinks I'm gonna die. I told her its just a check. Nothing to be worried about. But she didn't listen.
ham,Hmmm.but you should give it on one day..
ham,Hey company elama po mudyadhu.
spam,87077: Kick off a new season with 2wks FREE goals & news to ur mobile! Txt ur club name to 87077 eg VILLA to 87077
ham,I've been barred from all B and Q stores for life!?This twat in orange dungerees came up to me and asked if I wanted decking? So I got the first punch in!!
ham,What's nannys address?
ham,Where you. What happen
ham,Mmmm ... Fuck ... Not fair ! You know my weaknesses ! *grins* *pushes you to your knee's* *exposes my belly and pulls your head to it* Don't forget ... I know yours too *wicked smile*
ham,Are u awake? Is there snow there?
ham,Hiya do u like the hlday pics looked horrible in them so took mo out! Hows the camp Amrca thing? Speak soon Serena:)
ham,G wants to know where the fuck you are
spam,LIFE has never been this much fun and great until you came in. You made it truly special for me. I won't forget you! enjoy @ one gbp/sms
ham,All day working day:)except saturday and sunday..
ham,What does the dance river do?
ham,Today iZ Yellow rose day. If u love my frndship give me 1 misscall & send this to ur frndZ & See how many miss calls u get. If u get 6missed U marry ur Lover.
ham,HI DARLIN IM MISSIN U HOPE YOU ARE HAVING A GOOD TIME. WHEN ARE U BACK AND WHAT TIME IF U CAN GIVE ME A CALL AT HOME. JESS XX
ham,"My friend, she's studying at warwick, we've planned to go shopping and to concert tmw, but it may be canceled, havn't seen for ages, yeah we should get together sometime!"
ham,Yes I know the cheesy songs from frosty the snowman :)
ham,There are no other charges after transfer charges and you can withdraw anyhow you like
ham,"Sorry, I'll call later in meeting"
ham,"Beautiful Truth against Gravity.. Read carefully: \Our heart feels light when someone is in it.. But it feels very heavy when someone leaves it..\"" GOODMORNING"""
ham,You know my old Dom I told you about yesterday ? His name is Roger? He got in touch with me last night and wants me to meet him today at 2 pm
ham,Got c... I lazy to type... I forgot _ in lect... I saw a pouch but like not v nice...
ham,"[ _] anyway, many good evenings to u! s"
ham,They released vday shirts and when u put it on it makes your bottom half naked instead of those white underwear.
ham,"Living is very simple.. Loving is also simple.. Laughing is too simple.. Winning is tooo simple.. But, being 'SIMPLE' is very difficult.. Gud nte.:-"
ham,I sent lanre fakeye's Eckankar details to the mail box
ham,You all ready for * big day tomorrow?
ham,"Haha better late than ever, any way I could swing by?"
ham,"Sweet, we may or may not go to 4U to meet carlos so gauge patty's interest in that"
spam,"Thanks for your ringtone order, ref number R836. Your mobile will be charged 4.50. Should your tone not arrive please call customer services on 09065069154"
ham,"Machan you go to gym tomorrow, i wil come late goodnight."
spam,FreeMsg: Hey - I'm Buffy. 25 and love to satisfy men. Home alone feeling randy. Reply 2 C my PIX! QlynnBV Help08700621170150p a msg Send stop to stop txts
spam,"You are being contacted by our dating service by someone you know! To find out who it is, call from a land line 09050000878. PoBox45W2TG150P"
ham,Then why you came to hostel.
ham,HI DARLIN I FINISH AT 3 DO U 1 2 PICK ME UP OR MEET ME? TEXT BACK ON THIS NUMBER LUV KATE XXX
spam,Congratulations YOU'VE Won. You're a Winner in our August 1000 Prize Draw. Call 09066660100 NOW. Prize Code 2309.
ham,Ya very nice. . .be ready on thursday
ham,Reverse is cheating. That is not mathematics.
ham,Nope i'm not drivin... I neva develop da photos lei...
ham,Are you wet right now?
ham,"I've got ten bucks, jay is being noncomittal"
ham,Hello handsome ! Are you finding that job ? Not being lazy ? Working towards getting back that net for mummy ? Where's my boytoy now ? Does he miss me ?
ham,Reason is if the team budget is available at last they buy the unsold players for at base rate..
ham,Oh god. I'm gonna Google nearby cliffs now.
ham,No problem with the renewal. I.ll do it right away but i dont know his details.
ham,Lol ... I really need to remember to eat when I'm drinking but I do appreciate you keeping me company that night babe *smiles*
ham,"Sorry man my account's dry or I would, if you want we could trade back half or I could buy some shit with my credit card"
ham,Pass dis to all ur contacts n see wat u get! Red;i'm in luv wid u. Blue;u put a smile on my face. Purple;u r realy hot. Pink;u r so swt. Orange;i thnk i lyk u. Green;i realy wana go out wid u. Yelow;i wnt u bck. Black;i'm jealous of u. Brown;i miss you Nw plz giv me one color
ham,Thanks for ve lovely wisheds. You rock
ham,I will be gentle princess! We will make sweet gentle love...
ham,Can you open the door?
ham,MAYBE IF YOU WOKE UP BEFORE FUCKING 3 THIS WOULDN'T BE A PROBLEM.
ham,Might ax well im there.
ham,Ok lar i double check wif da hair dresser already he said wun cut v short. He said will cut until i look nice.
spam,URGENT! We are trying to contact U. Todays draw shows that you have won a 800 prize GUARANTEED. Call 09050003091 from land line. Claim C52. Valid 12hrs only
ham,Then u going ikea str aft dat?
ham,"Okey doke. I'm at home, but not dressed cos laying around ill! Speak to you later bout times and stuff."
ham,Pls i wont belive god.not only jesus.
spam,"Hello from Orange. For 1 month's free access to games, news and sport, plus 10 free texts and 20 photo messages, reply YES. Terms apply: www.orange.co.uk/ow"
spam,"U can WIN 100 of Music Gift Vouchers every week starting NOW Txt the word DRAW to 87066 TsCs www.ldew.com SkillGame,1Winaweek, age16.150ppermessSubscription"
spam,"Dear Voucher Holder, To claim this weeks offer, at you PC please go to http://www.e-tlp.co.uk/reward. Ts&Cs apply."
ham,"Alright if you're sure, let me know when you're leaving"
spam,URGENT! We are trying to contact U. Todays draw shows that you have won a 800 prize GUARANTEED. Call 09050003091 from land line. Claim C52. Valid12hrs only
ham,No I'm in the same boat. Still here at my moms. Check me out on yo. I'm half naked.
ham,Minimum walk is 3miles a day.
ham,Haf u found him? I feel so stupid da v cam was working.
ham,Sorry sent blank msg again. Yup but trying 2 do some serious studying now.
ham,When is school starting. Where will you stay. What's the weather like. And the food. Do you have a social support system like friends in the school. All these things are important.
ham,Correct. So how was work today
ham,"Its ok., i just askd did u knw tht no?"
ham,Maybe i could get book out tomo then return it immediately ..? Or something.
ham,"Gumby's has a special where a <#> \ cheese pizza is $2 so I know what we're doin tonight"""
ham,If you ask her or she say any please message.
ham,"Aight, you close by or still down around alex's place?"
spam,"Free-message: Jamster!Get the crazy frog sound now! For poly text MAD1, for real text MAD2 to 88888. 6 crazy sounds for just 3 GBP/week! 16+only! T&C's apply"
ham,"Awesome, I remember the last time we got somebody high for the first time with diesel :V"
ham,Hi did u decide wot 2 get 4 his bday if not ill prob jus get him a voucher frm virgin or sumfing
spam,"accordingly. I repeat, just text the word ok on your mobile phone and send"
ham,K.i did't see you.:)k:)where are you now?
ham,Onum ela pa. Normal than.
ham,"It wont b until 2.15 as trying 2 sort house out, is that ok?"
ham,And he's apparently bffs with carly quick now
ham,Finally the match heading towards draw as your prediction.
ham,"I'm back, lemme know when you're ready"
ham,"We made it! Eta at taunton is 12:30 as planned, hope that s still okday?! Good to see you! :-xx"
spam,Valentines Day Special! Win over 1000 in our quiz and take your partner on the trip of a lifetime! Send GO to 83600 now. 150p/msg rcvd. CustCare:08718720201.
ham,Hey i will be late ah... Meet you at 945+
ham,Dont gimme that lip caveboy
ham,Sorry i now then c ur msg... Yar lor so poor thing... But only 4 one night... Tmr u'll have a brand new room 2 sleep in...
ham,Jus ans me lar. U'll noe later.
ham,In the end she might still vomit but its okay. Not everything will come out.
ham,I might go 2 sch. Yar at e salon now v boring.
ham,"Somewhr someone is surely made 4 u. And God has decided a perfect time to make u meet dat person. . . . till den, . . . . . Enjoy ur crushes..!!!;-)"
ham,Okay... We wait ah
ham,Actually i'm waiting for 2 weeks when they start putting ad.
ham,Ball is moving a lot.will spin in last :)so very difficult to bat:)
ham,Hey you around? I've got enough for a half + the ten I owe you
spam,"Urgent! Please call 09066612661 from your landline, your complimentary 4* Lux Costa Del Sol holiday or 1000 CASH await collection. ppm 150 SAE T&Cs James 28, EH74RR"
ham,Do you mind if I ask what happened? You dont have to say if it is uncomfortable.
ham,"I'm outside islands, head towards hard rock and you'll run into me"
ham,"What part of \don't initiate\"" don't you understand"""
ham,Hey happy birthday...
ham,Looks like u wil b getting a headstart im leaving here bout 2.30ish but if u r desperate for my company I could head in earlier-we were goin to meet in rummer.
ham,Yup having my lunch buffet now.. U eat already?
ham,"I can. But it will tell quite long, cos i haven't finish my film yet..."
ham,No need for the drug anymore.
ham,"Especially since i talk about boston all up in my personal statement, lol! I woulda changed that if i had realized it said nyc! It says boston now."
ham,Hey darlin.. i can pick u up at college if u tell me wen & where 2 mt.. love Pete xx
ham,Its just the effect of irritation. Just ignore it
ham,Which channel:-):-):):-).
ham,Not getting anywhere with this damn job hunting over here!
ham,"\NONE!NOWHERE IKNO DOESDISCOUNT!SHITINNIT\"""""
ham,And whenever you and i see we can still hook up too.
ham,I've been searching for the right words to thank you for this breather. I promise i wont take your help for granted and will fulfil my promise. You have been wonderful and a blessing at all times.
ham,Just finished eating. Got u a plate. NOT leftovers this time.
ham,"\EY! CALM DOWNON THEACUSATIONS.. ITXT U COS IWANA KNOW WOTU R DOIN AT THEW/END... HAVENTCN U IN AGES..RING ME IF UR UP4 NETHING SAT.LOVE J XXX.\"""""
ham,"Bloody hell, cant believe you forgot my surname Mr . Ill give u a clue, its spanish and begins with m..."
ham,I'm really sorry I lit your hair on fire
ham,Is there coming friday is leave for pongal?do you get any news from your work place.
ham,Holy living christ what is taking you so long
ham,Do u still have plumbers tape and a wrench we could borrow?
ham,I dunno until when... Lets go learn pilates...
spam,You are a winner you have been specially selected to receive 1000 cash or a 2000 award. Speak to a live operator to claim call 087123002209am-7pm. Cost 10p
ham,Those ducking chinchillas
ham,WOT STUDENT DISCOUNT CAN U GET ON BOOKS?
ham,"Haha... Sounds crazy, dunno can tahan anot..."
ham,Did u find out what time the bus is at coz i need to sort some stuff out.
ham,Not sure I have the stomach for it ...
ham,Wat makes some people dearer is not just de happiness dat u feel when u meet them but de pain u feel when u miss dem!!!
spam,"SMS. ac Blind Date 4U!: Rodds1 is 21/m from Aberdeen, United Kingdom. Check Him out http://img. sms. ac/W/icmb3cktz8r7!-4 no Blind Dates send HIDE"
spam,"our mobile number has won 5000, to claim calls us back or ring the claims hot line on 09050005321."
ham,it's still not working. And this time i also tried adding zeros. That was the savings. The checking is <#>
ham,Hello. Damn this christmas thing. I think i have decided to keep this mp3 that doesnt work.
ham,R we still meeting 4 dinner tonight?
ham,I am getting threats from your sales executive Shifad as i raised complaint against him. Its an official message.
ham,Not a drop in the tank
ham,She's fine. Sends her greetings
ham,"Mmmmmm ... I love you,so much, Ahmad ... I can't wait for this year to begin as every second takes me closer to being at your side. Happy New Year, my love!!"
ham,Is ur paper today in e morn or aft?
ham,Please attend the phone:)
ham,Yup he msg me: is tat yijue? Then i tot it's my group mate cos we meeting today mah... I'm askin if _ leaving earlier or wat mah cos mayb _ haf to walk v far...
ham,"Ok. Can be later showing around 8-8:30 if you want + cld have drink before. Wld prefer not to spend money on nosh if you don't mind, as doing that nxt wk."
ham,Oooh bed ridden ey? What are YOU thinking of?
spam,"You've won tkts to the EURO2004 CUP FINAL or 800 CASH, to collect CALL 09058099801 b4190604, POBOX 7876150ppm"
ham,Lol I would but despite these cramps I like being a girl.
ham,Can you do online transaction?
ham,Two fundamentals of cool life: \Walk
ham,What happened in interview?
spam,"Congrats! 2 mobile 3G Videophones R yours. call 09063458130 now! videochat wid your mates, play java games, Dload polyPH music, noline rentl."
ham,I wonder if you'll get this text?
ham,Still at west coast... Haiz... 'll take forever to come back...
ham,Aight do you still want to get money
ham,O i played smash bros <#> religiously.
ham,What's your room number again? Wanna make sure I'm knocking on the right door
ham,"Cool, I'll text you when I'm on the way"
ham,"Yeah, don't go to bed, I'll be back before midnight"
ham,For many things its an antibiotic and it can be used for chest abdomen and gynae infections even bone infections.
ham,Huh i cant thk of more oredi how many pages do we have?
ham,S...from the training manual it show there is no tech process:)its all about password reset and troubleshooting:)
ham,That seems unnecessarily hostile
ham,Sometimes Heart Remembrs someone Very much... Forgets someone soon... Bcoz Heart will not like everyone. But liked ones will be Remembered Everytime... BSLVYL
ham,He needs to stop going to bed and make with the fucking dealing
spam,"URGENT! You have won a 1 week FREE membership in our 100,000 Prize Jackpot! Txt the word: CLAIM to No: 81010 T&C www.dbuk.net LCCLTD POBOX 4403LDNW1A7RW18"
ham,"Dear,shall mail tonite.busy in the street,shall update you tonite.things are looking ok.varunnathu edukkukayee raksha ollu.but a good one in real sense."
ham,"Cant believe i said so many things to you this morning when all i really wanted to say was good morning, i love you! Have a beautiful morning. See you in the library later."
ham,Sorry. You never hear unless you book it. One was kinda a joke--thet were really looking for skinny white girls. The other was one line--you can only do so much on camera with that. Something like that they're casting on the look.
ham,No. Its not specialisation. Can work but its slave labor. Will look for it this month sha cos no shakara 4 beggar.
ham,Will purchase d stuff today and mail to you. Do you have a po box number?
ham,Where are you ? What are you doing ? Are yuou working on getting the pc to your mom's ? Did you find a spot that it would work ? I need you
ham,Pls dont forget to study
ham,Aight should I just plan to come up later tonight?
ham,S....s...india going to draw the series after many years in south african soil..
ham,I know but you need to get hotel now. I just got my invitation but i had to apologise. Cali is to sweet for me to come to some english bloke's weddin
ham,Sorry to be a pain. Is it ok if we meet another night? I spent late afternoon in casualty and that means i haven't done any of y stuff42moro and that includes all my time sheets and that. Sorry.
ham,Customer place i will call you
ham,Cool. Do you like swimming? I have a pool and jacuzzi at my house.
ham,Send me your resume:-)
ham,I think u have the wrong number.
spam,FREE camera phones with linerental from 4.49/month with 750 cross ntwk mins. 1/2 price txt bundle deals also avble. Call 08001950382 or call2optout/J MF
ham,It is a good thing I'm now getting the connection to bw
ham,I want to go to perumbavoor
spam,WIN a 200 Shopping spree every WEEK Starting NOW. 2 play text STORE to 88039. SkilGme. TsCs08714740323 1Winawk! age16 1.50perweeksub.
ham,Haven't left yet so probably gonna be here til dinner
ham,Cancel cheyyamo?and get some money back?
ham,Ok . . now i am in bus. . If i come soon i will come otherwise tomorrow
ham,Hey hun-onbus goin 2 meet him. He wants 2go out 4a meal but I donyt feel like it cuz have 2 get last bus home!But hes sweet latelyxxx
ham,Dunno dat's wat he told me. Ok lor...
ham,S:)8 min to go for lunch:)
ham,I am thinking of going down to reg for pract lessons.. Flung my advance.. Haha wat time u going?
ham,Wylie update: my weed dealer carlos went to freedom and had a class with lunsford
spam,What do U want for Xmas? How about 100 free text messages & a new video phone with half price line rental? Call free now on 0800 0721072 to find out more!
spam,A link to your picture has been sent. You can also use http://alto18.co.uk/wave/wave.asp?o=44345
ham,Got it..mail panren paru..
spam,"Dear Voucher Holder, 2 claim this weeks offer, at your PC go to http://www.e-tlp.co.uk/expressoffer Ts&Cs apply.2 stop texts txt STOP to 80062."
ham,That would be great. We'll be at the Guild. Could meet on Bristol road or somewhere - will get in touch over weekend. Our plans take flight! Have a good week
ham,I am waiting for your call sir.
ham,One day a crab was running on the sea shore..The waves came n cleared the footprints of the crab.. Crab asked: being my frnd y r u clearing my beautiful footprints? Waves replied: A fox was following ur footprints to catch you! thats y i cleared it off:) frndsship never lets u dwn :-) GUD nyt..
ham,Dear got train and seat mine lower seat
ham,I got a call from a landline number. . . I am asked to come to anna nagar . . . I will go in the afternoon
ham,Oh god i am happy to see your message after 3 days
ham,"(I should add that I don't really care and if you can't I can at least get this dude to fuck off but hey, your money if you want it)"
ham,HARD BUT TRUE: How much you show & express your love to someone....that much it will hurt when they leave you or you get seperated...! _?? ud evening...
ham,Alrite jod hows the revision goin? Keris bin doin a smidgin. N e way u wanna cum over after college?xx
ham,"Good afternoon, my love. How goes your day ? What are you up to ? I woke early and am online waiting for you ... Hmmm ... Italian boy is online I see . *grins*"
ham,Its on in engalnd! But telly has decided it won't let me watch it and mia and elliot were kissing! Damn it!
ham,Ok i will tell her to stay out. Yeah its been tough but we are optimistic things will improve this month.
ham,Good morning pookie pie! Lol hope I didn't wake u up
ham,We don call like <#> times oh. No give us hypertension oh.
spam,"WIN: We have a winner! Mr. T. Foley won an iPod! More exciting prizes soon, so keep an eye on ur mobile or visit www.win-82050.co.uk"
ham,Call me when u're done...
ham,"came to look at the flat, seems ok, in his 50s? * Is away alot wiv work. Got woman coming at 6.30 too."
ham,", how's things? Just a quick question."
spam,4mths half price Orange line rental & latest camera phones 4 FREE. Had your phone 11mths+? Call MobilesDirect free on 08000938767 to update now! or2stoptxt T&Cs
ham,"Once a fishrman woke early in d mrng. It was very dark. He waited a while & found a sack ful of stones. He strtd throwin thm in2 d sea 2 pass time. Atlast he had jus 1stone, sun rose up & he found out tht those r nt stones, those were diamonds. Moral:\Dont wake up early in d mrng' GOOD night"""
ham,Eatin my lunch...
ham,Ok lor then we go tog lor...
ham,Dunno i juz askin cos i got a card got 20% off 4 a salon called hair sense so i tot it's da one _ cut ur hair.
ham,Wot u up 2? Thout u were gonna call me!! Txt bak luv K
ham,How to Make a girl Happy? It's not at all difficult to make girls happy. U only need to be... 1. A friend 2. Companion 3. Lover 4. Chef . . . <#> . Good listener <#> . Organizer <#> . Good boyfriend <#> . Very clean <#> . Sympathetic <#> . Athletic <#> . Warm . . . <#> . Courageous <#> . Determined <#> . True <#> . Dependable <#> . Intelligent . . . <#> . Psychologist <#> . Pest exterminator <#> . Psychiatrist <#> . Healer . . <#> . Stylist <#> . Driver . . Aaniye pudunga venaam..
ham,U don't know how stubborn I am. I didn't even want to go to the hospital. I kept telling Mark I'm not a weak sucker. Hospitals are for weak suckers.
ham,"I guess that's why you re worried. You must know that there's a way the body repairs itself. And i'm quite sure you shouldn't worry. We'll take it slow. First the tests, they will guide when your ovulation is then just relax. Nothing you've said is a reason to worry but i.ll keep on followin you up."
ham,Is that what time you want me to come?
ham,Mmmm.... I cant wait to lick it!
ham,"You are always putting your business out there. You put pictures of your ass on facebook. You are one of the most open people i've ever met. Why would i think a picture of your room would hurt you, make you feel violated."
ham,I'm at work. Please call
ham,Wishing you a wonderful week.
ham,"My Parents, My Kidz, My Friends n My Colleagues. All screaming.. SURPRISE !! and I was waiting on the sofa.. ... ..... ' NAKED...!"
ham,You dont know you jabo me abi.
ham,There's no point hangin on to mr not right if he's not makin u happy
ham,"Yes..but they said its IT.,"
ham,Just checking in on you. Really do miss seeing Jeremiah. Do have a great month
ham,It took Mr owl 3 licks
ham,Gd luck 4 ur exams :-)
ham,How u doin baby girl ?? hope u are okay every time I call ure phone is off! I miss u get in touch
spam,Congratulations ur awarded either 500 of CD gift vouchers & Free entry 2 our 100 weekly draw txt MUSIC to 87066 TnCs www.Ldew.com1win150ppmx3age16
ham,"Hmm well, night night"
ham,I wanted to ask _ to wait 4 me to finish lect. Cos my lect finishes in an hour anyway.
ham,"Probably not, still going over some stuff here"
ham,Lol! U drunkard! Just doing my hair at d moment. Yeah still up 4 tonight. Wats the plan?
spam,You have WON a guaranteed 1000 cash or a 2000 prize. To claim yr prize call our customer service representative on 08714712412 between 10am-7pm Cost 10p
ham,"Forgot you were working today! Wanna chat, but things are ok so drop me a text when you're free / bored etc and i'll ring. Hope all is well, nose essay and all xx"
ham,This girl does not stay in bed. This girl doesn't need recovery time. Id rather pass out while having fun then be cooped up in bed
ham,Nope wif my sis lor... Aft bathing my dog then i can bathe... Looks like it's going 2 rain soon.
ham,No rushing. I'm not working. I'm in school so if we rush we go hungry.
ham,Jus came back fr lunch wif my sis only. U leh?
ham,You are a very very very very bad girl. Or lady.
ham,Depends on individual lor e hair dresser say pretty but my parents say look gong. U kaypoh.. I also dunno wat she collecting.
ham,Xy trying smth now. U eat already? We havent...
ham,Thats cool! I am a gentleman and will treat you with dignity and respect.
ham,Hi da:)how is the todays class?
ham,I'm turning off my phone. My moms telling everyone I have cancer. And my sister won't stop calling. It hurts to talk. Can't put up with it. See u when u get home. Love u
ham,Huh so late... Fr dinner?
ham,There the size of elephant tablets & u shove um up ur ass!!
spam,XMAS iscoming & ur awarded either 500 CD gift vouchers & free entry 2 r 100 weekly draw txt MUSIC to 87066 TnC www.Ldew.com1win150ppmx3age16subscription
ham,Y de asking like this.
spam,Free video camera phones with Half Price line rental for 12 mths and 500 cross ntwk mins 100 txts. Call MobileUpd8 08001950382 or Call2OptOut/674&
ham,Height of Confidence: All the Aeronautics professors wer calld & they wer askd 2 sit in an aeroplane. Aftr they sat they wer told dat the plane ws made by their students. Dey all hurried out of d plane.. Bt only 1 didnt move... He said:\if it is made by my students
ham,R _ going 4 today's meeting?
ham,As if i wasn't having enough trouble sleeping.
ham,Even if he my friend he is a priest call him now
ham,IM FINE BABES AINT BEEN UP 2 MUCH THO! SAW SCARY MOVIE YEST ITS QUITE FUNNY! WANT 2MRW AFTERNOON? AT TOWN OR MALL OR SUMTHIN?xx
ham,CHEERS LOU! YEAH WAS A GOODNITE SHAME U NEVA CAME! C YA GAILxx
ham,Hello! Good week? Fancy a drink or something later?
ham,I bought the test yesterday. Its something that lets you know the exact day u ovulate.when will get 2u in about 2 to 3wks. But pls pls dont fret. I know u r worried. Pls relax. Also is there anything in ur past history u need to tell me?
ham,So u gonna get deus ex?
ham,K.k.how is your business now?
ham,We still on for tonight?
spam,Valentines Day Special! Win over 1000 in our quiz and take your partner on the trip of a lifetime! Send GO to 83600 now. 150p/msg rcvd. CustCare:08718720201
ham,Oh k :)why you got job then whats up?
ham,Black shirt n blue jeans... I thk i c _...
ham,No. But we'll do medical missions to nigeria
spam,FREE for 1st week! No1 Nokia tone 4 ur mob every week just txt NOKIA to 8007 Get txting and tell ur mates www.getzed.co.uk POBox 36504 W45WQ norm150p/tone 16+
ham,I.ll get there tomorrow and send it to you
ham,I'm putting it on now. It should be ready for <TIME>
ham,Haha okay... Today weekend leh...
ham,Annoying isn't it.
ham,"said kiss, kiss, i can't do the sound effects! He is a gorgeous man isn't he! Kind of person who needs a smile to brighten his day!"
spam,ringtoneking 84484
ham,Your gonna have to pick up a $1 burger for yourself on your way home. I can't even move. Pain is killing me.
ham,Were somewhere on Fredericksburg
ham,U can call now...
ham,Don't forget who owns you and who's private property you are ... And be my good boy always .. *passionate kiss*
ham,Let there be snow. Let there be snow. This kind of weather brings ppl together so friendships can grow.
ham,Where r e meeting tmr?
spam,You have 1 new voicemail. Please call 08719181513.
ham,Ok that's great thanx a lot.
ham,"Jolly good! By the way, will give u tickets for sat eve 7.30. Speak before then x"
spam,Do you want a New Nokia 3510i colour phone DeliveredTomorrow? With 300 free minutes to any mobile + 100 free texts + Free Camcorder reply or call 08000930705
ham,I can t wait for cornwall. Hope tonight isn t too bad as well but it s rock night shite. Anyway i m going for a kip now have a good night. Speak to you soon.
ham,Meet after lunch la...
ham,Surely result will offer:)
ham,Where did u go? My phone is gonna die you have to stay in here
ham,U wake up already? Thanx 4 e tau sar piah it's quite nice.
ham,Can _ send me a copy of da report?
spam,FREE for 1st week! No1 Nokia tone 4 ur mob every week just txt NOKIA to 87077 Get txting and tell ur mates. zed POBox 36504 W45WQ norm150p/tone 16+
ham,Eh sorry leh... I din c ur msg. Not sad already lar. Me watching tv now. U still in office?
ham,"Great. I'm in church now, will holla when i get out"
spam,We tried to call you re your reply to our sms for a video mobile 750 mins UNLIMITED TEXT + free camcorder Reply of call 08000930705 Now
ham,"Men always needs a beautiful, intelligent, caring, loving, adjustable, cooperative wife. But the law allows only one wife...."
ham,Din i tell u jus now 420
ham,Do u hav any frnd by name ashwini in ur college?
ham,Yes. It's all innocent fun. O:-)
ham,Okay lor... Will they still let us go a not ah? Coz they will not know until later. We drop our cards into the box right?
ham,Congrats kano..whr s the treat maga?
ham,Yo theres no class tmrw right?
ham,"Sorry, I can't help you on this."
ham,Wrong phone! This phone! I answer this one but assume the other is people i don't well
spam,Our brand new mobile music service is now live. The free music player will arrive shortly. Just install on your phone to browse content from the top artists.
spam,25p 4 alfie Moon's Children in need song on ur mob. Tell ur m8s. Txt Tone charity to 8007 for Nokias or Poly charity for polys: zed 08701417012 profit 2 charity.
ham,I like cheap! But i m happy to splash out on the wine if it makes you feel better..
spam,"Romantic Paris. 2 nights, 2 flights from 79 Book now 4 next year. Call 08704439680Ts&Cs apply."
ham,"That s the thing with apes, u can fight to the death to keep something, but the minute they have it when u let go, thats it!"
ham,here is my new address -apples&pairs&all that malarky
ham,Pls she needs to dat slowly or she will vomit more.
ham,Mmm thats better now i got a roast down me! i d b better if i had a few drinks down me 2! Good indian?
ham,It means u could not keep ur words.
ham,I see the letter B on my car
ham,I meant middle left or right?
ham,He says he'll give me a call when his friend's got the money but that he's definitely buying before the end of the week
ham,I am going to sleep. I am tired of travel.
spam,"For ur chance to win a 250 wkly shopping spree TXT: SHOP to 80878. T's&C's www.txt-2-shop.com custcare 08715705022, 1x150p/wk"
spam,todays vodafone numbers ending with 0089(my last four digits) are selected to received a 350 award. If your number matches please call 09063442151 to claim your 350 award
ham,S'fine. Anytime. All the best with it.
ham,U too...
ham,U don't remember that old commercial?
ham,Just trying to figure out when I'm suppose to see a couple different people this week. We said we'd get together but I didn't set dates
ham,Just taste fish curry :-P
ham,HOW ARE U? I HAVE MISSED U! I HAVENT BEEN UP 2 MUCH A BIT BORED WITH THE HOLIDAY WANT 2 GO BAK 2 COLLEGE! SAD ISNT IT?xx
spam,Bloomberg -Message center +447797706009 Why wait? Apply for your future http://careers. bloomberg.com
ham,I liked your new house
ham,Cbe is really good nowadays:)lot of shop and showrooms:)city is shaping good.
ham,* Will have two more cartons off u and is very pleased with shelves
spam,"You have been specially selected to receive a \3000 award! Call 08712402050 BEFORE the lines close. Cost 10ppm. 16+. T&Cs apply. AG Promo"""
ham,Ugh my leg hurts. Musta overdid it on mon.
ham,Yar i wanted 2 scold u yest but late already... I where got zhong se qing you? If u ask me b4 he ask me then i'll go out w u all lor. N u still can act so real.
ham,Yes.mum lookin strong:)
spam,"Thanks for your ringtone order, reference number X49. Your mobile will be charged 4.50. Should your tone not arrive please call customer services 09065989182. From: [colour=red]text[/colour]TXTstar"
spam,Knock Knock Txt whose there to 80082 to enter r weekly draw 4 a 250 gift voucher 4 a store of yr choice. T&Cs www.tkls.com age16 to stoptxtstop 1.50/week
spam,UR awarded a City Break and could WIN a 200 Summer Shopping spree every WK. Txt STORE to 88039 . SkilGme. TsCs087147403231Winawk!Age16 1.50perWKsub
ham,I think i am disturbing her da
ham,"Cool, want me to go to kappa or should I meet you outside mu"
ham,"alright, I'll make sure the car is back tonight"
ham,Am i that much dirty fellow?
ham,"Mum, hope you are having a great day. Hoping this text meets you well and full of life. Have a great day. Abiola"
ham,You said not now. No problem. When you can. Let me know.
ham,How much you got for cleaning
ham,Honey boo I'm missing u.
ham,K..u also dont msg or reply to his msg..
spam,Wanna get laid 2nite? Want real Dogging locations sent direct to ur mobile? Join the UK's largest Dogging Network. Txt PARK to 69696 now! Nyt. ec2a. 3lp 1.50/msg
spam,"Will u meet ur dream partner soon? Is ur career off 2 a flyng start? 2 find out free, txt HORO followed by ur star sign, e. g. HORO ARIES"
ham,Busy here. Trying to finish for new year. I am looking forward to finally meeting you...
ham,Yo you around? A friend of mine's lookin to pick up later tonight
ham,If india win or level series means this is record:)
ham,My tuition is at 330. Hm we go for the 1120 to 1205 one? Do you mind?
ham,"Al he does is moan at me if n e thin goes wrong its my fault&al de arguments r my fault&fed up of him of himso y bother? Hav 2go, thanx.xx"
ham,Your dad is back in ph?
ham,Did you get any gift? This year i didnt get anything. So bad
ham,Why didn't u call on your lunch?
ham,I can't describe how lucky you are that I'm actually awake by noon
ham,What's the significance?
ham,"No, I was trying it all weekend ;V"
ham,How much it will cost approx . Per month.
ham,I'm very happy for you babe ! Woo hoo party on dude!
ham,We not watching movie already. Xy wants 2 shop so i'm shopping w her now.
ham,I'm working technical support :)voice process.networking field.
ham,Yeah I can still give you a ride
ham,Whens your radio show?
ham,What to think no one saying clearly. Ok leave no need to ask her. I will go if she come or not
ham,What u mean u almost done? Done wif sleeping? But i tot u going to take a nap.. Yup i send her liao so i'm picking her up at ard 4 smth lor..
ham,"Hi, Mobile no. <#> has added you in their contact list on www.fullonsms.com It s a great place to send free sms to people For more visit fullonsms.com"
ham,There bold 2 <#> . Is that yours
ham,Yo chad which gymnastics class do you wanna take? The site says Christians class is full..
spam,Text PASS to 69669 to collect your polyphonic ringtones. Normal gprs charges apply only. Enjoy your tones
ham,"Ela kano.,il download, come wen ur free.."
ham,I'm hungry buy smth home...
ham,Hi :)finally i completed the course:)
ham,"Haha yeah I see that now, be there in a sec"
ham,Yup n her fren lor. I'm meeting my fren at 730.
ham,What u talking bout early morning? It's almost noon where your at!
ham,Then anything special?
ham,"Hey, a guy I know is breathing down my neck to get him some bud, anyway you'd be able to get a half track to usf tonight?"
ham,"Can you pls pls send me a mail on all you know about relatives coming to deliver here? All you know about costs, risks, benefits and anything else. Thanks."
spam,December only! Had your mobile 11mths+? You are entitled to update to the latest colour camera mobile for Free! Call The Mobile Update VCo FREE on 08002986906
ham,Wat _ doing now?
spam,"As a valued customer, I am pleased to advise you that following recent review of your Mob No. you are awarded with a 1500 Bonus Prize, call 09066364589"
ham,"Yes, my reg is Ciao!"
ham,How are you enjoying this semester? Take care brother.
ham,1. Tension face 2. Smiling face 3. Waste face 4. Innocent face 5.Terror face 6.Cruel face 7.Romantic face 8.Lovable face 9.decent face <#> .joker face.
ham,I thank you so much for all you do with selflessness. I love you plenty.
ham,Hey... Very inconvenient for your sis a not huh?
ham,See you there!
ham,"Haha awesome, I've been to 4u a couple times. Who all's coming?"
ham,Really good:)dhanush rocks once again:)
ham,Tell me pa. How is pain de.
ham,"Oh, i will get paid. The most outstanding one is for a commercial i did for Hasbro...in AUGUST! They made us jump through so many hoops to get paid. Still not."
ham,Going for dinner.msg you after.
ham,Going to take your babe out ?
ham,Jokin only lar... :-) depends on which phone my father can get lor...
ham,Hope you are having a great day.
ham,No did you check? I got his detailed message now
ham,Dunno lei... I might b eatin wif my frens... If _ wan to eat then i wait 4 _ lar
spam,"Congratulations! Thanks to a good friend U have WON the 2,000 Xmas prize. 2 claim is easy, just call 08718726978 NOW! Only 10p per minute. BT-national-rate"
spam,BIG BROTHER ALERT! The computer has selected u for 10k cash or #150 voucher. Call 09064018838. NTT PO Box CRO1327 18+ BT Landline Cost 150ppm mobiles vary
ham,I will cme i want to go to hos 2morow. After that i wil cme. This what i got from her dear what to do. She didnt say any time
ham,1Apple/Day=No Doctor. 1Tulsi Leaf/Day=No Cancer. 1Lemon/Day=No Fat. 1Cup Milk/day=No Bone Problms 3 Litres Watr/Day=No Diseases Snd ths 2 Whom U Care..:-)
ham,R U &SAM P IN EACHOTHER. IF WE MEET WE CAN GO 2 MY HOUSE
ham,Dare i ask... Any luck with sorting out the car?
ham,Your opinion about me? 1. Over 2. Jada 3. Kusruthi 4. Lovable 5. Silent 6. Spl character 7. Not matured 8. Stylish 9. Simple Pls reply..
ham,Is there any training tomorrow?
spam,You will recieve your tone within the next 24hrs. For Terms and conditions please see Channel U Teletext Pg 750
ham,Long beach lor. Expected... U having dinner now?
ham,Badrith is only for chennai:)i will surely pick for us:)no competition for him.
ham,How is your schedule next week? I am out of town this weekend.
ham,Wish u many many returns of the day.. Happy birthday vikky..
ham,Mine here like all fr china then so noisy.
ham,comin to fetch us oredi...
spam,You are awarded a SiPix Digital Camera! call 09061221061 from landline. Delivery within 28days. T Cs Box177. M221BP. 2yr warranty. 150ppm. 16 . p p 3.99
ham,We stopped to get ice cream and will go back after
ham,Me too! Have a lovely night xxx
ham,Dont show yourself. How far. Put new pictures up on facebook.
ham,Painful words- \I thought being Happy was the most toughest thing on Earth... But
ham,Yeah that'd pretty much be the best case scenario
ham,How's ur paper?
ham,Mathews or tait or edwards or anderson
ham,"Honeybee Said: *I'm d Sweetest in d World* God Laughed & Said: *Wait,U Havnt Met d Person Reading This Msg* MORAL: Even GOD Can Crack Jokes! GM+GN+GE+GN:)"
ham,Lol I would but my mom would have a fit and tell the whole family how crazy and terrible I am
ham,Ok lor. I'm in town now lei.
ham,Ok anyway no need to change with what you said
ham,Mum say we wan to go then go... Then she can shun bian watch da glass exhibition...
ham,That means from february to april i'll be getting a place to stay down there so i don't have to hustle back and forth during audition season as i have since my sister moved away from harlem.
ham,Morning only i can ok.
ham,"Yeah there's quite a bit left, I'll swing by tomorrow when I get up"
ham,Wat's my dear doing? Sleeping ah?
spam,"Hack Chat. Get backdoor entry into 121 chat rooms at a fraction of the cost. Reply NEO69 or call 09050280520, to subscribe 25p pm. DPS, Bcm box 8027 Ldn, wc1n3xx"
ham,Hey!!! I almost forgot ... Happy B-day babe ! I love ya!!
spam,"URGENT! Your mobile No 07xxxxxxxxx won a 2,000 bonus caller prize on 02/06/03! this is the 2nd attempt to reach YOU! call 09066362231 ASAP! BOX97N7QP, 150PPM"
ham,Check with nuerologist.
ham,"Probably gonna be here for a while, see you later tonight <)"
ham,Also fuck you and your family for going to rhode island or wherever the fuck and leaving me all alone the week I have a new bong >:(
ham,Why she wants to talk to me
ham,"You are everywhere dirt, on the floor, the windows, even on my shirt. And sometimes when i open my mouth, you are all that comes flowing out. I dream of my world without you, then half my chores are out too. A time of joy for me, lots of tv shows i.ll see. But i guess like all things you just must exist, like rain, hail and mist, and when my time here is done, you and i become one."
ham,"Night sweet, sleep well! I've just been to see The Exorcism of Emily Rose and may never sleep again! Hugs and snogs!"
ham,Nvm it's ok...
ham,Just got outta class gonna go gym.
ham,Id have to check but there's only like 1 bowls worth left
ham,Lmao. Take a pic and send it to me.
ham,So what do you guys do.
ham,Where r we meeting?
ham,* Will be september by then!
ham,"Derp. Which is worse, a dude who always wants to party or a dude who files a complaint about the three drug abusers he lives with"
ham,What's ur pin?
ham,Eat jap done oso aft ur lect wat... got lect at 12 rite...
ham,Apo all other are mokka players only
ham,Howz pain?hope u r fine..
ham,Should I tell my friend not to come round til like <#> ish?
ham,We took hooch for a walk toaday and i fell over! Splat! Grazed my knees and everything! Should have stayed at home! See you tomorrow!
ham,Have you laid your airtel line to rest?
ham,Do u knw dis no. <#> ?
ham,Men like shorter ladies. Gaze up into his eyes.
ham,K k pa Had your lunch aha.
ham,Webpage s not available!
ham,I called and said all to him:)then he have to choose this future.
ham,Excellent! Wish we were together right now!
ham,"It's not that you make me cry. It's just that when all our stuff happens on top of everything else, it pushes me over the edge. You don't underdtand how often i cry over my sorry, sorry life."
ham,I'm aight. Wat's happening on your side.
ham,"\Hello-/@drivby-:0quit edrunk sorry iff pthis makes no senrd-dnot no how ^ dancce 2 drum n basq!ihave fun 2nhite x ros xxxxxxx\"""""
ham,I think you should go the honesty road. Call the bank tomorrow. Its the tough decisions that make us great people.
ham,Am okay. Will soon be over. All the best
ham,If I die I want u to have all my stuffs.
ham,Do you still have the grinder?
ham,Wewa is 130. Iriver 255. All 128 mb.
spam,1st wk FREE! Gr8 tones str8 2 u each wk. Txt NOKIA ON to 8007 for Classic Nokia tones or HIT ON to 8007 for Polys. Nokia/150p Poly/200p 16+
ham,"Helloooo... Wake up..! \Sweet\"" \""morning\"" \""welcomes\"" \""You\"" \""Enjoy\"" \""This Day\"" \""with full of joy\"".. \""GUD MRNG\""."""
ham,Another month. I need chocolate weed and alcohol.
spam,Ur cash-balance is currently 500 pounds - to maximize ur cash-in now send GO to 86688 only 150p/msg. CC 08718720201 HG/Suite342/2Lands Row/W1J6HL
ham,Me sef dey laugh you. Meanwhile how's my darling anjie!
ham,I'm awake oh. What's up.
ham,Went fast asleep dear.take care.
spam,Natalja (25/F) is inviting you to be her friend. Reply YES-440 or NO-440 See her: www.SMS.ac/u/nat27081980 STOP? Send STOP FRND to 62468
spam,"Congratulations! Thanks to a good friend U have WON the 2,000 Xmas prize. 2 claim is easy, just call 08718726971 NOW! Only 10p per minute. BT-national-rate."
ham,Lol no ouch but wish i'd stayed out a bit longer
ham,"Sorry, went to bed early, nightnight"
ham,No need to ke qi... too bored izzit y suddenly thk of this...
ham,Aft i finish my lunch then i go str down lor. Ard 3 smth lor. U finish ur lunch already?
ham,Hi its me you are probably having too much fun to get this message but i thought id txt u cos im bored! and james has been farting at me all night
ham,"I call you later, don't have network. If urgnt, sms me."
ham,I am late. I will be there at
ham,"\Speak only when you feel your words are better than the silence...\"" Gud mrng:-)"""
ham,Hey are we going for the lo lesson or gym?
spam,SMS AUCTION - A BRAND NEW Nokia 7250 is up 4 auction today! Auction is FREE 2 join & take part! Txt NOKIA to 86021 now! HG/Suite342/2Lands Row/W1J6HL
ham,Thanks love. But am i doing torch or bold.
ham,"Oh, my love, it's soooo good to hear from you. Omg I missed you so much today. I'm sorry your having problems with the provider but thank you for tming me"
ham,Thts god's gift for birds as humans hav some natural gift frm god..
ham,I wish that I was with you. Holding you tightly. Making you see how important you are. How much you mean to me ... How much I need you ... In my life ...
ham,Ok no prob. Take ur time.
ham,Unfortunately i've just found out that we have to pick my sister up from the airport that evening so don't think i'll be going out at all. We should try to go out one of th
ham,"Hello, my love ! How went your day ? Are you alright ? I think of you, my sweet and send a jolt to your heart to remind you ... I LOVE YOU! Can you hear it ? I screamed it across the sea for all the world to hear. Ahmad al Hallaq is loved ! and owned ! *possessive passionate kiss*"
ham,Yes:)sura in sun tv.:)lol.
ham,Am i that much bad to avoid like this?
ham,Sleeping nt feeling well
ham,You should know now. So how's anthony. Are you bringing money. I've school fees to pay and rent and stuff like that. Thats why i need your help. A friend in need....|
ham,Hi my email address has changed now it is
ham,After the drug she will be able to eat.
ham,Have you bookedthe hut? And also your time off? How are you by the way?
spam,"Final Chance! Claim ur 150 worth of discount vouchers today! Text YES to 85023 now! SavaMob, member offers mobile! T Cs SavaMob POBOX84, M263UZ. 3.00 Subs 16"
ham,This is my number by vivek..
ham,Are you up for the challenge? I know i am :)
ham,U gd lor go shopping i got stuff to do. U wan 2 watch infernal affairs a not? Come lar...
ham,Ok i thk i got it. Then u wan me 2 come now or wat?
ham,U still painting ur wall?
ham,"Sir Goodmorning, Once free call me."
ham,Dear i have reache room
ham,I WILL CAL YOU SIR. In meeting
ham,In fact when do you leave? I think addie goes back to school tues or wed
ham,Most of the tiime when i don't let you hug me it's so i don't break into tears.
ham,Lol yeah at this point I guess not
ham,Your right! I'll make the appointment right now.
spam,"Congrats! 1 year special cinema pass for 2 is yours. call 09061209465 now! C Suprman V, Matrix3, StarWars3, etc all 4 FREE! bx420-ip4-5we. 150pm. Dont miss out!"
ham,"K, can I pick up another 8th when you're done?"
ham,"Wow ... I love you sooo much, you know ? I can barely stand it ! I wonder how your day goes and if you are well, my love ... I think of you and miss you"
ham,"U so lousy, run already come back then half dead... Hee..."
ham,Also are you bringing galileo or dobby
ham,Lol yes. But it will add some spice to your day.
ham,Much better now thanks lol
ham,Now get step 2 outta the way. Congrats again.
ham,Cramps stopped. Going back to sleep
ham,They r giving a second chance to rahul dengra.
ham,It's only $140 ard... rest all ard $180 at least...Which is price 4 2 bedrm ($900)
ham,got wat to buy tell us then _ no need to come in again.
spam,Thanks for your subscription to Ringtone UK your mobile will be charged 5/month Please confirm by replying YES or NO. If you reply NO you will not be charged
ham,Hi:)did you asked to waheeda fathima about leave?
ham,Nope thats fine. I might have a nap tho!
ham,I miss you so much I'm so desparate I have recorded the message you left for me the other day and listen to it just to hear the sound of your voice. I love you
ham,Guess he wants alone time. We could just show up and watch when they do..
ham,Yup ok...
ham,Nope i waiting in sch 4 daddy...
ham,"Hiya , have u been paying money into my account? If so, thanks. Got a pleasant surprise when i checked my balance -u c, i don't get statements 4 that acc"
ham,"Er yeah, i will b there at 15:26, sorry! Just tell me which pub/cafe to sit in and come wen u can"
ham,K sure am in my relatives home. Sms me de. Pls:-)
spam,from www.Applausestore.com MonthlySubscription@50p/msg max6/month T&CsC web age16 2stop txt stop
ham,"Best line said in Love: . \I will wait till the day I can forget u Or The day u realize that u cannot forget me.\""... Gn"""
ham,Sat right? Okay thanks...
spam,We tried to contact you re your reply to our offer of 750 mins 150 textand a new video phone call 08002988890 now or reply for free delivery tomorrow
ham,"Okay. No no, just shining on. That was meant to be signing, but that sounds better."
ham,* Am on a train back from northampton so i'm afraid not!
ham,Keep my payasam there if rinu brings
ham,Beautiful truth : Expression of the face could Be seen by everyone... But the depression of heart Could be understood only By the Loved ones.. Gud Ni8;-)
ham,She's fine. Good to hear from you. How are you my dear? Happy new year oh.
ham,Your daily text from me a favour this time
ham,We walked from my moms. Right on stagwood pass right on winterstone left on victors hill. Address is <#>
ham,Oh for fuck's sake she's in like tallahassee
ham,I was wondering if it would be okay for you to call uncle john and let him know that things are not the same in nigeria as they r here. That <#> dollars is 2years sent and that you know its a strain but i plan to pay back every dime he gives. Every dime so for me to expect anything from you is not practical. Something like that.
ham,"Sir, i am waiting for your call."
ham,Then ur sis how?
ham,Wat uniform? In where get?
ham,"Merry Christmas to you too babe, i love ya *kisses*"
spam,Our records indicate u maybe entitled to 5000 pounds in compensation for the Accident you had. To claim 4 free reply with CLAIM to this msg. 2 stop txt STOP
ham,Its posible dnt live in <#> century cm frwd n thnk different
ham,"Like <#> , same question"
ham,Understand. his loss is my gain :) so do you work? School?
ham,"Hey babe! I saw you came online for a second and then you disappeared, what happened ?"
ham,Ok. No wahala. Just remember that a friend in need ...
ham,"I think your mentor is , but not 100 percent sure."
ham,Hi darlin im on helens fone im gonna b up the princes 2 nite please come up tb love Kate
ham,Happy birthday... May u find ur prince charming soon n dun work too hard...
ham,Play w computer? Aiyah i tok 2 u lor?
ham,Den wat will e schedule b lk on sun?
ham,Hello madam how are you ?
ham,There generally isn't one. It's an uncountable noun - u in the dictionary. pieces of research?
ham,Ok... Then r we meeting later?
ham,"Daddy, shu shu is looking 4 u... U wan me 2 tell him u're not in singapore or wat?"
ham,Why i come in between you people
ham,MMM ... Fuck .... Merry Christmas to me
spam,18 days to Euro2004 kickoff! U will be kept informed of all the latest news and results daily. Unsubscribe send GET EURO STOP to 83222.
ham,Just sent it. So what type of food do you like?
ham,NOT MUCH NO FIGHTS. IT WAS A GOOD NITE!!
ham,U horrible gal... U knew dat i was going out wif him yest n u still come n ask me...
ham,WHAT TIME U WRKIN?
ham,"Science tells that chocolate will melt under the sunlight. Please don't walk under the sunlight. BCoz,I don't want to loss a sweet friend."
ham,Neva mind it's ok..
spam,Text & meet someone sexy today. U can find a date or even flirt its up to U. Join 4 just 10p. REPLY with NAME & AGE eg Sam 25. 18 -msg recd@thirtyeight pence
ham,I wud never mind if u dont miss me or if u dont need me.. But u wil really hurt me wen u need me & u dont tell me......... Take care:-)
ham,"\GRAN ONLYFOUND OUT AFEW DAYS AGO.CUSOON HONI\"""""
ham,"The table's occupied, I'm waiting by the tree"
ham,Honestly i've just made a lovely cup of tea and promptly dropped my keys in it and then burnt my fingers getting them out!
ham,No de.am seeing in online shop so that i asked.
ham,Nah im goin 2 the wrks with j wot bout u?
ham,Yun ah.now _ wkg where?btw if _ go nus sc. wana specialise in wad?
ham,Yes.. now only saw your message..
ham,"Oh fine, I'll be by tonight"
ham,Slaaaaave ! Where are you ? Must I summon you to me all the time now ? Don't you wish to come to me on your own anymore?
ham,"see you then, we're all christmassy here!"
ham,"We are at grandmas. Oh dear, u still ill? I felt Shit this morning but i think i am just hungover! Another night then. We leave on sat."
ham,Okay name ur price as long as its legal! Wen can I pick them up? Y u ave x ams xx
spam,Panasonic & BluetoothHdset FREE. Nokia FREE. Motorola FREE & DoubleMins & DoubleTxt on Orange contract. Call MobileUpd8 on 08000839402 or call 2optout
ham,Carlos'll be here in a minute if you still need to buy
ham,Please leave this topic..sorry for telling that..
ham,I'm in town now so i'll jus take mrt down later.
ham,Haha... They cant what... At the most tmr forfeit... haha so how?
ham,Wat time r _ going to xin's hostel?
ham,Lol or I could just starve and lose a pound by the end of the day.
ham,In work now. Going have in few min.
ham,The new deus ex game comin early next yr
ham,still attending da talks?
ham,I have to take exam with in march 3
ham,"\HEY DAS COOL... IKNOW ALL 2 WELLDA PERIL OF STUDENTFINANCIAL CRISIS!SPK 2 U L8R.\"""""
ham,Aiyo please _ got time meh.
ham,Don know..wait i will check it.
ham,"Hey doc pls I want to get nice t shirt for my hubby nice fiting ones my budget is <#> k help pls I will load d card abi hw,keep me posted luv. 2 mj"
ham,Idk. I'm sitting here in a stop and shop parking lot right now bawling my eyes out because i feel like i'm a failure in everything. Nobody wants me and now i feel like i'm failing you.
ham,"I am late,so call you tomorrow morning.take care sweet dreams....u and me...ummifying...bye."
spam,sexy sexy cum and text me im wet and warm and ready for some porn! u up for some fun? THIS MSG IS FREE RECD MSGS 150P INC VAT 2 CANCEL TEXT STOP
ham,Haha... dont be angry with yourself... Take it as a practice for the real thing. =)
ham,My friends use to call the same.
spam,How come it takes so little time for a child who is afraid of the dark to become a teenager who wants to stay out all night?
ham,Cos i want it to be your thing
ham,Prabha..i'm soryda..realy..frm heart i'm sory
ham,Aiyo u so poor thing... Then u dun wan 2 eat? U bathe already?
spam,"Loan for any purpose 500 - 75,000. Homeowners + Tenants welcome. Have you been previously refused? We can still help. Call Free 0800 1956669 or text back 'help'"
spam,okmail: Dear Dave this is your final notice to collect your 4* Tenerife Holiday or #5000 CASH award! Call 09061743806 from landline. TCs SAE Box326 CW25WX 150ppm
ham,Our Prashanthettan's mother passed away last night. pray for her and family.
ham,Or maybe my fat fingers just press all these buttons and it doesn't know what to do.
ham,Jos ask if u wana meet up?
spam,Dont forget you can place as many FREE Requests with 1stchoice.co.uk as you wish. For more Information call 08707808226.
ham,"Well the weather in cali's great. But its complexities are great. You need a car to move freely, its taxes are outrageous. But all in all its a great place. The sad part is i missing home."
ham,"Dont pack what you can buy at any store.like cereals. If you must pack food, pack gari or something 9ja that you will miss."
ham,Lovely smell on this bus and it ain't tobacco...
ham,"It's that time of the week again, ryan"
ham,Good morning princess! Happy New Year!
ham,Lil fever:) now fine:)
ham,"Carlos is down but I have to pick it up from him, so I'll swing by usf in a little bit"
ham,Alright. I'm out--have a good night!
ham,I'm reading the text i just sent you. Its meant to be a joke. So read it in that light
ham,"fyi I'm at usf now, swing by the room whenever"
spam,FreeMsg: Txt: CALL to No: 86888 & claim your reward of 3 hours talk time to use from your phone now! Subscribe6GBP/mnth inc 3hrs 16 stop?txtStop
ham,It does it on its own. Most of the time it fixes my spelling. But sometimes it gets a completely diff word. Go figure
spam,Please CALL 08712402779 immediately as there is an urgent message waiting for you
ham,"Thanx. Yup we coming back on sun. Finish dinner going back 2 hotel now. Time flies, we're tog 4 exactly a mth today. Hope we'll haf many more mths to come..."
ham,Ok i msg u b4 i leave my house.
ham,No current and food here. I am alone also
ham,Also remember to get dobby's bowl from your car
ham,Thanx 4 sending me home...
ham,"no, i *didn't* mean to post it. I wrote it, and like so many other times i've ritten stuff to you, i let it sit there. it WAS what i was feeling at the time. I was angry. Before i left, i hit send, then stop. It wasn't there. I checked on my phone when i got to my car. It wasn't there. You said you didn't sleep, you were bored. So why wouldn't THAT be the time to clean, fold laundry, etc.? At least make the bed?"
ham,I was about to do it when i texted. I finished a long time ago and showered and er'ything!
spam,"complimentary 4 STAR Ibiza Holiday or 10,000 cash needs your URGENT collection. 09066364349 NOW from Landline not to lose out! Box434SK38WP150PPM18+"
ham,Ok... But bag again..
ham,Hmm. Shall i bring a bottle of wine to keep us amused? Just joking! I'll still bring a bottle. Red or white? See you tomorrow
ham,Have your lunch and come quickly and open the door:)
ham,"That means you got an A in epi, she.s fine. She.s here now."
ham,Nvm... I'm going to wear my sport shoes anyway... I'm going to be late leh.
ham,What time you thinkin of goin?
ham,U buy newspapers already?
ham,IM REALY SOZ IMAT MY MUMS 2NITE WHAT ABOUT 2MORO
ham,Let me know if you need anything else. Salad or desert or something... How many beers shall i get?
ham,How will I creep on you now? ;_;
ham,<#> mins but i had to stop somewhere first.
spam,network operator. The service is free. For T & C's visit 80488.biz
ham,"Sorry that took so long, omw now"
ham,Waaaat?? Lololo ok next time then!
ham,if you text on your way to cup stop that should work. And that should be BUS
ham,I know she called me
ham,Ya i knw u vl giv..its ok thanks kano..anyway enjoy wit ur family wit 1st salary..:-);-)
ham,Can... I'm free...
ham,Hi. I'm sorry i missed your call. Can you pls call back.
ham,This phone has the weirdest auto correct.
ham,Hi its in durban are you still on this number
ham,I AM AT A PARTY WITH ALEX NICHOLS
ham,"House-Maid is the murderer, coz the man was murdered on <#> th January.. As public holiday all govt.instituitions are closed,including post office..understand?"
ham,* Was thinking about chuckin ur red green n black trainners 2 save carryin them bac on train
ham,"Good! No, don t need any receipts well done! ( _) Yes, please tell . What s her number, i could ring her"
spam,Am new 2 club & dont fink we met yet Will B gr8 2 C U Please leave msg 2day wiv ur area 09099726553 reply promised CARLIE x Calls 1/minMobsmore LKPOBOX177HP51FL
ham,alright. Thanks for the advice. Enjoy your night out. I'ma try to get some sleep...
spam,PRIVATE! Your 2004 Account Statement for 078498****7 shows 786 unredeemed Bonus Points. To claim call 08719180219 Identifier Code: 45239 Expires 06.05.05
spam,"Hi babe its Chloe, how r u? I was smashed on saturday night, it was great! How was your weekend? U been missing me? SP visionsms.com Text stop to stop 150p/text"
ham,Okie...
ham,"Yup, no need. I'll jus wait 4 e rain 2 stop."
ham,Thank you princess! You are so sexy...
ham,My sort code is and acc no is . The bank is natwest. Can you reply to confirm i've sent this to the right person!
ham,Same. Wana plan a trip sometme then
ham,Is ur lecture over?
ham,Ok going to sleep. Hope i can meet her.
ham,I am in hospital da. . I will return home in evening
ham,Thk some of em find wtc too far... Weiyi not goin... E rest i dunno yet... R ur goin 4 dinner den i might b able to join...
ham,I think steyn surely get one wicket:)
spam,Your B4U voucher w/c 27/03 is MARSMS. Log onto www.B4Utele.com for discount credit. To opt out reply stop. Customer care call 08717168528
ham,Hi Chachi tried calling u now unable to reach u .. Pl give me a missed cal once u c tiz msg Kanagu
ham,I.ll give her once i have it. Plus she said grinule greet you whenever we speak
ham,Shall i start from hear.
ham,"Ok. Not much to do here though. H&M Friday, cant wait. Dunno wot the hell im gonna do for another 3 weeks! Become a slob- oh wait, already done that!"
ham,"<#> %of pple marry with their lovers... becz they hav gud undrstndng dat avoids problems. i sent dis 2 u, u wil get gud news on friday by d person you like. And tomorrow will be the best day of your life. Dont break this chain. If you break you will suffer. send this to <#> frnds in <#> mins whn u read..."
ham,This pain couldn't have come at a worse time.
ham,"How's my loverboy doing ? What does he do that keeps him from coming to his Queen, hmmm ? Doesn't he ache to speak to me ? Miss me desparately ?"
spam,Jamster! To get your free wallpaper text HEART to 88888 now! T&C apply. 16 only. Need Help? Call 08701213186.
ham,Omg it could snow here tonite!
ham,Haiyoh... Maybe your hamster was jealous of million
ham,HI DARLIN I HOPE YOU HAD A NICE NIGHT I WISH I HAD COME CANT WAIT TO SEE YOU LOVE FRAN PS I WANT DIRTY ANAL SEX AND I WANT A 10 MAN GANG BANG
ham,What is this 'hex' place you talk of? Explain!
ham,"Tee hee. Off to lecture, cheery bye bye."
ham,Anyway i'm going shopping on my own now. Cos my sis not done yet. Dun disturb u liao.
ham,Did you see that film:)
ham,Also that chat was awesome but don't make it regular unless you can see her in person
ham,Have you always been saying welp?
ham,"sorry brah, just finished the last of my exams, what up"
spam,Your credits have been topped up for http://www.bubbletext.com Your renewal Pin is tgxxrz
ham,"Not for possession, especially not first offense"
ham,Cheers for the message Zogtorius. I ve been staring at my phone for an age deciding whether to text or not.
ham,Can you use foreign stamps for whatever you send them off for?
ham,In that case I guess I'll see you at campus lodge
ham,He neva grumble but i sad lor... Hee... Buy tmr lor aft lunch. But we still meetin 4 lunch tmr a not. Neva hear fr them lei. got a lot of work ar?
ham,Nice line said by a broken heart- Plz don't cum 1 more times infront of me... Other wise once again I ll trust U... Good 9t:)
ham,"Ha. You don t know either. I did a a clever but simple thing with pears the other day, perfect for christmas."
ham,Super da:)good replacement for murali
ham,Delhi and chennai still silent.
ham,Then _ ask dad to pick _ up lar... wan 2 stay until 6 meh...
ham,Don't fret. I'll buy the ovulation test strips and send them to you. You wont get them til like march. Can you send me your postal address.u'll be alright.Okay.
ham,"Yeah probably, I still gotta check out with leo"
ham,Tmr timin still da same wat cos i got lesson until 6...
ham,I meant as an apology from me for texting you to get me drugs at <#> at night
ham,So li hai... Me bored now da lecturer repeating last weeks stuff waste time...
ham,I plane to give on this month end.
ham,And of course you should make a stink!
ham,Still i have not checked it da. . .
ham,"Dont give a monkeys wot they think and i certainly don't mind. Any friend of mine&all that! Just don't sleep wiv , that wud be annoyin!"
spam,Camera - You are awarded a SiPix Digital Camera! call 09061221066 fromm landline. Delivery within 28 days.
ham,Send to someone else :-)
spam,"Thank you, winner notified by sms. Good Luck! No future marketing reply STOP to 84122 customer services 08450542832"
ham,Lol you won't feel bad when I use her money to take you out to a steak dinner =D
ham,Okay. I've seen it. So i should pick it on friday?
spam,Free 1st week entry 2 TEXTPOD 4 a chance 2 win 40GB iPod or 250 cash every wk. Txt POD to 84128 Ts&Cs www.textpod.net custcare 08712405020.
ham,cud u tell ppl im gona b a bit l8 cos 2 buses hav gon past cos they were full & im still waitin 4 1. Pete x
ham,Yup i shd haf ard 10 pages if i add figures... all got how many pages?
ham,A little. Meds say take once every 8 hours. It's only been 5 but pain is back. So I took another. Hope I don't die
ham,No break time one... How... I come out n get my stuff fr _?
ham,I just saw ron burgundy captaining a party boat so yeah
ham,You are right though. I can't give you the space you want and need. This is really starting to become an issue. I was going to suggest setting a definite move out--if i'm still there-- after greece. But maybe you are ready and should do it now.
spam,"If you don't, your prize will go to another customer. T&C at www.t-c.biz 18+ 150p/min Polo Ltd Suite 373 London W1J 6HL Please call back if busy"
ham,Boy you best get yo ass out here quick
ham,"Jane babes not goin 2 wrk, feel ill after lst nite. Foned in already cover 4 me chuck.:-)"
spam,"Hi babe its Jordan, how r u? Im home from abroad and lonely, text me back if u wanna chat xxSP visionsms.com Text stop to stopCost 150p 08712400603"
ham,It just seems like weird timing that the night that all you and g want is for me to come smoke is the same day as when a shitstorm is attributed to me always coming over and making everyone smoke
ham,Can a not?
spam,Dorothy@kiefer.com (Bank of Granite issues Strong-Buy) EXPLOSIVE PICK FOR OUR MEMBERS *****UP OVER 300% *********** Nasdaq Symbol CDGT That is a $5.00 per..
spam,4mths half price Orange line rental & latest camera phones 4 FREE. Had your phone 11mths ? Call MobilesDirect free on 08000938767 to update now! or2stoptxt
ham,Your gonna be the death if me. I'm gonna leave a note that says its all robs fault. Avenge me.
ham,"Hello, hello, hi lou sorry it took so long 2 reply- I left mobile at friends in Lancaster, just got it bak Neway im sorry I couldn t make ur b day 2 hun!"
ham,When should I come over?
ham,"Sorry chikku, my cell got some problem thts y i was nt able to reply u or msg u.."
ham,"I don't think I can get away for a trek that long with family in town, sorry"
ham,"Sorry, I'll call later <#> mins"
ham,"How is my boy? No sweet words left for me this morning ... *sighs* ... How goes you day, my love ? Did you start your studying?"
spam,"XXXMobileMovieClub: To use your credit, click the WAP link in the next txt message or click here>> http://wap. xxxmobilemovieclub.com?n=QJKGIGHJJGCBL"
ham,K..then come wenever u lik to come and also tel vikky to come by getting free time..:-)
ham,Draw va?i dont think so:)
ham,Da is good good player.why he is unsold.
spam,Cashbin.co.uk (Get lots of cash this weekend!) www.cashbin.co.uk Dear Welcome to the weekend We have got our biggest and best EVER cash give away!! These..
ham,"Oh... Icic... K lor, den meet other day..."
ham,* Thought I didn't see you.
ham,Its a valentine game. . . send dis msg to all ur friends. . If 5 answers r d same then someone really loves u. . Ques- which colour suits me the best?
ham,"Customer place, i wil cal u sir."
ham,U GOIN OUT 2NITE?
ham,For fear of fainting with the of all that housework you just did? Quick have a cuppa
spam,"Our dating service has been asked 2 contact U by someone shy! CALL 09058091870 NOW all will be revealed. POBox84, M26 3UZ 150p"
ham,"Yo, you around? Just got my car back"
ham,Oh wow thats gay. Will firmware update help
spam,"Someone has contacted our dating service and entered your phone becausethey fancy you! To find out who it is call from a landline 09058098002. PoBox1, W14RG 150p"
ham,But if she.s drinkin i'm ok.
ham,"Sometimes we put walls around our hearts,not just to be safe from getting hurt.. But to find out who cares enough to break the walls & get closer.. GOODNOON:)"
ham,They said _ dun haf passport or smth like dat.. Or _ juz send to my email account..
ham,You always make things bigger than they are
ham,", im .. On the snowboarding trip. I was wondering if your planning to get everyone together befor we go..a meet and greet kind of affair? Cheers,"
ham,How are you doing. How's the queen. Are you going for the royal wedding
ham,I uploaded mine to Facebook
spam,"January Male Sale! Hot Gay chat now cheaper, call 08709222922. National rate from 1.5p/min cheap to 7.8p/min peak! To stop texts call 08712460324 (10p/min)"
spam,Urgent! Please call 09061213237 from a landline. 5000 cash or a 4* holiday await collection. T &Cs SAE PO Box 177 M227XY. 16+
ham,Ok ok take care. I can understand.
ham,I'm really not up to it still tonight babe
ham,Have you seen who's back at Holby?!
ham,Sounds like there could be a lot of time spent in that chastity device boy ... *grins* ... Or take your beatings like a good dog. Going to lounge in a nice long bath now ?
ham,I will see in half an hour
ham,Lolnice. I went from a fish to ..water.?
ham,Ok... Thanx... Gd nite 2 _ too...
spam,Customer Loyalty Offer:The NEW Nokia6650 Mobile from ONLY 10 at TXTAUCTION! Txt word: START to No: 81151 & get yours Now! 4T&Ctxt TC 150p/MTmsg
ham,Yar lor... Keep raining non stop... Or u wan 2 go elsewhere?
ham,Goin to workout lor... Muz lose e fats...
ham,Nice.nice.how is it working?
ham,Fyi I'm gonna call you sporadically starting at like <#> bc we are not not doin this shit
ham,"Now, whats your house # again ? And do you have any beer there ?"
ham,"Jus chillaxin, what up"
ham,How r _ going to send it to me?
ham,Please give it 2 or i will pick it up on Tuesday evening about 8 if that is ok.
ham,There is os called ubandu which will run without installing in hard disk...you can use that os to copy the important files in system and give it to repair shop..
ham,Aight well keep me informed
spam,Reply to win 100 weekly! Where will the 2006 FIFA World Cup be held? Send STOP to 87239 to end service
ham,HELLO PEACH! MY CAKE TASTS LUSH!
ham,"Japanese Proverb: If one Can do it, U too Can do it, If none Can do it,U must do it Indian version: If one Can do it, LET HIM DO it.. If none Can do it,LEAVE it!! And finally Kerala version: If one can do it, Stop him doing it.. If none can do it, Make a strike against it ..."
ham,How come?
spam,"Dear Voucher Holder, To claim this weeks offer, at you PC please go to http://www.e-tlp.co.uk/expressoffer Ts&Cs apply. To stop texts, txt STOP to 80062"
ham,Think I could stop by in like an hour or so? My roommate's looking to stock up for a trip
ham,"I thought i'd get him a watch, just cos thats the kind of thing u get4an18th. And he loves so much!"
ham,Or u ask they all if next sat can a not. If all of them can make it then i'm ok lor.
ham,"Dear,Me at cherthala.in case u r coming cochin pls call bfore u start.i shall also reach accordingly.or tell me which day u r coming.tmorow i am engaged ans its holiday."
ham,Do you know when the result.
ham,Apps class varaya elaya.
ham,What your plan for pongal?
ham,Well. Balls. Time to make calls
ham,No that just means you have a fat head
spam,"England v Macedonia - dont miss the goals/team news. Txt ur national team to 87077 eg ENGLAND to 87077 Try:WALES, SCOTLAND 4txt/ 1.20 POBOXox36504W45WQ 16+"
ham,Where do you need to go to get it?
ham,Haha... Yup hopefully we will lose a few kg by mon. after hip hop can go orchard and weigh again
ham,Hi. Hope you had a good day. Have a better night.
ham,Mm so you asked me not to call radio
ham,Now project pa. After that only i can come.
ham,Jus finish watching tv... U?
ham,U coming 2 pick me?
ham,"K, fyi I'm back in my parents' place in south tampa so I might need to do the deal somewhere else"
ham,"Same, I'm at my great aunts anniversary party in tarpon springs"
ham,"Dude. What's up. How Teresa. Hope you have been okay. When i didnt hear from these people, i called them and they had received the package since dec <#> . Just thot you'ld like to know. Do have a fantastic year and all the best with your reading. Plus if you can really really Bam first aid for Usmle, then your work is done."
ham,Havent.
ham,Just sing HU. I think its also important to find someone female that know the place well preferably a citizen that is also smart to help you navigate through. Even things like choosing a phone plan require guidance. When in doubt ask especially girls.
ham,Tmr then _ brin lar... Aiya later i come n c lar... Mayb _ neva set properly _ got da help sheet wif _...
ham,K I'll be sure to get up before noon and see what's what
ham,"Its ok chikku, and its my 1 of favourite song..:-)"
ham,Hey now am free you can call me.
ham,Arun can u transfr me d amt
ham,"Good afternoon, my love ... How goes your day ? How did you sleep ? I hope your well, my boytoy ... I think of you ..."
ham,"My sister in law, hope you are having a great month. Just saying hey. Abiola"
spam,"URGENT! Your mobile was awarded a 1,500 Bonus Caller Prize on 27/6/03. Our final attempt 2 contact U! Call 08714714011"
ham,Every day i use to sleep after <#> so only.
spam,"Hi, the SEXYCHAT girls are waiting for you to text them. Text now for a great night chatting. send STOP to stop this service"
ham,"Aight I've been set free, think you could text me blake's address? It occurs to me I'm not quite as sure what I'm doing as I thought I was"
spam,U have a Secret Admirer who is looking 2 make contact with U-find out who they R*reveal who thinks UR so special-call on 09065171142-stopsms-08718727870150ppm
ham,Many times we lose our best ones bcoz we are
spam,Wanna have a laugh? Try CHIT-CHAT on your mobile now! Logon by txting the word: CHAT and send it to No: 8883 CM PO Box 4217 London W1A 6ZF 16+ 118p/msg rcvd
ham,Great. Hope you are using your connections from mode men also cos you can never know why old friends can lead you to today
ham,Its worse if if uses half way then stops. Its better for him to complete it.
spam,We tried to contact you re your reply to our offer of a Video Phone 750 anytime any network mins Half Price Line Rental Camcorder Reply or call 08000930705
spam,"Thanks for your Ringtone Order, Reference T91. You will be charged GBP 4 per week. You can unsubscribe at anytime by calling customer services on 09057039994"
ham,"K, wat s tht incident?"
ham,Yar but they say got some error.
ham,If you r @ home then come down within 5 min
ham,Hows the champ just leaving glasgow!
ham,"I'm an actor. When i work, i work in the evening and sleep late. Since i'm unemployed at the moment, i ALWAYS sleep late. When you're unemployed, every day is saturday."
ham,"Yeah, where's your class at?"
ham,_ and don t worry we ll have finished by march _ ish!
ham,That's y i said it's bad dat all e gals know u... Wat u doing now?
spam,"Orange brings you ringtones from all time Chart Heroes, with a free hit each week! Go to Ringtones & Pics on wap. To stop receiving these tips reply STOP."
ham,Never try alone to take the weight of a tear that comes out of ur heart and falls through ur eyes... Always remember a STUPID FRIEND is here to share... BSLVYL
ham,"Hey chief, can you give me a bell when you get this. Need to talk to you about this royal visit on the 1st june."
ham,... Are you in the pub?
ham,Kothi print out marandratha.
ham,"To the wonderful Okors, have a great month. We cherish you guys and wish you well each day. MojiBiola"
ham,Not a lot has happened here. Feels very quiet. Beth is at her aunts and charlie is working lots. Just me and helen in at the mo. How have you been?
ham,I'm at home. Please call
ham,If i start sending blackberry torch to nigeria will you find buyer for me?like 4a month. And tell dad not to buy bb from anyone oh.
spam,GSOH? Good with SPAM the ladies?U could b a male gigolo? 2 join the uk's fastest growing mens club reply ONCALL. mjzgroup. 08714342399.2stop reply STOP. msg@ 1.50rcvd
spam,22 days to kick off! For Euro2004 U will be kept up to date with the latest news and results daily. To be removed send GET TXT STOP to 83222
ham,I can send you a pic if you like :)
ham,Are your freezing ? Are you home yet ? Will you remember to kiss your mom in the morning? Do you love me ? Do you think of me ? Are you missing me yet ?
ham,"I'm taking derek & taylor to walmart, if I'm not back by the time you're done just leave the mouse on my desk and I'll text you when priscilla's ready"
ham,It certainly puts things into perspective when something like this happens
ham,I'm done oredi...
ham,Lol that's different. I don't go trying to find every real life photo you ever took.
ham,"sure, but make sure he knows we ain't smokin yet"
ham,Pls pls find out from aunt nike.
ham,Have a good trip. Watch out for . Remember when you get back we must decide about easter.
ham,How stupid to say that i challenge god.You dont think at all on what i write instead you respond immed.
ham,Yeah no probs - last night is obviously catching up with you... Speak soon
ham,I have gone into get info bt dont know what to do
ham,"V-aluable. A-ffectionate. L-oveable. E-ternal. N-oble. T-ruthful. I-ntimate. N-atural. E-namous. Happy \VALENTINES DAY\"" in advance"""
ham,Very hurting n meaningful lines ever: \I compromised everything for my love
ham,I m going to try for 2 months ha ha only joking
ham,THING R GOOD THANX GOT EXAMS IN MARCH IVE DONE NO REVISION? IS FRAN STILL WITH BOYF? IVE GOTTA INTERVIW 4 EXETER BIT WORRIED!x
spam,"YOUR CHANCE TO BE ON A REALITY FANTASY SHOW call now = 08707509020 Just 20p per min NTT Ltd, PO Box 1327 Croydon CR9 5WB 0870 is a national = rate call"
ham,Hi dear we saw dear. We both are happy. Where you my battery is low
spam,"Update_Now - Xmas Offer! Latest Motorola, SonyEricsson & Nokia & FREE Bluetooth! Double Mins & 1000 Txt on Orange. Call MobileUpd8 on 08000839402 or call2optout/F4Q="
ham,Nobody can decide where to eat and dad wants Chinese
ham,From here after The performance award is calculated every two month.not for current one month period..
ham,aathi..where are you dear..
ham,Sorry. || mail? ||
ham,Hey. For me there is no leave on friday. Wait i will ask my superior and tell you..
ham,Somebody should go to andros and steal ice
ham,No problem. How are you doing?
ham,"\Hi darlin i cantdo anythingtomorrow as myparents aretaking me outfor a meal. when are u free? Katexxx\"""""
ham,Sorry about that this is my mates phone and i didnt write it love Kate
ham,I absolutely LOVE South Park! I only recently started watching the office.
ham,Lol now I'm after that hot air balloon!
ham,"Hm good morning, headache anyone? :-)"
ham,Can you please send me my aunty's number
ham,Hey so whats the plan this sat?
ham,"Just got part Nottingham - 3 hrs 63miles. Good thing i love my man so much, but only doing 40mph. Hey ho"
ham,Wat time _ wan today?
ham,S s..first time..dhoni rocks...
spam,UR awarded a City Break and could WIN a 200 Summer Shopping spree every WK. Txt STORE to 88039.SkilGme.TsCs087147403231Winawk!Age16+ 1.50perWKsub
spam,Sunshine Quiz Wkly Q! Win a top Sony DVD player if u know which country the Algarve is in? Txt ansr to 82277. 1.50 SP:Tyrone
ham,"Hmph. Go head, big baller."
ham,Just curious because my cuz asked what I was up to
ham,"Dear, will call Tmorrow.pls accomodate."
ham,"K, want us to come by now?"
ham,I am great princess! What are you thinking about me? :)
spam,XMAS Prize draws! We are trying to contact U. Todays draw shows that you have won a 2000 prize GUARANTEED. Call 09058094565 from land line. Valid 12hrs only
ham,"By the way, 'rencontre' is to meet again. Mountains dont...."
ham,"I wasn't well babe, i have swollen glands at my throat ... What did you end up doing ?"
ham,Wake me up at <#> am morning:)
ham,I'm freezing and craving ice. Fml
ham,"Hey there! Glad u r better now. I hear u treated urself to a digi cam, is it good? We r off at 9pm. Have a fab new year, c u in coupla wks!"
ham,Omg Joanna is freaking me out. She's looked thru all my friends to find photos of me. And then she's asking about stuff on my MySpace which I haven't even logged on in like a year. :/
ham,It only does simple arithmetic not percentages.
ham,"Yo, I'm at my parents' gettin cash. Good news: we picked up a downstem"
ham,Why must we sit around and wait for summer days to celebrate. Such a magical sight when the worlds dressed in white. Oooooh let there be snow.
ham,"Y cant u try new invention to fly..i'm not joking.,"
ham,Dunno y u ask me.
ham,"I got another job! The one at the hospital doing data analysis or something, starts on monday! Not sure when my thesis will got finished"
ham,Aww that's the first time u said u missed me without asking if I missed u first. You DO love me! :)
ham,Yes. I come to nyc for audiitions and am trying to relocate.
ham,Dont put your phone on silent mode ok
ham,hi my darlin im on my way to London and we have just been smashed into by another driver! and have a big dent! im really missing u what have u been up to? xxx
ham,"Tonight? Yeah, I'd be down for that"
ham,Now press conference da:)
ham,Think you sent the text to the home phone. That cant display texts. If you still want to send it his number is
spam,Fancy a shag? I do.Interested? sextextuk.com txt XXUK SUZY to 69876. Txts cost 1.50 per msg. TnCs on website. X
ham,He's really into skateboarding now despite the fact that he gets thrown off of it and winds up with bandages and shit all over his arms every five minutes
ham,Oh just getting even with u.... u?
ham,"Alright, see you in a bit"
ham,My planning usually stops at \find hella weed
spam,"UpgrdCentre Orange customer, you may now claim your FREE CAMERA PHONE upgrade for your loyalty. Call now on 0207 153 9153. Offer ends 26th July. T&C's apply. Opt-out available"
ham,"Yeah, that's fine! It's 6 to get in, is that ok?"
spam,RCT' THNQ Adrian for U text. Rgds Vatian
spam,Check Out Choose Your Babe Videos @ sms.shsex.netUN fgkslpoPW fgkslpo
spam,"Wan2 win a Meet+Greet with Westlife 4 U or a m8? They are currently on what tour? 1)Unbreakable, 2)Untamed, 3)Unkempt. Text 1,2 or 3 to 83049. Cost 50p +std text"
ham,What you doing?how are you?
ham,Ok both our days. So what are you making for dinner tonite? Am I invited?
ham,You're right I have now that I think about it
ham,Beauty sleep can help ur pimples too.
ham,"If i let you do this, i want you in the house by 8am."
ham,I went to project centre
ham,Wherre's my boytoy ? :-(
ham,Oh really?? Did you make it on air? What's your talent?
ham,Joy's father is John. Then John is the NAME of Joy's father. Mandan
ham,I'm serious. You are in the money base
ham,Mmm so yummy babe ... Nice jolt to the suzy
ham,"Yep, at derek's house now, see you Sunday <3"
ham,Will _ b going to esplanade fr home?
ham,You made my day. Do have a great day too.
ham,"If you're still up, maybe leave the credit card so I can get gas when I get back like he told me to"
spam,As a registered optin subscriber ur draw 4 100 gift voucher will be entered on receipt of a correct ans to 80062 Whats No1 in the BBC charts
ham,I love your ass! Do you enjoy doggy style? :)
ham,"Doing nothing, then u not having dinner w us?"
ham,You can jot down things you want to remember later.
ham,Msgs r not time pass.They silently say that I am thinking of U right now and also making U think of me at least 4 a moment. Gd nt.swt drms @Shesil
ham,Love you aathi..love u lot..
spam,U have won a nokia 6230 plus a free digital camera. This is what u get when u win our FREE auction. To take part send NOKIA to 83383 now. POBOX114/14TCR/W1 16
ham,Me i'm not workin. Once i get job...
ham,Yar he quite clever but aft many guesses lor. He got ask me 2 bring but i thk darren not so willing 2 go. Aiya they thk leona still not attach wat.
ham,"Right on brah, see you later"
ham,Amazing : If you rearrange these letters it gives the same meaning... Dormitory = Dirty room Astronomer = Moon starer The eyes = They see Election results = Lies lets recount Mother-in-law = Woman Hitler Eleven plus two =Twelve plus one Its Amazing... !:-)
ham,They don't put that stuff on the roads to keep it from getting slippery over there?
ham,Lmao but its so fun...
ham,By monday next week. Give me the full gist
ham,He like not v shock leh. Cos telling shuhui is like telling leona also. Like dat almost all know liao. He got ask me abt ur reaction lor.
ham,"Im sorry bout last nite it wasn t ur fault it was me, spouse it was pmt or sumthin! U 4give me? I think u shldxxxx"
ham,Me hungry buy some food good lei... But mum n yun dun wan juz buy a little bit...
ham,Was the actual exam harder than NBME
ham,Thankyou so much for the call. I appreciate your care.
ham,Sorry * was at the grocers.
ham,Genius what's up. How your brother. Pls send his number to my skype.
spam,As one of our registered subscribers u can enter the draw 4 a 100 G.B. gift voucher by replying with ENTER. To unsubscribe text STOP
ham,Captain is in our room:)
ham,I'll text you when I drop x off
ham,U still havent got urself a jacket ah?
ham,On the road so cant txt
ham,"Are you being good, baby? :)"
ham,jay says he'll put in <#>
ham,Sorry that was my uncle. I.ll keep in touch
ham,Was doing my test earlier. I appreciate you. Will call you tomorrow.
ham,Short But Cute : \ Be a good person
ham,Mm i had my food da from out
ham,"Yetunde, i'm sorry but moji and i seem too busy to be able to go shopping. Can you just please find some other way to get what you wanted us to get. Please forgive me. You can reply free via yahoo messenger."
spam,Mobile Club: Choose any of the top quality items for your mobile. 7cfca1a
ham,"Yun ah.the ubi one say if _ wan call by tomorrow.call 67441233 look for irene.ere only got bus8,22,65,61,66,382. Ubi cres,ubi tech park.6ph for 1st 5wkg days. n"
ham,How many times i told in the stage all use to laugh. You not listen aha.
spam,"FreeMsg: Claim ur 250 SMS messages-Text OK to 84025 now!Use web2mobile 2 ur mates etc. Join Txt250.com for 1.50p/wk. T&C BOX139, LA32WU. 16 . Remove txtX or stop"
ham,Doing my masters. When will you buy a bb cos i have for sale and how's bf
ham,"By the way, i've put a skip right outside the front of the house so you can see which house it is. Just pull up before it."
ham,"Okay, good, no problem, and thanx!"
ham,Ok lor but not too early. Me still having project meeting now.
ham,Where are you lover ? I need you ...
ham,How are you. Just checking up on you
ham,happened here while you were adventuring
ham,Now only i reached home. . . I am very tired now. . I will come tomorro
ham,I don't know but I'm raping dudes at poker
ham,"Fair enough, anything going on?"
ham,Should I be stalking u?
ham,"Honey, can you pls find out how much they sell Predicte in Nigeria. And how many times can it be used. Its very important to have a reply before monday"
ham,This is ur face test ( 1 2 3 4 5 6 7 8 9 <#> ) select any number i will tell ur face astrology.... am waiting. quick reply...
spam,You are a winner you have been specially selected to receive 1000 cash or a 2000 award. Speak to a live operator to claim call 087147123779am-7pm. Cost 10p
spam,Update_Now - 12Mths Half Price Orange line rental: 400mins...Call MobileUpd8 on 08000839402 or call2optout=J5Q
ham,Watching tv lor. Nice one then i like lor.
spam,Hello. We need some posh birds and chaps to user trial prods for champneys. Can i put you down? I need your address and dob asap. Ta r
ham,"I do know what u mean, is the king of not havin credit! I'm goin2bed now. Night night sweet! Only1more sleep!"
ham,Love has one law; Make happy the person you love. In the same way friendship has one law; Never make ur friend feel alone until you are alive.... Gud night
ham,"Just sent again. Do you scream and moan in bed, princess?"
ham,I thk 50 shd be ok he said plus minus 10.. Did _ leave a line in between paragraphs?
ham,Ic. There are a lotta childporn cars then.
ham,Be sure to check your yahoo email. We sent photos yesterday
ham,Yup but not studying surfing lor. I'm in e lazy mode today.
ham,"Ok omw now, you at castor?"
spam,PRIVATE! Your 2003 Account Statement for shows 800 un-redeemed S.I.M. points. Call 08718738001 Identifier Code: 49557 Expires 26/11/04
ham,S:)no competition for him.
ham,Pls accept me for one day. Or am begging you change the number.
ham,alright tyler's got a minor crisis and has to be home sooner than he thought so be here asap
ham,"I'm there and I can see you, but you can't see me ? Maybe you should reboot ym ? I seen the buzz"
ham,"Just looked it up and addie goes back Monday, sucks to be her"
ham,He is there. You call and meet him
ham,"I can make it up there, squeezed <#> bucks out of my dad"
ham,You are a great role model. You are giving so much and i really wish each day for a miracle but God as a reason for everything and i must say i wish i knew why but i dont. I've looked up to you since i was young and i still do. Have a great day.
ham,Going to join tomorrow.
ham,"Yeah, probably here for a while"
ham,"I keep seeing weird shit and bein all \woah\"" then realising it's actually reasonable and I'm all \""oh\"""""
ham,"Nah can't help you there, I've never had an iphone"
spam,Please CALL 08712402972 immediately as there is an urgent message waiting for you
ham,Let me know how to contact you. I've you settled in a room. Lets know you are ok.
ham,would u fuckin believe it they didnt know i had thurs pre booked off so they re cancelled me AGAIN! that needs to b sacked
ham,I have a rather prominent bite mark on my right cheek
ham,Am slow in using biola's fne
ham,Babes I think I got ur brolly I left it in English wil bring it in 2mrw 4 u luv Franxx
ham,You do your studies alone without anyones help. If you cant no need to study.
spam,FreeMsg>FAV XMAS TONES!Reply REAL
ham,What's happening with you. Have you gotten a job and have you begun registration for permanent residency
ham,Text her. If she doesnt reply let me know so i can have her log in
ham,We are pleased to inform that your application for Airtel Broadband is processed successfully. Your installation will happen within 3 days.
ham,"Sir, I have been late in paying rent for the past few months and had to pay a $ <#> charge. I felt it would be inconsiderate of me to nag about something you give at great cost to yourself and that's why i didnt speak up. I however am in a recession and wont be able to pay the charge this month hence my askin well ahead of month's end. Can you please help. Thanks"
ham,"Hiya, probably coming home * weekend after next"
ham,When/where do I pick you up
ham,How i noe... Did _ specify da domain as nusstu... still in sch...
ham,U say leh... Of course nothing happen lar. Not say v romantic jus a bit only lor. I thk e nite scenery not so nice leh.
ham,"I'm a guy, browsin is compulsory"
ham,Hey so this sat are we going for the intro pilates only? Or the kickboxing too?
ham,Yep. I do like the pink furniture tho.
ham,Doesn't g have class early tomorrow and thus shouldn't be trying to smoke at <#>
ham,Thanks for understanding. I've been trying to tell sura that.
ham,Yup. Thk of u oso boring wat.
ham,No plans yet. What are you doing ?
ham,All was well until slightly disastrous class this pm with my fav darlings! Hope day off ok. Coffee wld be good as can't stay late tomorrow. Same time + place as always?
ham,Oh thats late! Well have a good night and i will give u a call tomorrow. Iam now going to go to sleep night night
ham,Oh all have to come ah?
ham,Are you going to write ccna exam this week??
ham,Ugh just got outta class
ham,Send me your id and password
ham,Don't look back at the building because you have no coat and i don't want you to get more sick. Just hurry home and wear a coat to the gym!!!
ham,No..he joined today itself.
ham,Discussed with your mother ah?
ham,Tell my bad character which u Dnt lik in me. I'll try to change in <#> . I ll add tat 2 my new year resolution. Waiting for ur reply.Be frank...good morning.
ham,Today i'm not workin but not free oso... Gee... Thgt u workin at ur fren's shop ?
ham,"We have sent JD for Customer Service cum Accounts Executive to ur mail id, For details contact us"
ham,Went to ganesh dress shop
ham,Ok lor _ reaching then message me.
ham,I have had two more letters from . I will copy them for you cos one has a message for you. Speak soon
ham,K.k:)apo k.good movie.
ham,Then cant get da laptop? My matric card wif _ lei...
ham,Saw Guys and Dolls last night with Patrick Swayze it was great
ham,Also hi wesley how've you been
ham,Ok i'm coming home now.
ham,ALSO TELL HIM I SAID HAPPY BIRTHDAY
ham,Hi di is yijue we're meeting at 7 pm at esaplanade tonight.
spam,"Claim a 200 shopping spree, just call 08717895698 now! Have you won! MobStoreQuiz10ppm"
ham,"Good afternoon, my love. It was good to see your words on YM and get your tm. Very smart move, my slave ... *smiles* ... I drink my coffee and await you."
ham,Don't forget though that I love you .... And I walk beside you. Watching over you and keeping your heart warm.
ham,Ugh hopefully the asus ppl dont randomly do a reformat.
ham,I like dis sweater fr mango but no more my size already so irritating.
ham,This pen thing is beyond a joke. Wont a Biro do? Don't do a masters as can't do this ever again!
ham,Pls go there today <#> . I dont want any excuses
ham,Dun b sad.. It's over.. Dun thk abt it already. Concentrate on ur other papers k.
spam,"Thanks for your ringtone order, reference number X49.Your mobile will be charged 4.50. Should your tone not arrive please call customer services 09065989182"
ham,Future is not what we planned for tomorrow.....! it is the result of what we do today...! Do the best in present... enjoy the future.
ham,COME BACK TO TAMPA FFFFUUUUUUU
ham,Pick you up bout 7.30ish? What time are and that going?
spam,Urgent! Please call 09061743811 from landline. Your ABTA complimentary 4* Tenerife Holiday or 5000 cash await collection SAE T&Cs Box 326 CW25WX 150ppm
ham,I come n pick _ up... Come out immediately aft ur lesson...
ham,Wot is u up 2 then bitch?
ham,Yup i'm still having coffee wif my frens... My fren drove she'll give me a lift...
ham,BABE !!! I miiiiiiissssssssss you ! I need you !!! I crave you !!! :-( ... Geeee ... I'm so sad without you babe ... I love you ...
ham,"Oh, yes, I've just been a little under the weather so i've kind of been coccooning at home"
ham,Its not that time of the month nor mid of the time?
ham,"I'm gonna be home soon and i don't want to talk about this stuff anymore tonight, k? I've cried enough today."
ham,Tomarrow i want to got to court. At <DECIMAL> . So you come to bus stand at 9.
ham,"Sounds good, keep me posted"
ham,No sir. That's why i had an 8-hr trip on the bus last week. Have another audition next wednesday but i think i might drive this time.
ham,Feel Yourself That You Are Always Happy.. Slowly It Becomes Your Habit & Finally It Becomes Part Of Your Life.. Follow It.. Happy Morning & Have A Happy Day:)
ham,Would really appreciate if you call me. Just need someone to talk to.
ham,Can you call me plz. Your number shows out of coveragd area. I have urgnt call in vasai & have to reach before 4'o clock so call me plz
spam,"FREE RINGTONE text FIRST to 87131 for a poly or text GET to 87131 for a true tone! Help? 0845 2814032 16 after 1st free, tones are 3x 150pw to e nd txt stop"
ham,No one interested. May be some business plan.
ham,"Dear all, as we know <#> th is the <#> th birthday of our loving Gopalettan. We are planning to give a small gift on that day. Those who like to participate in that you are welcome. Please contact our admin team for more details"
ham,Home so we can always chat
ham,Hahaha..use your brain dear
ham,Dear are you angry i was busy dear
ham,Just getting back home
ham,Some are lasting as much as 2 hours. You might get lucky.
ham,"How long before you get reply, just defer admission til next semester"
ham,"Hello! Just got here, st andrews-boy its a long way! Its cold. I will keep you posted"
ham,Dunno he jus say go lido. Same time 930.
ham,Ok u can take me shopping when u get paid =D
ham,Yup. Izzit still raining heavily cos i'm in e mrt i can't c outside.
ham,I'll reach in ard 20 mins ok...
ham,I.ll post her out l8r. In class
ham,So i could kiss and feel you next to me...
ham,takin linear algebra today?
spam,"Thanks for your ringtone order, ref number K718. Your mobile will be charged 4.50. Should your tone not arrive please call customer services on 09065069120"
spam,07732584351 - Rodger Burns - MSG = We tried to call you re your reply to our sms for a free nokia mobile + free camcorder. Please call now 08000930705 for delivery tomorrow
ham,What I'm saying is if you haven't explicitly told nora I know someone I'm probably just not gonna bother
ham,Please dont say like that. Hi hi hi
ham,"I ve got some salt, you can rub it in my open wounds if you like!"
ham,Mm that time you dont like fun
ham,I hate when she does this. She turns what should be a fun shopping trip into an annoying day of how everything would look in her house.
ham,You call times job today ok umma and ask them to speed up
ham,I can take you at like noon
ham,"Wen ur lovable bcums angry wid u, dnt take it seriously.. Coz being angry is d most childish n true way of showing deep affection, care n luv!.. kettoda manda... Have nice day da."
ham,Have a nice day my dear.
ham,Yup no more already... Thanx 4 printing n handing it up.
ham,Lol alright i was thinkin that too haha
ham,Fffff. Can you text kadeem or are you too far gone
ham,U guys never invite me anywhere :(
ham,Well there's not a lot of things happening in Lindsay on New years *sighs* Some bars in Ptbo and the blue heron has something going
ham,This weekend is fine (an excuse not to do too much decorating)
ham,Ok k..sry i knw 2 siva..tats y i askd..
ham,Happy birthday to you....dear.with lots of love.rakhesh NRI
ham,Jay's getting really impatient and belligerent
spam,Do you want a NEW video phone750 anytime any network mins 150 text for only five pounds per week call 08000776320 now or reply for delivery tomorrow
ham,"What do u reckon as need 2 arrange transport if u can't do it, thanks"
ham,"Send ur birthdate with month and year, I will tel u ur LIFE PARTNER'S name. and the method of calculation. Reply must."
ham,"Come to mu, we're sorting out our narcotics situation"
ham,"Call me, i am senthil from hsbc."
ham,"How are you, my Love ? Are you with your brother ? Time to talk english with him ? *grins* Say : Hey Muhommad, Penny says hello from across the sea"
ham,Aah! A cuddle would be lush! I'd need lots of tea and soup before any kind of fumbling!
spam,Burger King - Wanna play footy at a top stadium? Get 2 Burger King before 1st Sept and go Large or Super with Coca-Cola and walk out a winner
ham,Ok no prob
ham,"They said if its gonna snow, it will start around 8 or 9 pm tonite! They are predicting an inch of accumulation."
ham,Where's mummy's boy ? Is he being good or bad ? Is he being positive or negative ? Why is mummy being made to wait? Hmmmm?
ham,I want <#> rs da:)do you have it?
ham,He dint tell anything. He is angry on me that why you told to abi.
ham,My phone
ham,"Oh right, ok. I'll make sure that i do loads of work during the day! got a really nasty cough today and is dry n shot so that should really help it!"
spam,"U can WIN 100 of Music Gift Vouchers every week starting NOW Txt the word DRAW to 87066 TsCs www.Idew.com SkillGame, 1Winaweek, age16. 150ppermessSubscription"
ham,Not planned yet :)going to join company on jan 5 only.don know what will happen after that.
ham,He's just gonna worry for nothing. And he won't give you money its no use.
spam,This message is free. Welcome to the new & improved Sex & Dogging club! To unsubscribe from this service reply STOP. msgs@150p 18 only
spam,"Free Msg: get Gnarls Barkleys \Crazy\"" ringtone TOTALLY FREE just reply GO to this message right now!"""
ham,Match started.india <#> for 2
ham,Can you just come in for a sec? There's somebody here I want you to see
spam,You'll not rcv any more msgs from the chat svc. For FREE Hardcore services text GO to: 69988 If u get nothing u must Age Verify with yr network & try again
ham,Are you coming to day for class.
ham,Haha i think i did too
ham,"U wake up already? Wat u doing? U picking us up later rite? I'm taking sq825, reaching ard 7 smth 8 like dat. U can check e arrival time. C ya soon..."
spam,"As a SIM subscriber, you are selected to receive a Bonus! Get it delivered to your door, Txt the word OK to No: 88600 to claim. 150p/msg, EXP. 30Apr"
ham,Okay but i thought you were the expert
ham,So can collect ur laptop?
ham,Tell me again what your address is
ham,"I have 2 sleeping bags, 1 blanket and paper and phone details. Anything else?"
ham,Good morning princess! How are you?
ham,"Sorry light turned green, I meant another friend wanted <#> worth but he may not be around"
ham,Nite nite pocay wocay luv u more than n e thing 4eva I promise ring u 2morrowxxxx
ham,Yup but it's not giving me problems now so mayb i'll jus leave it...
ham,"Hi. Wk been ok - on hols now! Yes on for a bit of a run. Forgot that i have hairdressers appointment at four so need to get home n shower beforehand. Does that cause prob for u?\"" ham"""
ham,"Thanks, I'll keep that in mind"
ham,Hows that watch resizing
ham,"that would be good _ I'll phone you tomo lunchtime, shall I, to organise something?"
ham,Finished class where are you.
ham,Yup... From what i remb... I think should be can book...
ham,Can you talk with me..
ham,Ard 530 lor. I ok then message _ lor.
ham,Dunno leh cant remember mayb lor. So wat time r we meeting tmr?
ham,on hen night. Going with a swing
ham,If i said anything wrong sorry de:-)
ham,:)
ham,But I'm on a diet. And I ate 1 too many slices of pizza yesterday. Ugh I'm ALWAYS on a diet.
ham,I'm still pretty weak today .. Bad day ?
ham,The world's most happiest frnds never have the same characters... Dey just have the best understanding of their differences...
ham,v ma fan...
spam,important information 4 orange user 0789xxxxxxx. today is your lucky day!2find out why log onto http://www.urawinner.com THERE'S A FANTASTIC SURPRISE AWAITING YOU!
ham,"Yeah, we can probably swing by once my roommate finishes up with his girl"
ham,Yar lor actually we quite fast... Cos da ge slow wat... Haha...
ham,In xam hall boy asked girl Tell me the starting term for dis answer I can den manage on my own After lot of hesitation n lookin around silently she said THE! intha ponnungale ipaditan;)
ham,Thanks chikku..:-) gud nyt:-*
spam,Back 2 work 2morro half term over! Can U C me 2nite 4 some sexy passion B4 I have 2 go back? Chat NOW 09099726481 Luv DENA Calls 1/minMobsmoreLKPOBOX177HP51FL
ham,U sure u can't take any sick time?
ham,Auntie huai juan never pick up her phone
ham,Yay can't wait to party together!
ham,"A bit of Ur smile is my hppnss, a drop of Ur tear is my sorrow, a part of Ur heart is my life, a heart like mine wil care for U, forevr as my GOODFRIEND"
ham,We're finally ready fyi
ham,Any chance you might have had with me evaporated as soon as you violated my privacy by stealing my phone number from your employer's paperwork. Not cool at all. Please do not contact me again or I will report you to your supervisor.
ham,I wish things were different. I wonder when i will be able to show you how much i value you. Pls continue the brisk walks no drugs without askin me please and find things to laugh about. I love you dearly.
ham,I anything lor.
ham,Still in the area of the restaurant. Ill try to come back soon
ham,If u laugh really loud.. If u talk spontaneously.. If u dont care what others feel.. U are probably with your dear & best friends.. GOODEVENING Dear..:)
ham,"Aight I'll grab something to eat too, text me when you're back at mu"
ham,hope things went well at 'doctors' ;) reminds me i still need 2go.did u c d little thing i left in the lounge?
ham,Here got ur favorite oyster... N got my favorite sashimi... Ok lar i dun say already... Wait ur stomach start rumbling...
ham,Fine i miss you very much.
ham,"Better than bb. If he wont use it, his wife will or them doctor"
ham,"Babe ! How goes that day ? What are you doing ? Where are you ? I sip my cappuccino and think of you, my love ... I send a kiss to you from across the sea"
ham,Oh oh... Wasted... Den muz chiong on sat n sun liao...
ham,Ok. Me watching tv too.
ham,Sac will score big hundred.he is set batsman:-)
ham,Apart from the one i told you about yesterday?
ham,"Wait, do you know if wesleys in town? I bet she does hella drugs!"
ham,I luv u soo much u don t understand how special u r 2 me ring u 2morrow luv u xxx
ham,Must come later.. I normally bathe him in da afternoon mah..
ham,When you came to hostel.
ham,Are you still playing with gautham?
ham,Ok no problem... Yup i'm going to sch at 4 if i rem correctly...
ham,Small problem in auction:)punj now asking tiwary
spam,"Win the newest Harry Potter and the Order of the Phoenix (Book 5) reply HARRY, answer 5 questions - chance to be the first among readers!"
ham,Yes..he is really great..bhaji told kallis best cricketer after sachin in world:).very tough to get out.
ham,When i have stuff to sell i.ll tell you
ham,"It'll be tough, but I'll do what I have to"
ham,"Goodmorning, today i am late for 1hr."
spam,Not heard from U4 a while. Call 4 rude chat private line 01223585334 to cum. Wan 2C pics of me gettin shagged then text PIX to 8552. 2End send STOP 8552 SAM xxx
ham,1's reach home call me.
ham,"Thank you so much. When we skyped wit kz and sura, we didnt get the pleasure of your company. Hope you are good. We've given you ultimatum oh! We are countin down to aburo. Enjoy! This is the message i sent days ago"
spam,Tone Club: Your subs has now expired 2 re-sub reply MONOC 4 monos or POLYC 4 polys 1 weekly @ 150p per week Txt STOP 2 stop This msg free Stream 0871212025016
ham,Shall i ask one thing if you dont mistake me.
ham,say thanks2.
ham,I havent lei.. Next mon can?
ham,* You gonna ring this weekend or wot?
ham,"I haven't forgotten you, i might have a couple bucks to send you tomorrow, k? I love ya too"
ham,"All done, all handed in. Don't know if mega shop in asda counts as celebration but thats what i'm doing!"
ham,Mystery solved! Just opened my email and he's sent me another batch! Isn't he a sweetie
ham,I am 6 ft. We will be a good combination!
spam,Dear Voucher holder Have your next meal on us. Use the following link on your pc 2 enjoy a 2 4 1 dining experiencehttp://www.vouch4me.com/etlp/dining.asp
ham,Sent me de webadres for geting salary slip
spam,Congratulations ur awarded 500 of CD vouchers or 125gift guaranteed & Free entry 2 100 wkly draw txt MUSIC to 87066 TnCs www.Ldew.com1win150ppmx3age16
ham,Are you sure you don't mean \get here
ham,"By march ending, i should be ready. But will call you for sure. The problem is that my capital never complete. How far with you. How's work and the ladies"
ham,all write or wat..
ham,"I'll see, but prolly yeah"
ham,How much would it cost to hire a hitman
ham,No wonder... Cos i dun rem seeing a silver car... But i thk i saw a black one...
ham,Is there any movie theatre i can go to and watch unlimited movies and just pay once?
ham,S:)s.nervous <#> :)
ham,How much u trying to get?
ham,i am going to bed now prin
ham,Then u better go sleep.. Dun disturb u liao.. U wake up then msg me lor..
ham,K... Must book a not huh? so going for yoga basic on sunday?
ham,"Theoretically yeah, he could be able to come"
ham,"Tunde, how are you doing. This is just wishing you a great day. Abiola."
ham,Cause I'm not freaky lol
ham,Hope this text meets you smiling. If not then let this text give you a reason to smile. Have a beautiful day.
ham,Super msg da:)nalla timing.
ham,"Hello my boytoy ... Geeee I miss you already and I just woke up. I wish you were here in bed with me, cuddling me. I love you ..."
ham,"Lets use it next week, princess :)"
spam,"This is the 2nd time we have tried to contact u. U have won the 400 prize. 2 claim is easy, just call 087104711148 NOW! Only 10p per minute. BT-national-rate"
ham,Well you told others you'd marry them...
ham,Ya had just now.onion roast.
ham,"7 wonders in My WORLD 7th You 6th Ur style 5th Ur smile 4th Ur Personality 3rd Ur Nature 2nd Ur SMS and 1st \Ur Lovely Friendship\""... good morning dear"""
ham,My birthday is on feb <#> da. .
ham,Dude got a haircut. Now its breezy up there
ham,Well done and ! luv ya all
ham,"Hello.How u doing?What u been up 2?When will u b moving out of the flat, cos I will need to arrange to pick up the lamp, etc. Take care. Hello caroline!"
ham,Wat time _ finish?
ham,Carry on not disturbing both of you
ham,Dip's cell dead. So i m coming with him. U better respond else we shall come back.
ham,"Ah, well that confuses things, doesn t it?"
ham,Yes when is the appt again?
ham,Staff of placement training in Amrita college.
ham,"Do you know why god created gap between your fingers..? So that, One who is made for you comes & fills those gaps by holding your hand with LOVE..!"
ham,Anything lor. Juz both of us lor.
spam,FreeMsg: Fancy a flirt? Reply DATE now & join the UKs fastest growing mobile dating service. Msgs rcvd just 25p to optout txt stop to 83021. Reply DATE now!
ham,Yes its possible but dint try. Pls dont tell to any one k
ham,"Please protect yourself from e-threats. SIB never asks for sensitive information like Passwords,ATM/SMS PIN thru email. Never share your password with anybody."
ham,hanks lotsly!
ham,eatin later but i'm eatin wif my frens now lei... going home first?
ham,Dai i downloaded but there is only exe file which i can only run that exe after installing.
ham,Dun need to use dial up juz open da browser n surf...
ham,No de. But call me after some time. Ill tell you k
ham,"And stop wondering \wow is she ever going to stop tm'ing me ?!\"" because I will tm you whenever I want because you are MINE ... *laughs*"""
spam,500 free text msgs. Just text ok to 80488 and we'll credit your account
ham,We can go 4 e normal pilates after our intro...
ham,Am I the only one who doesn't stalk profiles?
spam,Do you want a New Nokia 3510i Colour Phone Delivered Tomorrow? With 200 FREE minutes to any mobile + 100 FREE text + FREE camcorder Reply or Call 8000930705
ham,"Yeah work is fine, started last week, all the same stuff as before, dull but easy and guys are fun!"
ham,Lol. Well quality aint bad at all so i aint complaining
ham,I wish u were here. I feel so alone
ham,Cuz ibored. And don wanna study
spam,Get a FREE mobile video player FREE movie. To collect text GO to 89105. Its free! Extra films can be ordered t's and c's apply. 18 yrs only
ham,Thanks a lot for your wishes on my birthday. Thanks you for making my birthday truly memorable.
ham,"I love you !!! You know? Can you feel it? Does it make your belly warm? I wish it does, my love ... I shall meet you in your dreams, Ahmad ... *adoring kiss*"
ham,Lol grr my mom is taking forever with my prescription. Pharmacy is like 2 minutes away. Ugh.
ham,"Nah, Wednesday. When should I bring the mini cheetos bag over?"
ham,"Hi hope u get this txt~journey hasnt been gd,now about 50 mins late I think."
ham,Now i'm going for lunch.
spam,We currently have a message awaiting your collection. To collect your message just call 08718723815.
ham,"Not sure yet, still trying to get a hold of him"
ham,"Sure thing big man. i have hockey elections at 6, shouldn t go on longer than an hour though"
ham,ARR birthday today:) i wish him to get more oscar.
ham,Hasn't that been the pattern recently crap weekends?
